state,abbreviation,name,price,date
Alabama,AL,Autauga,$4.000,2026-09-19
Alabama,AL,Baldwin,$3.986,2026-09-19
Alabama,AL,Barbour,$4.045,2026-09-19
Alabama,AL,Bibb,$4.052,2026-09-19
Alabama,AL,Blount,$4.001,2026-09-19
Alabama,AL,Bullock,$4.082,2026-09-19
Alabama,AL,Butler,$4.056,2026-09-19
Alabama,AL,Calhoun,$3.960,2026-09-19
Alabama,AL,Chambers,$3.999,2026-09-19
Alabama,AL,Cherokee,$4.047,2026-09-19
Alabama,AL,Chilton,$4.049,2026-09-19
Alabama,AL,Choctaw,$4.197,2026-09-19
Alabama,AL,Clarke,$4.089,2026-09-19
Alabama,AL,Clay,$4.016,2026-09-19
Alabama,AL,Cleburne,$4.042,2026-09-19
Alabama,AL,Coffee,$4.013,2026-09-19
Alabama,AL,Colbert,$3.992,2026-09-19
Alabama,AL,Conecuh,$4.083,2026-09-19
Alabama,AL,Coosa,$4.111,2026-09-19
Alabama,AL,Covington,$4.060,2026-09-19
Alabama,AL,Crenshaw,$4.028,2026-09-19
Alabama,AL,Cullman,$4.008,2026-09-19
Alabama,AL,Dale,$4.004,2026-09-19
Alabama,AL,Dallas,$4.073,2026-09-19
Alabama,AL,De Kalb,$4.028,2026-09-19
Alabama,AL,Elmore,$4.003,2026-09-19
Alabama,AL,Escambia,$4.069,2026-09-19
Alabama,AL,Etowah,$3.978,2026-09-19
Alabama,AL,Fayette,$4.179,2026-09-19
Alabama,AL,Franklin,$4.019,2026-09-19
Alabama,AL,Geneva,$4.030,2026-09-19
Alabama,AL,Greene,$4.240,2026-09-19
Alabama,AL,Hale,$4.053,2026-09-19
Alabama,AL,Henry,$4.004,2026-09-19
Alabama,AL,Houston,$4.012,2026-09-19
Alabama,AL,Jackson,$4.069,2026-09-19
Alabama,AL,Jefferson,$4.003,2026-09-19
Alabama,AL,Lamar,$4.149,2026-09-19
Alabama,AL,Lauderdale,$4.024,2026-09-19
Alabama,AL,Lawrence,$4.015,2026-09-19
Alabama,AL,Lee,$3.998,2026-09-19
Alabama,AL,Limestone,$4.015,2026-09-19
Alabama,AL,Lowndes,$4.039,2026-09-19
Alabama,AL,Macon,$4.137,2026-09-19
Alabama,AL,Madison,$3.997,2026-09-19
Alabama,AL,Marengo,$4.042,2026-09-19
Alabama,AL,Marion,$4.098,2026-09-19
Alabama,AL,Marshall,$3.974,2026-09-19
Alabama,AL,Mobile,$4.000,2026-09-19
Alabama,AL,Monroe,$4.048,2026-09-19
Alabama,AL,Montgomery,$4.033,2026-09-19
Alabama,AL,Morgan,$3.990,2026-09-19
Alabama,AL,Perry,$4.232,2026-09-19
Alabama,AL,Pickens,$4.085,2026-09-19
Alabama,AL,Pike,$4.072,2026-09-19
Alabama,AL,Randolph,$4.103,2026-09-19
Alabama,AL,Russell,$4.058,2026-09-19
Alabama,AL,Shelby,$4.000,2026-09-19
Alabama,AL,Saint Clair,$3.993,2026-09-19
Alabama,AL,Sumter,$4.148,2026-09-19
Alabama,AL,Talladega,$3.991,2026-09-19
Alabama,AL,Tallapoosa,$4.019,2026-09-19
Alabama,AL,Tuscaloosa,$3.986,2026-09-19
Alabama,AL,Walker,$3.978,2026-09-19
Alabama,AL,Washington,$4.115,2026-09-19
Alabama,AL,Wilcox,$4.274,2026-09-19
Alabama,AL,Winston,$4.074,2026-09-19
Alaska,AK,Aleutians East,,2026-09-19
Alaska,AK,Aleutians West,,2026-09-19
Alaska,AK,Anchorage,$5.050,2026-09-19
Alaska,AK,Bethel,,2026-09-19
Alaska,AK,Bristol Bay,,2026-09-19
Alaska,AK,Denali,$5.259,2026-09-19
Alaska,AK,Dillingham,,2026-09-19
Alaska,AK,Fairbanks North Star,$5.048,2026-09-19
Alaska,AK,Haines,$5.679,2026-09-19
Alaska,AK,Juneau,$4.643,2026-09-19
Alaska,AK,Kenai Peninsula,$5.119,2026-09-19
Alaska,AK,Ketchikan Gateway,$4.591,2026-09-19
Alaska,AK,Kodiak Island,$5.529,2026-09-19
Alaska,AK,Matanuska Susitna,$4.955,2026-09-19
Alaska,AK,Nome,,2026-09-19
Alaska,AK,North Slope,$5.399,2026-09-19
Alaska,AK,Northwest Arctic,,2026-09-19
Alaska,AK,Lake and Peninsula,,2026-09-19
Alaska,AK,Prince Wales Ketchikan,$5.944,2026-09-19
Alaska,AK,Sitka,$4.746,2026-09-19
Alaska,AK,Skagway Hoonah Angoon,,2026-09-19
Alaska,AK,Southeast Fairbanks,$5.159,2026-09-19
Alaska,AK,Valdez Cordova,$5.477,2026-09-19
Alaska,AK,Wade Hampton,,2026-09-19
Alaska,AK,Wrangell Petersburg,$5.269,2026-09-19
Alaska,AK,Yakutat,,2026-09-19
Alaska,AK,Yukon Koyukuk,$5.369,2026-09-19
Arizona,AZ,Apache,$4.775,2026-09-19
Arizona,AZ,Cochise,$4.375,2026-09-19
Arizona,AZ,Coconino,$4.789,2026-09-19
Arizona,AZ,Gila,$4.483,2026-09-19
Arizona,AZ,Graham,$4.702,2026-09-19
Arizona,AZ,Greenlee,$4.529,2026-09-19
Arizona,AZ,La Paz,$4.632,2026-09-19
Arizona,AZ,Maricopa,$4.720,2026-09-19
Arizona,AZ,Mohave,$4.783,2026-09-19
Arizona,AZ,Navajo,$4.585,2026-09-19
Arizona,AZ,Pima,$4.473,2026-09-19
Arizona,AZ,Pinal,$4.550,2026-09-19
Arizona,AZ,Santa Cruz,$4.607,2026-09-19
Arizona,AZ,Yavapai,$4.710,2026-09-19
Arizona,AZ,Yuma,$4.683,2026-09-19
Arkansas,AR,Arkansas,$4.043,2026-09-19
Arkansas,AR,Ashley,$4.042,2026-09-19
Arkansas,AR,Baxter,$4.182,2026-09-19
Arkansas,AR,Benton,$4.201,2026-09-19
Arkansas,AR,Boone,$4.231,2026-09-19
Arkansas,AR,Bradley,$3.969,2026-09-19
Arkansas,AR,Calhoun,$4.099,2026-09-19
Arkansas,AR,Carroll,$4.057,2026-09-19
Arkansas,AR,Chicot,$3.959,2026-09-19
Arkansas,AR,Clark,$4.066,2026-09-19
Arkansas,AR,Clay,$4.176,2026-09-19
Arkansas,AR,Cleburne,$4.090,2026-09-19
Arkansas,AR,Cleveland,$4.049,2026-09-19
Arkansas,AR,Columbia,$4.183,2026-09-19
Arkansas,AR,Conway,$4.062,2026-09-19
Arkansas,AR,Craighead,$4.031,2026-09-19
Arkansas,AR,Crawford,$4.201,2026-09-19
Arkansas,AR,Crittenden,$4.075,2026-09-19
Arkansas,AR,Cross,$4.171,2026-09-19
Arkansas,AR,Dallas,$3.955,2026-09-19
Arkansas,AR,Desha,$4.132,2026-09-19
Arkansas,AR,Drew,$4.164,2026-09-19
Arkansas,AR,Faulkner,$4.080,2026-09-19
Arkansas,AR,Franklin,$4.123,2026-09-19
Arkansas,AR,Fulton,$4.161,2026-09-19
Arkansas,AR,Garland,$4.007,2026-09-19
Arkansas,AR,Grant,$4.069,2026-09-19
Arkansas,AR,Greene,$3.957,2026-09-19
Arkansas,AR,Hempstead,$4.137,2026-09-19
Arkansas,AR,Hot Spring,$3.987,2026-09-19
Arkansas,AR,Howard,$4.170,2026-09-19
Arkansas,AR,Independence,$4.080,2026-09-19
Arkansas,AR,Izard,$4.127,2026-09-19
Arkansas,AR,Jackson,$4.138,2026-09-19
Arkansas,AR,Jefferson,$3.985,2026-09-19
Arkansas,AR,Johnson,$4.202,2026-09-19
Arkansas,AR,Lafayette,$4.179,2026-09-19
Arkansas,AR,Lawrence,$4.154,2026-09-19
Arkansas,AR,Lee,$4.199,2026-09-19
Arkansas,AR,Lincoln,$4.049,2026-09-19
Arkansas,AR,Little River,$4.074,2026-09-19
Arkansas,AR,Logan,$4.189,2026-09-19
Arkansas,AR,Lonoke,$4.020,2026-09-19
Arkansas,AR,Madison,$4.146,2026-09-19
Arkansas,AR,Marion,$4.154,2026-09-19
Arkansas,AR,Miller,$4.054,2026-09-19
Arkansas,AR,Mississippi,$4.045,2026-09-19
Arkansas,AR,Monroe,$4.039,2026-09-19
Arkansas,AR,Montgomery,$4.334,2026-09-19
Arkansas,AR,Nevada,$4.013,2026-09-19
Arkansas,AR,Newton,$4.174,2026-09-19
Arkansas,AR,Ouachita,$4.108,2026-09-19
Arkansas,AR,Perry,$4.077,2026-09-19
Arkansas,AR,Phillips,$4.169,2026-09-19
Arkansas,AR,Pike,$4.079,2026-09-19
Arkansas,AR,Poinsett,$4.083,2026-09-19
Arkansas,AR,Polk,$4.108,2026-09-19
Arkansas,AR,Pope,$4.119,2026-09-19
Arkansas,AR,Prairie,$3.960,2026-09-19
Arkansas,AR,Pulaski,$4.013,2026-09-19
Arkansas,AR,Randolph,$4.183,2026-09-19
Arkansas,AR,Saline,$4.025,2026-09-19
Arkansas,AR,Scott,$4.066,2026-09-19
Arkansas,AR,Searcy,$4.189,2026-09-19
Arkansas,AR,Sebastian,$4.118,2026-09-19
Arkansas,AR,Sevier,$4.225,2026-09-19
Arkansas,AR,Sharp,$3.985,2026-09-19
Arkansas,AR,Saint Francis,$4.081,2026-09-19
Arkansas,AR,Stone,$4.244,2026-09-19
Arkansas,AR,Union,$4.129,2026-09-19
Arkansas,AR,Van Buren,$4.039,2026-09-19
Arkansas,AR,Washington,$4.210,2026-09-19
Arkansas,AR,White,$3.978,2026-09-19
Arkansas,AR,Woodruff,$4.074,2026-09-19
Arkansas,AR,Yell,$4.110,2026-09-19
California,CA,Alameda,$6.228,2026-09-19
California,CA,Alpine,,2026-09-19
California,CA,Amador,$5.993,2026-09-19
California,CA,Butte,$5.913,2026-09-19
California,CA,Calaveras,$6.073,2026-09-19
California,CA,Colusa,$6.085,2026-09-19
California,CA,Contra Costa,$6.172,2026-09-19
California,CA,Del Norte,$6.108,2026-09-19
California,CA,El Dorado,$6.135,2026-09-19
California,CA,Fresno,$6.142,2026-09-19
California,CA,Glenn,$6.093,2026-09-19
California,CA,Humboldt,$6.581,2026-09-19
California,CA,Imperial,$5.908,2026-09-19
California,CA,Inyo,$6.369,2026-09-19
California,CA,Kern,$6.072,2026-09-19
California,CA,Kings,$6.087,2026-09-19
California,CA,Lake,$6.160,2026-09-19
California,CA,Lassen,$5.944,2026-09-19
California,CA,Los Angeles,$6.187,2026-09-19
California,CA,Madera,$6.153,2026-09-19
California,CA,Marin,$6.336,2026-09-19
California,CA,Mariposa,$6.339,2026-09-19
California,CA,Mendocino,$6.080,2026-09-19
California,CA,Merced,$6.017,2026-09-19
California,CA,Modoc,$6.139,2026-09-19
California,CA,Mono,$7.055,2026-09-19
California,CA,Monterey,$6.312,2026-09-19
California,CA,Napa,$6.287,2026-09-19
California,CA,Nevada,$6.345,2026-09-19
California,CA,Orange,$6.163,2026-09-19
California,CA,Placer,$6.166,2026-09-19
California,CA,Plumas,$6.058,2026-09-19
California,CA,Riverside,$6.076,2026-09-19
California,CA,Sacramento,$6.015,2026-09-19
California,CA,San Benito,$6.169,2026-09-19
California,CA,San Bernardino,$6.064,2026-09-19
California,CA,San Diego,$6.204,2026-09-19
California,CA,San Francisco,$6.262,2026-09-19
California,CA,San Joaquin,$5.991,2026-09-19
California,CA,San Luis Obispo,$6.344,2026-09-19
California,CA,San Mateo,$6.332,2026-09-19
California,CA,Santa Barbara,$6.174,2026-09-19
California,CA,Santa Clara,$6.131,2026-09-19
California,CA,Santa Cruz,$6.119,2026-09-19
California,CA,Shasta,$5.902,2026-09-19
California,CA,Sierra,$6.324,2026-09-19
California,CA,Siskiyou,$6.298,2026-09-19
California,CA,Solano,$6.092,2026-09-19
California,CA,Sonoma,$6.374,2026-09-19
California,CA,Stanislaus,$5.917,2026-09-19
California,CA,Sutter,$5.821,2026-09-19
California,CA,Tehama,$5.875,2026-09-19
California,CA,Trinity,$6.106,2026-09-19
California,CA,Tulare,$6.116,2026-09-19
California,CA,Tuolumne,$6.018,2026-09-19
California,CA,Ventura,$6.113,2026-09-19
California,CA,Yolo,$6.067,2026-09-19
California,CA,Yuba,$5.848,2026-09-19
Colorado,CO,Adams,$4.241,2026-09-19
Colorado,CO,Alamosa,$4.351,2026-09-19
Colorado,CO,Arapahoe,$4.266,2026-09-19
Colorado,CO,Archuleta,$4.671,2026-09-19
Colorado,CO,Baca,$4.136,2026-09-19
Colorado,CO,Bent,$4.092,2026-09-19
Colorado,CO,Boulder,$4.415,2026-09-19
Colorado,CO,Broomfield,$4.317,2026-09-19
Colorado,CO,Chaffee,$4.520,2026-09-19
Colorado,CO,Cheyenne,$4.152,2026-09-19
Colorado,CO,Clear Creek,$4.575,2026-09-19
Colorado,CO,Conejos,$4.299,2026-09-19
Colorado,CO,Costilla,$4.444,2026-09-19
Colorado,CO,Crowley,$4.099,2026-09-19
Colorado,CO,Custer,$4.299,2026-09-19
Colorado,CO,Delta,$4.418,2026-09-19
Colorado,CO,Denver,$4.328,2026-09-19
Colorado,CO,Dolores,$4.746,2026-09-19
Colorado,CO,Douglas,$4.338,2026-09-19
Colorado,CO,Eagle,$4.796,2026-09-19
Colorado,CO,El Paso,$4.284,2026-09-19
Colorado,CO,Elbert,$4.417,2026-09-19
Colorado,CO,Fremont,$4.231,2026-09-19
Colorado,CO,Garfield,$4.802,2026-09-19
Colorado,CO,Gilpin,$4.499,2026-09-19
Colorado,CO,Grand,$4.657,2026-09-19
Colorado,CO,Gunnison,$4.514,2026-09-19
Colorado,CO,Hinsdale,$5.509,2026-09-19
Colorado,CO,Huerfano,$4.271,2026-09-19
Colorado,CO,Jackson,$4.899,2026-09-19
Colorado,CO,Jefferson,$4.300,2026-09-19
Colorado,CO,Kiowa,$4.037,2026-09-19
Colorado,CO,Kit Carson,$4.202,2026-09-19
Colorado,CO,La Plata,$4.781,2026-09-19
Colorado,CO,Lake,$4.607,2026-09-19
Colorado,CO,Larimer,$4.349,2026-09-19
Colorado,CO,Las Animas,$4.259,2026-09-19
Colorado,CO,Lincoln,$4.117,2026-09-19
Colorado,CO,Logan,$4.535,2026-09-19
Colorado,CO,Mesa,$4.442,2026-09-19
Colorado,CO,Mineral,$4.799,2026-09-19
Colorado,CO,Moffat,$4.676,2026-09-19
Colorado,CO,Montezuma,$4.428,2026-09-19
Colorado,CO,Montrose,$4.622,2026-09-19
Colorado,CO,Morgan,$4.324,2026-09-19
Colorado,CO,Otero,$4.177,2026-09-19
Colorado,CO,Ouray,$4.992,2026-09-19
Colorado,CO,Park,$4.529,2026-09-19
Colorado,CO,Phillips,$5.056,2026-09-19
Colorado,CO,Pitkin,$5.743,2026-09-19
Colorado,CO,Prowers,$4.147,2026-09-19
Colorado,CO,Pueblo,$4.156,2026-09-19
Colorado,CO,Rio Blanco,$4.695,2026-09-19
Colorado,CO,Rio Grande,$4.413,2026-09-19
Colorado,CO,Routt,$4.915,2026-09-19
Colorado,CO,Saguache,$4.599,2026-09-19
Colorado,CO,San Juan,$4.999,2026-09-19
Colorado,CO,San Miguel,$5.149,2026-09-19
Colorado,CO,Sedgwick,$5.099,2026-09-19
Colorado,CO,Summit,$4.648,2026-09-19
Colorado,CO,Teller,$4.411,2026-09-19
Colorado,CO,Washington,$4.401,2026-09-19
Colorado,CO,Weld,$4.259,2026-09-19
Colorado,CO,Yuma,$4.402,2026-09-19
Connecticut,CT,Fairfield,$4.581,2026-09-19
Connecticut,CT,Hartford,$4.490,2026-09-19
Connecticut,CT,Litchfield,$4.504,2026-09-19
Connecticut,CT,Middlesex,$4.459,2026-09-19
Connecticut,CT,New Haven,$4.471,2026-09-19
Connecticut,CT,New London,$4.494,2026-09-19
Connecticut,CT,Tolland,$4.463,2026-09-19
Connecticut,CT,Windham,$4.522,2026-09-19
Delaware,DE,Kent,$4.376,2026-09-19
Delaware,DE,New castle,$4.359,2026-09-19
Delaware,DE,Sussex,$4.375,2026-09-19
Florida,FL,Alachua,$4.391,2026-09-19
Florida,FL,Baker,$4.196,2026-09-19
Florida,FL,Bay,$4.039,2026-09-19
Florida,FL,Bradford,$4.351,2026-09-19
Florida,FL,Brevard,$4.339,2026-09-19
Florida,FL,Broward,$4.364,2026-09-19
Florida,FL,Calhoun,$4.287,2026-09-19
Florida,FL,Charlotte,$4.318,2026-09-19
Florida,FL,Citrus,$4.385,2026-09-19
Florida,FL,Clay,$4.278,2026-09-19
Florida,FL,Collier,$4.388,2026-09-19
Florida,FL,Columbia,$4.301,2026-09-19
Florida,FL,De Soto,$4.288,2026-09-19
Florida,FL,Dixie,$4.306,2026-09-19
Florida,FL,Duval,$4.344,2026-09-19
Florida,FL,Escambia,$4.044,2026-09-19
Florida,FL,Flagler,$4.363,2026-09-19
Florida,FL,Franklin,$4.098,2026-09-19
Florida,FL,Gadsden,$4.180,2026-09-19
Florida,FL,Gilchrist,$4.318,2026-09-19
Florida,FL,Glades,$4.284,2026-09-19
Florida,FL,Gulf,$4.055,2026-09-19
Florida,FL,Hamilton,$4.145,2026-09-19
Florida,FL,Hardee,$4.379,2026-09-19
Florida,FL,Hendry,$4.382,2026-09-19
Florida,FL,Hernando,$4.342,2026-09-19
Florida,FL,Highlands,$4.341,2026-09-19
Florida,FL,Hillsborough,$4.359,2026-09-19
Florida,FL,Holmes,$4.142,2026-09-19
Florida,FL,Indian River,$4.353,2026-09-19
Florida,FL,Jackson,$4.097,2026-09-19
Florida,FL,Jefferson,$4.248,2026-09-19
Florida,FL,Lafayette,$4.399,2026-09-19
Florida,FL,Lake,$4.328,2026-09-19
Florida,FL,Lee,$4.332,2026-09-19
Florida,FL,Leon,$4.036,2026-09-19
Florida,FL,Levy,$4.369,2026-09-19
Florida,FL,Liberty,$4.279,2026-09-19
Florida,FL,Madison,$4.224,2026-09-19
Florida,FL,Manatee,$4.315,2026-09-19
Florida,FL,Marion,$4.373,2026-09-19
Florida,FL,Martin,$4.332,2026-09-19
Florida,FL,Miami Dade,$4.274,2026-09-19
Florida,FL,Monroe,$4.565,2026-09-19
Florida,FL,Nassau,$4.373,2026-09-19
Florida,FL,Okaloosa,$4.063,2026-09-19
Florida,FL,Okeechobee,$4.333,2026-09-19
Florida,FL,Orange,$4.338,2026-09-19
Florida,FL,Osceola,$4.339,2026-09-19
Florida,FL,Palm Beach,$4.460,2026-09-19
Florida,FL,Pasco,$4.334,2026-09-19
Florida,FL,Pinellas,$4.357,2026-09-19
Florida,FL,Polk,$4.332,2026-09-19
Florida,FL,Putnam,$4.291,2026-09-19
Florida,FL,Santa Rosa,$4.093,2026-09-19
Florida,FL,Sarasota,$4.337,2026-09-19
Florida,FL,Seminole,$4.315,2026-09-19
Florida,FL,Saint Johns,$4.348,2026-09-19
Florida,FL,Saint Lucie,$4.371,2026-09-19
Florida,FL,Sumter,$4.321,2026-09-19
Florida,FL,Suwannee,$4.337,2026-09-19
Florida,FL,Taylor,$4.256,2026-09-19
Florida,FL,Union,$4.405,2026-09-19
Florida,FL,Volusia,$4.349,2026-09-19
Florida,FL,Wakulla,$4.064,2026-09-19
Florida,FL,Walton,$4.070,2026-09-19
Florida,FL,Washington,$4.114,2026-09-19
Georgia,GA,Appling,$4.138,2026-09-19
Georgia,GA,Atkinson,$4.174,2026-09-19
Georgia,GA,Bacon,$4.195,2026-09-19
Georgia,GA,Bibb,$4.129,2026-09-19
Georgia,GA,Bulloch,$4.143,2026-09-19
Georgia,GA,Baldwin,$4.130,2026-09-19
Georgia,GA,Brantley,$4.207,2026-09-19
Georgia,GA,Ben Hill,$4.181,2026-09-19
Georgia,GA,Berrien,$4.204,2026-09-19
Georgia,GA,Baker,$4.024,2026-09-19
Georgia,GA,Bleckley,$4.235,2026-09-19
Georgia,GA,Banks,$4.046,2026-09-19
Georgia,GA,Brooks,$4.149,2026-09-19
Georgia,GA,Bryan,$4.248,2026-09-19
Georgia,GA,Butts,$4.067,2026-09-19
Georgia,GA,Bartow,$3.999,2026-09-19
Georgia,GA,Burke,$4.185,2026-09-19
Georgia,GA,Barrow,$4.077,2026-09-19
Georgia,GA,Chatham,$4.176,2026-09-19
Georgia,GA,Cobb,$4.032,2026-09-19
Georgia,GA,Chattahoochee,$4.166,2026-09-19
Georgia,GA,Crawford,$4.199,2026-09-19
Georgia,GA,Cherokee,$4.043,2026-09-19
Georgia,GA,Coffee,$4.130,2026-09-19
Georgia,GA,Chattooga,$4.129,2026-09-19
Georgia,GA,Charlton,$4.160,2026-09-19
Georgia,GA,Clinch,$4.271,2026-09-19
Georgia,GA,Clarke,$4.046,2026-09-19
Georgia,GA,Calhoun,$4.399,2026-09-19
Georgia,GA,Camden,$4.167,2026-09-19
Georgia,GA,Candler,$4.237,2026-09-19
Georgia,GA,Cook,$4.106,2026-09-19
Georgia,GA,Crisp,$4.039,2026-09-19
Georgia,GA,Colquitt,$4.194,2026-09-19
Georgia,GA,Carroll,$4.068,2026-09-19
Georgia,GA,Catoosa,$4.019,2026-09-19
Georgia,GA,Clayton,$4.036,2026-09-19
Georgia,GA,Columbia,$4.106,2026-09-19
Georgia,GA,Coweta,$4.072,2026-09-19
Georgia,GA,Clay,$4.399,2026-09-19
Georgia,GA,Dade,$4.131,2026-09-19
Georgia,GA,Decatur,$4.109,2026-09-19
Georgia,GA,Douglas,$4.061,2026-09-19
Georgia,GA,DeKalb,$4.086,2026-09-19
Georgia,GA,Dooly,$4.152,2026-09-19
Georgia,GA,Dodge,$4.185,2026-09-19
Georgia,GA,Dougherty,$4.105,2026-09-19
Georgia,GA,Dawson,$4.078,2026-09-19
Georgia,GA,Early,$4.279,2026-09-19
Georgia,GA,Echols,$4.099,2026-09-19
Georgia,GA,Effingham,$4.130,2026-09-19
Georgia,GA,Elbert,$4.081,2026-09-19
Georgia,GA,Emanuel,$4.334,2026-09-19
Georgia,GA,Evans,$4.238,2026-09-19
Georgia,GA,Fannin,$4.072,2026-09-19
Georgia,GA,Floyd,$4.060,2026-09-19
Georgia,GA,Forsyth,$4.044,2026-09-19
Georgia,GA,Franklin,$4.085,2026-09-19
Georgia,GA,Fulton,$4.192,2026-09-19
Georgia,GA,Fayette,$4.074,2026-09-19
Georgia,GA,Greene,$4.119,2026-09-19
Georgia,GA,Gilmer,$4.111,2026-09-19
Georgia,GA,Glascock,$4.199,2026-09-19
Georgia,GA,Gordon,$4.131,2026-09-19
Georgia,GA,Grady,$4.262,2026-09-19
Georgia,GA,Gwinnett,$4.045,2026-09-19
Georgia,GA,Glynn,$4.109,2026-09-19
Georgia,GA,Habersham,$4.051,2026-09-19
Georgia,GA,Heard,$4.182,2026-09-19
Georgia,GA,Harris,$4.174,2026-09-19
Georgia,GA,Hall,$4.042,2026-09-19
Georgia,GA,Hancock,$4.199,2026-09-19
Georgia,GA,Houston,$4.038,2026-09-19
Georgia,GA,Haralson,$4.023,2026-09-19
Georgia,GA,Hart,$4.030,2026-09-19
Georgia,GA,Henry,$4.033,2026-09-19
Georgia,GA,Irwin,$4.236,2026-09-19
Georgia,GA,Jackson,$4.003,2026-09-19
Georgia,GA,Jeff Davis,$4.048,2026-09-19
Georgia,GA,Jefferson,$4.192,2026-09-19
Georgia,GA,Jenkins,$4.141,2026-09-19
Georgia,GA,Jones,$4.044,2026-09-19
Georgia,GA,Johnson,$4.099,2026-09-19
Georgia,GA,Jasper,$4.096,2026-09-19
Georgia,GA,Lamar,$4.232,2026-09-19
Georgia,GA,Lincoln,$4.149,2026-09-19
Georgia,GA,Lee,$4.071,2026-09-19
Georgia,GA,Liberty,$4.145,2026-09-19
Georgia,GA,Lanier,$4.224,2026-09-19
Georgia,GA,Long,$4.113,2026-09-19
Georgia,GA,Lumpkin,$4.168,2026-09-19
Georgia,GA,Laurens,$4.029,2026-09-19
Georgia,GA,Lowndes,$3.991,2026-09-19
Georgia,GA,Macon,$4.149,2026-09-19
Georgia,GA,Mcduffie,$4.073,2026-09-19
Georgia,GA,Madison,$4.025,2026-09-19
Georgia,GA,Meriwether,$4.139,2026-09-19
Georgia,GA,Montgomery,$4.159,2026-09-19
Georgia,GA,Mcintosh,$4.136,2026-09-19
Georgia,GA,Miller,$4.211,2026-09-19
Georgia,GA,Morgan,$3.964,2026-09-19
Georgia,GA,Monroe,$4.153,2026-09-19
Georgia,GA,Marion,$4.199,2026-09-19
Georgia,GA,Muscogee,$4.087,2026-09-19
Georgia,GA,Mitchell,$4.197,2026-09-19
Georgia,GA,Murray,$4.196,2026-09-19
Georgia,GA,Newton,$4.062,2026-09-19
Georgia,GA,Oconee,$4.037,2026-09-19
Georgia,GA,Oglethorpe,$4.061,2026-09-19
Georgia,GA,Peach,$4.023,2026-09-19
Georgia,GA,Pickens,$3.983,2026-09-19
Georgia,GA,Paulding,$4.026,2026-09-19
Georgia,GA,Pierce,$4.248,2026-09-19
Georgia,GA,Pike,$4.016,2026-09-19
Georgia,GA,Pulaski,$4.145,2026-09-19
Georgia,GA,Polk,$4.056,2026-09-19
Georgia,GA,Putnam,$4.116,2026-09-19
Georgia,GA,Quitman,$4.036,2026-09-19
Georgia,GA,Randolph,$4.124,2026-09-19
Georgia,GA,Rabun,$3.943,2026-09-19
Georgia,GA,Richmond,$4.191,2026-09-19
Georgia,GA,Rockdale,$4.033,2026-09-19
Georgia,GA,Schley,$4.049,2026-09-19
Georgia,GA,Stephens,$3.949,2026-09-19
Georgia,GA,Seminole,$4.259,2026-09-19
Georgia,GA,Spalding,$4.108,2026-09-19
Georgia,GA,Screven,$4.178,2026-09-19
Georgia,GA,Stewart,$4.179,2026-09-19
Georgia,GA,Sumter,$4.040,2026-09-19
Georgia,GA,Taliaferro,$4.249,2026-09-19
Georgia,GA,Talbot,$4.287,2026-09-19
Georgia,GA,Treutlen,$4.132,2026-09-19
Georgia,GA,Telfair,$4.109,2026-09-19
Georgia,GA,Thomas,$4.282,2026-09-19
Georgia,GA,Tift,$4.113,2026-09-19
Georgia,GA,Terrell,$4.096,2026-09-19
Georgia,GA,Toombs,$4.172,2026-09-19
Georgia,GA,Towns,$4.084,2026-09-19
Georgia,GA,Troup,$4.073,2026-09-19
Georgia,GA,Tattnall,$4.183,2026-09-19
Georgia,GA,Turner,$4.153,2026-09-19
Georgia,GA,Twiggs,$4.329,2026-09-19
Georgia,GA,Taylor,$4.233,2026-09-19
Georgia,GA,Union,$4.056,2026-09-19
Georgia,GA,Upson,$4.110,2026-09-19
Georgia,GA,Ware,$4.126,2026-09-19
Georgia,GA,Wilcox,$4.192,2026-09-19
Georgia,GA,Wheeler,$4.115,2026-09-19
Georgia,GA,Washington,$4.046,2026-09-19
Georgia,GA,Whitfield,$4.084,2026-09-19
Georgia,GA,Wilkinson,$4.172,2026-09-19
Georgia,GA,Walker,$4.162,2026-09-19
Georgia,GA,Wilkes,$4.085,2026-09-19
Georgia,GA,Walton,$4.057,2026-09-19
Georgia,GA,Worth,$4.106,2026-09-19
Georgia,GA,Warren,$4.499,2026-09-19
Georgia,GA,Webster,$4.179,2026-09-19
Georgia,GA,White,$4.140,2026-09-19
Georgia,GA,Wayne,$4.150,2026-09-19
Hawaii,HI,Hawaii,$5.625,2026-09-19
Hawaii,HI,Honolulu,$5.465,2026-09-19
Hawaii,HI,Kalawao,,2026-09-19
Hawaii,HI,Kauai,$5.752,2026-09-19
Hawaii,HI,Maui,$5.575,2026-09-19
Idaho,ID,Ada,$4.853,2026-09-19
Idaho,ID,Adams,$5.014,2026-09-19
Idaho,ID,Bannock,$4.865,2026-09-19
Idaho,ID,Bear Lake,$5.021,2026-09-19
Idaho,ID,Benewah,$4.782,2026-09-19
Idaho,ID,Bingham,$4.903,2026-09-19
Idaho,ID,Blaine,$5.134,2026-09-19
Idaho,ID,Boise,$5.222,2026-09-19
Idaho,ID,Bonner,$4.753,2026-09-19
Idaho,ID,Bonneville,$4.835,2026-09-19
Idaho,ID,Boundary,$4.749,2026-09-19
Idaho,ID,Butte,$5.149,2026-09-19
Idaho,ID,Camas,$5.349,2026-09-19
Idaho,ID,Canyon,$4.833,2026-09-19
Idaho,ID,Caribou,$4.971,2026-09-19
Idaho,ID,Cassia,$4.946,2026-09-19
Idaho,ID,Clark,$5.599,2026-09-19
Idaho,ID,Clearwater,$4.799,2026-09-19
Idaho,ID,Custer,$5.129,2026-09-19
Idaho,ID,Elmore,$4.922,2026-09-19
Idaho,ID,Franklin,$4.800,2026-09-19
Idaho,ID,Fremont,$5.189,2026-09-19
Idaho,ID,Gem,$4.898,2026-09-19
Idaho,ID,Gooding,$5.002,2026-09-19
Idaho,ID,Idaho,$4.814,2026-09-19
Idaho,ID,Jefferson,$4.855,2026-09-19
Idaho,ID,Jerome,$4.910,2026-09-19
Idaho,ID,Kootenai,$4.656,2026-09-19
Idaho,ID,Latah,$4.771,2026-09-19
Idaho,ID,Lemhi,$4.900,2026-09-19
Idaho,ID,Lewis,$4.755,2026-09-19
Idaho,ID,Lincoln,$4.894,2026-09-19
Idaho,ID,Madison,$4.805,2026-09-19
Idaho,ID,Minidoka,$4.834,2026-09-19
Idaho,ID,Nez perce,$4.638,2026-09-19
Idaho,ID,Oneida,$4.883,2026-09-19
Idaho,ID,Owyhee,$4.865,2026-09-19
Idaho,ID,Payette,$4.984,2026-09-19
Idaho,ID,Power,$4.936,2026-09-19
Idaho,ID,Shoshone,$4.986,2026-09-19
Idaho,ID,Teton,$5.063,2026-09-19
Idaho,ID,Twin falls,$4.949,2026-09-19
Idaho,ID,Valley,$5.151,2026-09-19
Idaho,ID,Washington,$5.029,2026-09-19
Illinois,IL,Adams,$4.788,2026-09-19
Illinois,IL,Alexander,$4.849,2026-09-19
Illinois,IL,Bond,$4.795,2026-09-19
Illinois,IL,Boone,$4.896,2026-09-19
Illinois,IL,Brown,$4.599,2026-09-19
Illinois,IL,Bureau,$4.722,2026-09-19
Illinois,IL,Calhoun,$4.799,2026-09-19
Illinois,IL,Carroll,$4.764,2026-09-19
Illinois,IL,Cass,$4.796,2026-09-19
Illinois,IL,Champaign,$4.786,2026-09-19
Illinois,IL,Christian,$4.807,2026-09-19
Illinois,IL,Clark,$4.816,2026-09-19
Illinois,IL,Clay,$4.821,2026-09-19
Illinois,IL,Clinton,$4.796,2026-09-19
Illinois,IL,Coles,$4.786,2026-09-19
Illinois,IL,Cook,$5.101,2026-09-19
Illinois,IL,Crawford,$4.800,2026-09-19
Illinois,IL,Cumberland,$4.812,2026-09-19
Illinois,IL,Dewitt,$4.791,2026-09-19
Illinois,IL,De Kalb,$4.882,2026-09-19
Illinois,IL,Douglas,$4.658,2026-09-19
Illinois,IL,Du Page,$4.959,2026-09-19
Illinois,IL,Edgar,$4.795,2026-09-19
Illinois,IL,Edwards,$4.799,2026-09-19
Illinois,IL,Effingham,$4.775,2026-09-19
Illinois,IL,Fayette,$4.791,2026-09-19
Illinois,IL,Ford,$4.739,2026-09-19
Illinois,IL,Franklin,$4.798,2026-09-19
Illinois,IL,Fulton,$4.778,2026-09-19
Illinois,IL,Gallatin,$4.799,2026-09-19
Illinois,IL,Greene,$4.729,2026-09-19
Illinois,IL,Grundy,$4.834,2026-09-19
Illinois,IL,Hamilton,$4.624,2026-09-19
Illinois,IL,Hancock,$4.761,2026-09-19
Illinois,IL,Hardin,$4.674,2026-09-19
Illinois,IL,Henderson,$4.659,2026-09-19
Illinois,IL,Henry,$4.763,2026-09-19
Illinois,IL,Iroquois,$4.777,2026-09-19
Illinois,IL,Jackson,$4.790,2026-09-19
Illinois,IL,Jasper,$4.799,2026-09-19
Illinois,IL,Jefferson,$4.774,2026-09-19
Illinois,IL,Jersey,$4.688,2026-09-19
Illinois,IL,Jo Daviess,$4.725,2026-09-19
Illinois,IL,Johnson,$4.582,2026-09-19
Illinois,IL,Kane,$4.942,2026-09-19
Illinois,IL,Kankakee,$4.848,2026-09-19
Illinois,IL,Kendall,$4.947,2026-09-19
Illinois,IL,Knox,$4.756,2026-09-19
Illinois,IL,La Salle,$4.770,2026-09-19
Illinois,IL,Lake,$4.908,2026-09-19
Illinois,IL,Lawrence,$4.767,2026-09-19
Illinois,IL,Lee,$4.797,2026-09-19
Illinois,IL,Livingston,$4.777,2026-09-19
Illinois,IL,Logan,$4.762,2026-09-19
Illinois,IL,Macon,$4.794,2026-09-19
Illinois,IL,Macoupin,$4.778,2026-09-19
Illinois,IL,Madison,$4.739,2026-09-19
Illinois,IL,Marion,$4.783,2026-09-19
Illinois,IL,Marshall,$4.845,2026-09-19
Illinois,IL,Mason,$4.782,2026-09-19
Illinois,IL,Massac,$4.691,2026-09-19
Illinois,IL,McDonough,$4.759,2026-09-19
Illinois,IL,McHenry,$4.874,2026-09-19
Illinois,IL,McLean,$4.778,2026-09-19
Illinois,IL,Menard,$4.792,2026-09-19
Illinois,IL,Mercer,$4.808,2026-09-19
Illinois,IL,Monroe,$4.749,2026-09-19
Illinois,IL,Montgomery,$4.763,2026-09-19
Illinois,IL,Morgan,$4.816,2026-09-19
Illinois,IL,Moultrie,$4.783,2026-09-19
Illinois,IL,Ogle,$4.791,2026-09-19
Illinois,IL,Peoria,$4.916,2026-09-19
Illinois,IL,Perry,$4.799,2026-09-19
Illinois,IL,Piatt,$4.818,2026-09-19
Illinois,IL,Pike,$4.722,2026-09-19
Illinois,IL,Pope,$4.599,2026-09-19
Illinois,IL,Pulaski,$4.799,2026-09-19
Illinois,IL,Putnam,$4.799,2026-09-19
Illinois,IL,Randolph,$4.752,2026-09-19
Illinois,IL,Richland,$4.661,2026-09-19
Illinois,IL,Rock Island,$4.723,2026-09-19
Illinois,IL,Saline,$4.778,2026-09-19
Illinois,IL,Sangamon,$4.776,2026-09-19
Illinois,IL,Schuyler,$4.809,2026-09-19
Illinois,IL,Scott,$4.599,2026-09-19
Illinois,IL,Shelby,$4.774,2026-09-19
Illinois,IL,Saint Clair,$4.764,2026-09-19
Illinois,IL,Stark,$4.809,2026-09-19
Illinois,IL,Stephenson,$4.776,2026-09-19
Illinois,IL,Tazewell,$4.792,2026-09-19
Illinois,IL,Union,$4.770,2026-09-19
Illinois,IL,Vermilion,$4.795,2026-09-19
Illinois,IL,Wabash,$4.718,2026-09-19
Illinois,IL,Warren,$4.793,2026-09-19
Illinois,IL,Washington,$4.800,2026-09-19
Illinois,IL,Wayne,$4.730,2026-09-19
Illinois,IL,White,$4.722,2026-09-19
Illinois,IL,Whiteside,$4.791,2026-09-19
Illinois,IL,Will,$4.924,2026-09-19
Illinois,IL,Williamson,$4.792,2026-09-19
Illinois,IL,Winnebago,$4.805,2026-09-19
Illinois,IL,Woodford,$4.825,2026-09-19
Indiana,IN,Adams,$4.096,2026-09-19
Indiana,IN,Allen,$4.100,2026-09-19
Indiana,IN,Bartholomew,$4.081,2026-09-19
Indiana,IN,Benton,$4.079,2026-09-19
Indiana,IN,Blackford,$3.956,2026-09-19
Indiana,IN,Boone,$4.018,2026-09-19
Indiana,IN,Brown,$3.999,2026-09-19
Indiana,IN,Carroll,$4.263,2026-09-19
Indiana,IN,Cass,$4.074,2026-09-19
Indiana,IN,Clark,$3.932,2026-09-19
Indiana,IN,Clay,$3.955,2026-09-19
Indiana,IN,Clinton,$4.047,2026-09-19
Indiana,IN,Crawford,$3.799,2026-09-19
Indiana,IN,Daviess,$3.992,2026-09-19
Indiana,IN,De Kalb,$4.054,2026-09-19
Indiana,IN,Dearborn,$4.109,2026-09-19
Indiana,IN,Decatur,$4.026,2026-09-19
Indiana,IN,Delaware,$4.008,2026-09-19
Indiana,IN,Dubois,$3.825,2026-09-19
Indiana,IN,Elkhart,$4.062,2026-09-19
Indiana,IN,Fayette,$3.968,2026-09-19
Indiana,IN,Floyd,$3.980,2026-09-19
Indiana,IN,Fountain,$4.116,2026-09-19
Indiana,IN,Franklin,$4.111,2026-09-19
Indiana,IN,Fulton,$4.024,2026-09-19
Indiana,IN,Gibson,$3.783,2026-09-19
Indiana,IN,Grant,$3.970,2026-09-19
Indiana,IN,Greene,$3.911,2026-09-19
Indiana,IN,Hamilton,$3.974,2026-09-19
Indiana,IN,Hancock,$3.988,2026-09-19
Indiana,IN,Harrison,$3.948,2026-09-19
Indiana,IN,Hendricks,$3.984,2026-09-19
Indiana,IN,Henry,$3.999,2026-09-19
Indiana,IN,Howard,$4.063,2026-09-19
Indiana,IN,Huntington,$4.181,2026-09-19
Indiana,IN,Jackson,$3.996,2026-09-19
Indiana,IN,Jasper,$4.244,2026-09-19
Indiana,IN,Jay,$4.021,2026-09-19
Indiana,IN,Jefferson,$4.020,2026-09-19
Indiana,IN,Jennings,$3.985,2026-09-19
Indiana,IN,Johnson,$3.967,2026-09-19
Indiana,IN,Knox,$3.802,2026-09-19
Indiana,IN,Kosciusko,$4.062,2026-09-19
Indiana,IN,La Porte,$4.161,2026-09-19
Indiana,IN,Lagrange,$4.181,2026-09-19
Indiana,IN,Lake,$4.151,2026-09-19
Indiana,IN,Lawrence,$3.956,2026-09-19
Indiana,IN,Madison,$3.993,2026-09-19
Indiana,IN,Marion,$3.984,2026-09-19
Indiana,IN,Marshall,$4.060,2026-09-19
Indiana,IN,Martin,$3.866,2026-09-19
Indiana,IN,Miami,$4.060,2026-09-19
Indiana,IN,Monroe,$4.012,2026-09-19
Indiana,IN,Montgomery,$4.050,2026-09-19
Indiana,IN,Morgan,$3.985,2026-09-19
Indiana,IN,Newton,$4.086,2026-09-19
Indiana,IN,Noble,$4.035,2026-09-19
Indiana,IN,Ohio,$4.199,2026-09-19
Indiana,IN,Orange,$3.755,2026-09-19
Indiana,IN,Owen,$4.041,2026-09-19
Indiana,IN,Parke,$4.010,2026-09-19
Indiana,IN,Perry,$3.729,2026-09-19
Indiana,IN,Pike,$3.799,2026-09-19
Indiana,IN,Porter,$4.176,2026-09-19
Indiana,IN,Posey,$3.795,2026-09-19
Indiana,IN,Pulaski,$4.299,2026-09-19
Indiana,IN,Putnam,$4.026,2026-09-19
Indiana,IN,Randolph,$4.108,2026-09-19
Indiana,IN,Ripley,$4.149,2026-09-19
Indiana,IN,Rush,$3.990,2026-09-19
Indiana,IN,Scott,$3.900,2026-09-19
Indiana,IN,Shelby,$4.007,2026-09-19
Indiana,IN,Spencer,$3.721,2026-09-19
Indiana,IN,St Joseph,$4.111,2026-09-19
Indiana,IN,Starke,$4.289,2026-09-19
Indiana,IN,Steuben,$3.997,2026-09-19
Indiana,IN,Sullivan,$3.988,2026-09-19
Indiana,IN,Switzerland,$4.149,2026-09-19
Indiana,IN,Tippecanoe,$4.172,2026-09-19
Indiana,IN,Tipton,$4.014,2026-09-19
Indiana,IN,Union,$3.999,2026-09-19
Indiana,IN,Vanderburgh,$3.811,2026-09-19
Indiana,IN,Vermillion,$3.968,2026-09-19
Indiana,IN,Vigo,$3.989,2026-09-19
Indiana,IN,Wabash,$4.015,2026-09-19
Indiana,IN,Warren,$4.199,2026-09-19
Indiana,IN,Warrick,$3.810,2026-09-19
Indiana,IN,Washington,$3.967,2026-09-19
Indiana,IN,Wayne,$3.993,2026-09-19
Indiana,IN,Wells,$4.071,2026-09-19
Indiana,IN,White,$4.294,2026-09-19
Indiana,IN,Whitley,$4.169,2026-09-19
Iowa,IA,Adair,$4.459,2026-09-19
Iowa,IA,Adams,$4.249,2026-09-19
Iowa,IA,Allamakee,$4.449,2026-09-19
Iowa,IA,Appanoose,$4.428,2026-09-19
Iowa,IA,Audubon,$4.424,2026-09-19
Iowa,IA,Benton,$4.353,2026-09-19
Iowa,IA,Black Hawk,$4.407,2026-09-19
Iowa,IA,Boone,$4.425,2026-09-19
Iowa,IA,Bremer,$4.399,2026-09-19
Iowa,IA,Buchanan,$4.467,2026-09-19
Iowa,IA,Buena Vista,$4.388,2026-09-19
Iowa,IA,Butler,$4.395,2026-09-19
Iowa,IA,Calhoun,$4.311,2026-09-19
Iowa,IA,Carroll,$4.436,2026-09-19
Iowa,IA,Cass,$4.399,2026-09-19
Iowa,IA,Cedar,$4.414,2026-09-19
Iowa,IA,Cerro Gordo,$4.266,2026-09-19
Iowa,IA,Cherokee,$4.388,2026-09-19
Iowa,IA,Chickasaw,$4.595,2026-09-19
Iowa,IA,Clarke,$4.388,2026-09-19
Iowa,IA,Clay,$4.216,2026-09-19
Iowa,IA,Clayton,$4.411,2026-09-19
Iowa,IA,Clinton,$4.376,2026-09-19
Iowa,IA,Crawford,$4.399,2026-09-19
Iowa,IA,Dallas,$4.389,2026-09-19
Iowa,IA,Davis,$4.314,2026-09-19
Iowa,IA,Decatur,$4.391,2026-09-19
Iowa,IA,Delaware,$4.393,2026-09-19
Iowa,IA,Des Moines,$4.458,2026-09-19
Iowa,IA,Dickinson,$4.457,2026-09-19
Iowa,IA,Dubuque,$4.423,2026-09-19
Iowa,IA,Emmet,$4.399,2026-09-19
Iowa,IA,Fayette,$4.446,2026-09-19
Iowa,IA,Floyd,$4.344,2026-09-19
Iowa,IA,Franklin,$4.399,2026-09-19
Iowa,IA,Fremont,$4.432,2026-09-19
Iowa,IA,Greene,$4.352,2026-09-19
Iowa,IA,Grundy,$4.429,2026-09-19
Iowa,IA,Guthrie,$4.385,2026-09-19
Iowa,IA,Hamilton,$4.411,2026-09-19
Iowa,IA,Hancock,$4.412,2026-09-19
Iowa,IA,Hardin,$4.403,2026-09-19
Iowa,IA,Harrison,$4.462,2026-09-19
Iowa,IA,Henry,$4.271,2026-09-19
Iowa,IA,Howard,$4.394,2026-09-19
Iowa,IA,Humboldt,$4.534,2026-09-19
Iowa,IA,Ida,$4.237,2026-09-19
Iowa,IA,Iowa,$4.343,2026-09-19
Iowa,IA,Jackson,$4.418,2026-09-19
Iowa,IA,Jasper,$4.379,2026-09-19
Iowa,IA,Jefferson,$4.413,2026-09-19
Iowa,IA,Johnson,$4.408,2026-09-19
Iowa,IA,Jones,$4.399,2026-09-19
Iowa,IA,Keokuk,$4.321,2026-09-19
Iowa,IA,Kossuth,$4.359,2026-09-19
Iowa,IA,Lee,$4.464,2026-09-19
Iowa,IA,Linn,$4.417,2026-09-19
Iowa,IA,Louisa,$4.379,2026-09-19
Iowa,IA,Lucas,$4.399,2026-09-19
Iowa,IA,Lyon,$4.424,2026-09-19
Iowa,IA,Madison,$4.449,2026-09-19
Iowa,IA,Mahaska,$4.398,2026-09-19
Iowa,IA,Marion,$4.330,2026-09-19
Iowa,IA,Marshall,$4.449,2026-09-19
Iowa,IA,Mills,$4.433,2026-09-19
Iowa,IA,Mitchell,$4.364,2026-09-19
Iowa,IA,Monona,$4.292,2026-09-19
Iowa,IA,Monroe,$4.457,2026-09-19
Iowa,IA,Montgomery,$4.385,2026-09-19
Iowa,IA,Muscatine,$4.476,2026-09-19
Iowa,IA,O'Brien,,2026-09-19
Iowa,IA,Osceola,$4.399,2026-09-19
Iowa,IA,Page,$4.472,2026-09-19
Iowa,IA,Palo Alto,$4.357,2026-09-19
Iowa,IA,Plymouth,$4.639,2026-09-19
Iowa,IA,Pocahontas,$4.429,2026-09-19
Iowa,IA,Polk,$4.367,2026-09-19
Iowa,IA,Pottawattamie,$4.406,2026-09-19
Iowa,IA,Poweshiek,$4.334,2026-09-19
Iowa,IA,Ringgold,$4.399,2026-09-19
Iowa,IA,Sac,$4.305,2026-09-19
Iowa,IA,Scott,$4.376,2026-09-19
Iowa,IA,Shelby,$4.429,2026-09-19
Iowa,IA,Sioux,$4.252,2026-09-19
Iowa,IA,Story,$4.395,2026-09-19
Iowa,IA,Tama,$4.394,2026-09-19
Iowa,IA,Taylor,$4.374,2026-09-19
Iowa,IA,Union,$4.378,2026-09-19
Iowa,IA,Van Buren,$4.367,2026-09-19
Iowa,IA,Wapello,$4.377,2026-09-19
Iowa,IA,Warren,$4.338,2026-09-19
Iowa,IA,Washington,$4.402,2026-09-19
Iowa,IA,Wayne,$4.447,2026-09-19
Iowa,IA,Webster,$4.341,2026-09-19
Iowa,IA,Winnebago,$4.379,2026-09-19
Iowa,IA,Winneshiek,$4.526,2026-09-19
Iowa,IA,Woodbury,$4.378,2026-09-19
Iowa,IA,Worth,$4.353,2026-09-19
Iowa,IA,Wright,$4.588,2026-09-19
Kansas,KS,Allen,$4.199,2026-09-19
Kansas,KS,Anderson,$4.184,2026-09-19
Kansas,KS,Atchison,$4.180,2026-09-19
Kansas,KS,Barber,$4.219,2026-09-19
Kansas,KS,Barton,$4.054,2026-09-19
Kansas,KS,Bourbon,$4.197,2026-09-19
Kansas,KS,Brown,$4.148,2026-09-19
Kansas,KS,Butler,$4.169,2026-09-19
Kansas,KS,Chase,$4.186,2026-09-19
Kansas,KS,Chautauqua,$4.332,2026-09-19
Kansas,KS,Cherokee,$4.085,2026-09-19
Kansas,KS,Cheyenne,$4.497,2026-09-19
Kansas,KS,Clark,$4.229,2026-09-19
Kansas,KS,Clay,$4.199,2026-09-19
Kansas,KS,Cloud,$4.139,2026-09-19
Kansas,KS,Coffey,$4.166,2026-09-19
Kansas,KS,Comanche,$4.102,2026-09-19
Kansas,KS,Cowley,$4.134,2026-09-19
Kansas,KS,Crawford,$4.185,2026-09-19
Kansas,KS,Decatur,$4.049,2026-09-19
Kansas,KS,Dickinson,$4.042,2026-09-19
Kansas,KS,Doniphan,$4.161,2026-09-19
Kansas,KS,Douglas,$4.189,2026-09-19
Kansas,KS,Edwards,$4.103,2026-09-19
Kansas,KS,Elk,$3.999,2026-09-19
Kansas,KS,Ellis,$4.216,2026-09-19
Kansas,KS,Ellsworth,$4.209,2026-09-19
Kansas,KS,Finney,$4.136,2026-09-19
Kansas,KS,Ford,$4.133,2026-09-19
Kansas,KS,Franklin,$4.203,2026-09-19
Kansas,KS,Geary,$4.181,2026-09-19
Kansas,KS,Gove,$4.299,2026-09-19
Kansas,KS,Graham,$4.299,2026-09-19
Kansas,KS,Grant,$4.207,2026-09-19
Kansas,KS,Gray,$4.136,2026-09-19
Kansas,KS,Greeley,$4.299,2026-09-19
Kansas,KS,Greenwood,$4.181,2026-09-19
Kansas,KS,Hamilton,$4.216,2026-09-19
Kansas,KS,Harper,$4.219,2026-09-19
Kansas,KS,Harvey,$4.090,2026-09-19
Kansas,KS,Haskell,$4.169,2026-09-19
Kansas,KS,Hodgeman,$4.166,2026-09-19
Kansas,KS,Jackson,$4.137,2026-09-19
Kansas,KS,Jefferson,$4.245,2026-09-19
Kansas,KS,Jewell,$4.154,2026-09-19
Kansas,KS,Johnson,$4.265,2026-09-19
Kansas,KS,Kearny,$4.111,2026-09-19
Kansas,KS,Kingman,$4.353,2026-09-19
Kansas,KS,Kiowa,$4.203,2026-09-19
Kansas,KS,Labette,$4.195,2026-09-19
Kansas,KS,Lane,$3.929,2026-09-19
Kansas,KS,Leavenworth,$4.194,2026-09-19
Kansas,KS,Lincoln,,2026-09-19
Kansas,KS,Linn,$4.233,2026-09-19
Kansas,KS,Logan,$4.239,2026-09-19
Kansas,KS,Lyon,$4.111,2026-09-19
Kansas,KS,Marion,$4.131,2026-09-19
Kansas,KS,Marshall,$4.199,2026-09-19
Kansas,KS,Mcpherson,$4.143,2026-09-19
Kansas,KS,Meade,$4.166,2026-09-19
Kansas,KS,Miami,$4.212,2026-09-19
Kansas,KS,Mitchell,$4.209,2026-09-19
Kansas,KS,Montgomery,$4.192,2026-09-19
Kansas,KS,Morris,$4.113,2026-09-19
Kansas,KS,Morton,$4.226,2026-09-19
Kansas,KS,Nemaha,$4.216,2026-09-19
Kansas,KS,Neosho,$4.201,2026-09-19
Kansas,KS,Ness,$4.047,2026-09-19
Kansas,KS,Norton,$4.211,2026-09-19
Kansas,KS,Osage,$4.125,2026-09-19
Kansas,KS,Osborne,$4.261,2026-09-19
Kansas,KS,Ottawa,$4.199,2026-09-19
Kansas,KS,Pawnee,$4.186,2026-09-19
Kansas,KS,Phillips,$4.199,2026-09-19
Kansas,KS,Pottawatomie,$4.172,2026-09-19
Kansas,KS,Pratt,$4.169,2026-09-19
Kansas,KS,Rawlins,$4.299,2026-09-19
Kansas,KS,Reno,$3.917,2026-09-19
Kansas,KS,Republic,$4.146,2026-09-19
Kansas,KS,Rice,$4.164,2026-09-19
Kansas,KS,Riley,$4.186,2026-09-19
Kansas,KS,Rooks,$4.085,2026-09-19
Kansas,KS,Rush,$4.119,2026-09-19
Kansas,KS,Russell,$4.020,2026-09-19
Kansas,KS,Saline,$4.147,2026-09-19
Kansas,KS,Scott,$4.115,2026-09-19
Kansas,KS,Sedgwick,$4.136,2026-09-19
Kansas,KS,Seward,$4.278,2026-09-19
Kansas,KS,Shawnee,$4.095,2026-09-19
Kansas,KS,Sheridan,$4.162,2026-09-19
Kansas,KS,Sherman,$4.192,2026-09-19
Kansas,KS,Smith,$4.335,2026-09-19
Kansas,KS,Stafford,$4.199,2026-09-19
Kansas,KS,Stanton,$4.174,2026-09-19
Kansas,KS,Stevens,$4.186,2026-09-19
Kansas,KS,Sumner,$4.134,2026-09-19
Kansas,KS,Thomas,$4.207,2026-09-19
Kansas,KS,Trego,$4.209,2026-09-19
Kansas,KS,Wabaunsee,$4.139,2026-09-19
Kansas,KS,Wallace,$4.359,2026-09-19
Kansas,KS,Washington,$4.203,2026-09-19
Kansas,KS,Wichita,$4.066,2026-09-19
Kansas,KS,Wilson,$4.168,2026-09-19
Kansas,KS,Woodson,$4.199,2026-09-19
Kansas,KS,Wyandotte,$4.274,2026-09-19
Kentucky,KY,Adair,$4.201,2026-09-19
Kentucky,KY,Allen,$4.174,2026-09-19
Kentucky,KY,Anderson,$4.193,2026-09-19
Kentucky,KY,Ballard,$4.089,2026-09-19
Kentucky,KY,Barren,$4.163,2026-09-19
Kentucky,KY,Bath,$4.321,2026-09-19
Kentucky,KY,Bell,$3.867,2026-09-19
Kentucky,KY,Boone,$4.552,2026-09-19
Kentucky,KY,Bourbon,$4.252,2026-09-19
Kentucky,KY,Boyd,$4.299,2026-09-19
Kentucky,KY,Boyle,$4.145,2026-09-19
Kentucky,KY,Bracken,$4.347,2026-09-19
Kentucky,KY,Breathitt,$4.261,2026-09-19
Kentucky,KY,Breckinridge,$4.140,2026-09-19
Kentucky,KY,Bullitt,$4.129,2026-09-19
Kentucky,KY,Butler,$4.188,2026-09-19
Kentucky,KY,Caldwell,$4.087,2026-09-19
Kentucky,KY,Calloway,$4.191,2026-09-19
Kentucky,KY,Campbell,$4.556,2026-09-19
Kentucky,KY,Carlisle,$4.129,2026-09-19
Kentucky,KY,Carroll,$4.227,2026-09-19
Kentucky,KY,Carter,$4.289,2026-09-19
Kentucky,KY,Casey,$4.185,2026-09-19
Kentucky,KY,Christian,$4.024,2026-09-19
Kentucky,KY,Clark,$4.279,2026-09-19
Kentucky,KY,Clay,$4.268,2026-09-19
Kentucky,KY,Clinton,$4.119,2026-09-19
Kentucky,KY,Crittenden,$3.999,2026-09-19
Kentucky,KY,Cumberland,$4.219,2026-09-19
Kentucky,KY,Daviess,$3.934,2026-09-19
Kentucky,KY,Edmonson,$4.099,2026-09-19
Kentucky,KY,Elliott,$4.299,2026-09-19
Kentucky,KY,Estill,$4.171,2026-09-19
Kentucky,KY,Fayette,$4.275,2026-09-19
Kentucky,KY,Fleming,$4.199,2026-09-19
Kentucky,KY,Floyd,$4.282,2026-09-19
Kentucky,KY,Franklin,$4.256,2026-09-19
Kentucky,KY,Fulton,$3.999,2026-09-19
Kentucky,KY,Gallatin,$4.368,2026-09-19
Kentucky,KY,Garrard,$4.177,2026-09-19
Kentucky,KY,Grant,$4.276,2026-09-19
Kentucky,KY,Graves,$4.065,2026-09-19
Kentucky,KY,Grayson,$4.163,2026-09-19
Kentucky,KY,Green,$4.179,2026-09-19
Kentucky,KY,Greenup,$4.269,2026-09-19
Kentucky,KY,Hancock,$3.939,2026-09-19
Kentucky,KY,Hardin,$4.147,2026-09-19
Kentucky,KY,Harlan,$4.108,2026-09-19
Kentucky,KY,Harrison,$4.244,2026-09-19
Kentucky,KY,Hart,$4.118,2026-09-19
Kentucky,KY,Henderson,$3.861,2026-09-19
Kentucky,KY,Henry,$4.192,2026-09-19
Kentucky,KY,Hickman,,2026-09-19
Kentucky,KY,Hopkins,$3.945,2026-09-19
Kentucky,KY,Jackson,$4.184,2026-09-19
Kentucky,KY,Jefferson,$4.184,2026-09-19
Kentucky,KY,Jessamine,$4.125,2026-09-19
Kentucky,KY,Johnson,$4.300,2026-09-19
Kentucky,KY,Kenton,$4.594,2026-09-19
Kentucky,KY,Knott,$4.097,2026-09-19
Kentucky,KY,Knox,$4.065,2026-09-19
Kentucky,KY,Larue,$4.139,2026-09-19
Kentucky,KY,Laurel,$4.178,2026-09-19
Kentucky,KY,Lawrence,$4.275,2026-09-19
Kentucky,KY,Lee,$4.170,2026-09-19
Kentucky,KY,Leslie,$4.099,2026-09-19
Kentucky,KY,Letcher,$4.099,2026-09-19
Kentucky,KY,Lewis,$4.272,2026-09-19
Kentucky,KY,Lincoln,$4.189,2026-09-19
Kentucky,KY,Livingston,$4.009,2026-09-19
Kentucky,KY,Logan,$4.085,2026-09-19
Kentucky,KY,Lyon,$4.007,2026-09-19
Kentucky,KY,Madison,$4.264,2026-09-19
Kentucky,KY,Magoffin,$4.299,2026-09-19
Kentucky,KY,Marion,$4.097,2026-09-19
Kentucky,KY,Marshall,$4.012,2026-09-19
Kentucky,KY,Martin,$4.244,2026-09-19
Kentucky,KY,Mason,$4.266,2026-09-19
Kentucky,KY,McCracken,$3.968,2026-09-19
Kentucky,KY,McCreary,$4.192,2026-09-19
Kentucky,KY,McLean,$4.028,2026-09-19
Kentucky,KY,Meade,$4.159,2026-09-19
Kentucky,KY,Menifee,$4.179,2026-09-19
Kentucky,KY,Mercer,$4.176,2026-09-19
Kentucky,KY,Metcalfe,$4.161,2026-09-19
Kentucky,KY,Monroe,$4.102,2026-09-19
Kentucky,KY,Montgomery,$4.214,2026-09-19
Kentucky,KY,Morgan,$4.206,2026-09-19
Kentucky,KY,Muhlenberg,$4.049,2026-09-19
Kentucky,KY,Nelson,$4.179,2026-09-19
Kentucky,KY,Nicholas,$4.289,2026-09-19
Kentucky,KY,Ohio,$4.015,2026-09-19
Kentucky,KY,Oldham,$4.215,2026-09-19
Kentucky,KY,Owen,$4.139,2026-09-19
Kentucky,KY,Owsley,$4.299,2026-09-19
Kentucky,KY,Pendleton,$4.587,2026-09-19
Kentucky,KY,Perry,$4.100,2026-09-19
Kentucky,KY,Pike,$4.279,2026-09-19
Kentucky,KY,Powell,$4.184,2026-09-19
Kentucky,KY,Pulaski,$4.232,2026-09-19
Kentucky,KY,Robertson,$4.259,2026-09-19
Kentucky,KY,Rockcastle,$4.213,2026-09-19
Kentucky,KY,Rowan,$4.274,2026-09-19
Kentucky,KY,Russell,$4.180,2026-09-19
Kentucky,KY,Scott,$4.258,2026-09-19
Kentucky,KY,Shelby,$4.229,2026-09-19
Kentucky,KY,Simpson,$3.850,2026-09-19
Kentucky,KY,Spencer,$4.109,2026-09-19
Kentucky,KY,Taylor,$4.091,2026-09-19
Kentucky,KY,Todd,$4.049,2026-09-19
Kentucky,KY,Trigg,$4.043,2026-09-19
Kentucky,KY,Trimble,$4.199,2026-09-19
Kentucky,KY,Union,$4.059,2026-09-19
Kentucky,KY,Warren,$4.190,2026-09-19
Kentucky,KY,Washington,$4.116,2026-09-19
Kentucky,KY,Wayne,$4.169,2026-09-19
Kentucky,KY,Webster,$4.043,2026-09-19
Kentucky,KY,Whitley,$4.188,2026-09-19
Kentucky,KY,Wolfe,$4.207,2026-09-19
Kentucky,KY,Woodford,$4.299,2026-09-19
Louisiana,LA,Acadia,$4.027,2026-09-19
Louisiana,LA,Allen,$4.088,2026-09-19
Louisiana,LA,Ascension,$3.998,2026-09-19
Louisiana,LA,Assumption,$3.949,2026-09-19
Louisiana,LA,Avoyelles,$4.037,2026-09-19
Louisiana,LA,Beauregard,$3.932,2026-09-19
Louisiana,LA,Bienville,$4.101,2026-09-19
Louisiana,LA,Bossier,$3.962,2026-09-19
Louisiana,LA,Caddo,$3.994,2026-09-19
Louisiana,LA,Calcasieu,$3.963,2026-09-19
Louisiana,LA,Caldwell,$3.977,2026-09-19
Louisiana,LA,Cameron,$4.464,2026-09-19
Louisiana,LA,Catahoula,$4.129,2026-09-19
Louisiana,LA,Claiborne,$4.022,2026-09-19
Louisiana,LA,Concordia,$3.818,2026-09-19
Louisiana,LA,De Soto,$4.016,2026-09-19
Louisiana,LA,East Baton Rouge,$4.009,2026-09-19
Louisiana,LA,East Carroll,$4.029,2026-09-19
Louisiana,LA,East Feliciana,$4.207,2026-09-19
Louisiana,LA,Evangeline,$4.030,2026-09-19
Louisiana,LA,Franklin,$4.061,2026-09-19
Louisiana,LA,Grant,$4.058,2026-09-19
Louisiana,LA,Iberia,$3.993,2026-09-19
Louisiana,LA,Iberville,$4.046,2026-09-19
Louisiana,LA,Jackson,$4.021,2026-09-19
Louisiana,LA,Jefferson,$3.974,2026-09-19
Louisiana,LA,Jefferson Davis,$4.149,2026-09-19
Louisiana,LA,La Salle,$4.081,2026-09-19
Louisiana,LA,Lafayette,$4.002,2026-09-19
Louisiana,LA,Lafourche,$4.018,2026-09-19
Louisiana,LA,Lincoln,$3.995,2026-09-19
Louisiana,LA,Livingston,$3.990,2026-09-19
Louisiana,LA,Madison,$3.962,2026-09-19
Louisiana,LA,Morehouse,$3.977,2026-09-19
Louisiana,LA,Natchitoches,$4.051,2026-09-19
Louisiana,LA,Orleans,$3.970,2026-09-19
Louisiana,LA,Ouachita,$3.982,2026-09-19
Louisiana,LA,Plaquemines,$4.184,2026-09-19
Louisiana,LA,Pointe Coupee,$4.073,2026-09-19
Louisiana,LA,Rapides,$4.028,2026-09-19
Louisiana,LA,Red River,$3.995,2026-09-19
Louisiana,LA,Richland,$3.994,2026-09-19
Louisiana,LA,Sabine,$4.106,2026-09-19
Louisiana,LA,Saint Bernard,$3.944,2026-09-19
Louisiana,LA,Saint Charles,$4.062,2026-09-19
Louisiana,LA,Saint Helena,$4.114,2026-09-19
Louisiana,LA,Saint James,$4.082,2026-09-19
Louisiana,LA,St John the Baptist,$4.022,2026-09-19
Louisiana,LA,Saint Landry,$4.008,2026-09-19
Louisiana,LA,Saint Martin,$3.969,2026-09-19
Louisiana,LA,Saint Mary,$4.024,2026-09-19
Louisiana,LA,Saint Tammany,$3.985,2026-09-19
Louisiana,LA,Tangipahoa,$4.050,2026-09-19
Louisiana,LA,Tensas,$3.899,2026-09-19
Louisiana,LA,Terrebonne,$3.996,2026-09-19
Louisiana,LA,Union,$3.996,2026-09-19
Louisiana,LA,Vermilion,$4.068,2026-09-19
Louisiana,LA,Vernon,$4.062,2026-09-19
Louisiana,LA,Washington,$3.999,2026-09-19
Louisiana,LA,Webster,$4.163,2026-09-19
Louisiana,LA,West Baton Rouge,$3.984,2026-09-19
Louisiana,LA,West Carroll,$3.992,2026-09-19
Louisiana,LA,West Feliciana,$4.239,2026-09-19
Louisiana,LA,Winn,$4.039,2026-09-19
Maine,ME,Androscoggin,$4.453,2026-09-19
Maine,ME,Aroostook,$4.473,2026-09-19
Maine,ME,Cumberland,$4.402,2026-09-19
Maine,ME,Franklin,$4.404,2026-09-19
Maine,ME,Hancock,$4.480,2026-09-19
Maine,ME,Kennebec,$4.441,2026-09-19
Maine,ME,Knox,$4.327,2026-09-19
Maine,ME,Lincoln,$4.398,2026-09-19
Maine,ME,Oxford,$4.439,2026-09-19
Maine,ME,Penobscot,$4.428,2026-09-19
Maine,ME,Piscataquis,$4.393,2026-09-19
Maine,ME,Sagadahoc,$4.422,2026-09-19
Maine,ME,Somerset,$4.348,2026-09-19
Maine,ME,Waldo,$4.386,2026-09-19
Maine,ME,Washington,$4.481,2026-09-19
Maine,ME,York,$4.425,2026-09-19
Montana,MT,Beaverhead,$4.718,2026-09-19
Montana,MT,Big Horn,$4.446,2026-09-19
Montana,MT,Blaine,$4.534,2026-09-19
Montana,MT,Broadwater,$4.544,2026-09-19
Montana,MT,Carbon,$4.501,2026-09-19
Montana,MT,Carter,$4.549,2026-09-19
Montana,MT,Cascade,$4.514,2026-09-19
Montana,MT,Chouteau,$4.541,2026-09-19
Montana,MT,Custer,$4.290,2026-09-19
Montana,MT,Daniels,$4.752,2026-09-19
Montana,MT,Dawson,$4.335,2026-09-19
Montana,MT,Deer Lodge,$4.647,2026-09-19
Montana,MT,Fallon,$4.389,2026-09-19
Montana,MT,Fergus,$4.608,2026-09-19
Montana,MT,Flathead,$4.646,2026-09-19
Montana,MT,Gallatin,$4.689,2026-09-19
Montana,MT,Garfield,$4.404,2026-09-19
Montana,MT,Glacier,$4.775,2026-09-19
Montana,MT,Golden Valley,$4.829,2026-09-19
Montana,MT,Granite,$4.682,2026-09-19
Montana,MT,Hill,$4.627,2026-09-19
Montana,MT,Jefferson,$4.634,2026-09-19
Montana,MT,Judith Basin,$4.659,2026-09-19
Montana,MT,Lake,$4.591,2026-09-19
Montana,MT,Lewis and Clark,$4.628,2026-09-19
Montana,MT,Liberty,$4.509,2026-09-19
Montana,MT,Lincoln,$4.668,2026-09-19
Montana,MT,Madison,$4.636,2026-09-19
Montana,MT,McCone,$4.489,2026-09-19
Montana,MT,Meagher,$4.624,2026-09-19
Montana,MT,Mineral,$4.703,2026-09-19
Montana,MT,Missoula,$4.571,2026-09-19
Montana,MT,Musselshell,$4.599,2026-09-19
Montana,MT,Park,$4.949,2026-09-19
Montana,MT,Petroleum,$4.769,2026-09-19
Montana,MT,Phillips,$4.499,2026-09-19
Montana,MT,Pondera,$4.624,2026-09-19
Montana,MT,Powder River,$4.714,2026-09-19
Montana,MT,Powell,$4.666,2026-09-19
Montana,MT,Prairie,$4.369,2026-09-19
Montana,MT,Ravalli,$4.582,2026-09-19
Montana,MT,Richland,$4.265,2026-09-19
Montana,MT,Roosevelt,$4.302,2026-09-19
Montana,MT,Rosebud,$4.461,2026-09-19
Montana,MT,Sanders,$4.606,2026-09-19
Montana,MT,Sheridan,$4.379,2026-09-19
Montana,MT,Silver Bow,$4.629,2026-09-19
Montana,MT,Stillwater,$4.533,2026-09-19
Montana,MT,Sweet Grass,$4.592,2026-09-19
Montana,MT,Teton,$4.549,2026-09-19
Montana,MT,Toole,$4.532,2026-09-19
Montana,MT,Treasure,$4.459,2026-09-19
Montana,MT,Valley,$4.469,2026-09-19
Montana,MT,Wheatland,$4.856,2026-09-19
Montana,MT,Wibaux,$4.329,2026-09-19
Montana,MT,Yellowstone,$4.536,2026-09-19
Nebraska,NE,Adams,$4.230,2026-09-19
Nebraska,NE,Antelope,$4.349,2026-09-19
Nebraska,NE,Arthur,,2026-09-19
Nebraska,NE,Banner,,2026-09-19
Nebraska,NE,Blaine,$5.109,2026-09-19
Nebraska,NE,Boone,$4.199,2026-09-19
Nebraska,NE,Box Butte,$4.330,2026-09-19
Nebraska,NE,Boyd,$4.249,2026-09-19
Nebraska,NE,Brown,$4.299,2026-09-19
Nebraska,NE,Buffalo,$4.310,2026-09-19
Nebraska,NE,Burt,$4.512,2026-09-19
Nebraska,NE,Butler,$4.199,2026-09-19
Nebraska,NE,Cass,$4.318,2026-09-19
Nebraska,NE,Cedar,$4.207,2026-09-19
Nebraska,NE,Chase,$4.884,2026-09-19
Nebraska,NE,Cherry,$4.210,2026-09-19
Nebraska,NE,Cheyenne,$4.410,2026-09-19
Nebraska,NE,Clay,$4.302,2026-09-19
Nebraska,NE,Colfax,$4.369,2026-09-19
Nebraska,NE,Cuming,$4.200,2026-09-19
Nebraska,NE,Custer,$4.574,2026-09-19
Nebraska,NE,Dakota,$4.368,2026-09-19
Nebraska,NE,Dawes,$4.379,2026-09-19
Nebraska,NE,Dawson,$4.327,2026-09-19
Nebraska,NE,Deuel,$4.454,2026-09-19
Nebraska,NE,Dixon,$4.336,2026-09-19
Nebraska,NE,Dodge,$4.299,2026-09-19
Nebraska,NE,Douglas,$4.316,2026-09-19
Nebraska,NE,Dundy,$4.459,2026-09-19
Nebraska,NE,Fillmore,$4.199,2026-09-19
Nebraska,NE,Franklin,$4.166,2026-09-19
Nebraska,NE,Frontier,$4.999,2026-09-19
Nebraska,NE,Furnas,$4.345,2026-09-19
Nebraska,NE,Gage,$4.398,2026-09-19
Nebraska,NE,Garden,,2026-09-19
Nebraska,NE,Garfield,$4.499,2026-09-19
Nebraska,NE,Gosper,,2026-09-19
Nebraska,NE,Grant,$5.549,2026-09-19
Nebraska,NE,Greeley,$4.666,2026-09-19
Nebraska,NE,Hall,$4.246,2026-09-19
Nebraska,NE,Hamilton,$4.204,2026-09-19
Nebraska,NE,Harlan,$4.379,2026-09-19
Nebraska,NE,Hayes,$4.229,2026-09-19
Nebraska,NE,Hitchcock,$4.599,2026-09-19
Nebraska,NE,Holt,$4.303,2026-09-19
Nebraska,NE,Hooker,$3.989,2026-09-19
Nebraska,NE,Howard,$4.199,2026-09-19
Nebraska,NE,Jefferson,$4.452,2026-09-19
Nebraska,NE,Johnson,$4.542,2026-09-19
Nebraska,NE,Kearney,$4.259,2026-09-19
Nebraska,NE,Keith,$4.325,2026-09-19
Nebraska,NE,Keya Paha,$4.799,2026-09-19
Nebraska,NE,Kimball,$4.449,2026-09-19
Nebraska,NE,Knox,$4.274,2026-09-19
Nebraska,NE,Lancaster,$4.256,2026-09-19
Nebraska,NE,Lincoln,$4.225,2026-09-19
Nebraska,NE,Logan,$4.934,2026-09-19
Nebraska,NE,Loup,$4.699,2026-09-19
Nebraska,NE,Madison,$4.218,2026-09-19
Nebraska,NE,McPherson,,2026-09-19
Nebraska,NE,Merrick,$4.440,2026-09-19
Nebraska,NE,Morrill,$4.487,2026-09-19
Nebraska,NE,Nance,$4.466,2026-09-19
Nebraska,NE,Nemaha,$4.199,2026-09-19
Nebraska,NE,Nuckolls,$4.149,2026-09-19
Nebraska,NE,Otoe,$4.260,2026-09-19
Nebraska,NE,Pawnee,$4.209,2026-09-19
Nebraska,NE,Perkins,$4.746,2026-09-19
Nebraska,NE,Phelps,$4.291,2026-09-19
Nebraska,NE,Pierce,$4.185,2026-09-19
Nebraska,NE,Platte,$4.243,2026-09-19
Nebraska,NE,Polk,$4.349,2026-09-19
Nebraska,NE,Red Willow,$4.201,2026-09-19
Nebraska,NE,Richardson,$4.199,2026-09-19
Nebraska,NE,Rock,$4.299,2026-09-19
Nebraska,NE,Saline,$4.213,2026-09-19
Nebraska,NE,Sarpy,$4.324,2026-09-19
Nebraska,NE,Saunders,$4.360,2026-09-19
Nebraska,NE,Scotts Bluff,$4.215,2026-09-19
Nebraska,NE,Seward,$4.299,2026-09-19
Nebraska,NE,Sheridan,$4.386,2026-09-19
Nebraska,NE,Sherman,$4.899,2026-09-19
Nebraska,NE,Sioux,,2026-09-19
Nebraska,NE,Stanton,$4.434,2026-09-19
Nebraska,NE,Thayer,$4.199,2026-09-19
Nebraska,NE,Thomas,$5.049,2026-09-19
Nebraska,NE,Thurston,$4.402,2026-09-19
Nebraska,NE,Valley,$4.332,2026-09-19
Nebraska,NE,Washington,$4.257,2026-09-19
Nebraska,NE,Wayne,$4.339,2026-09-19
Nebraska,NE,Webster,$4.419,2026-09-19
Nebraska,NE,Wheeler,,2026-09-19
Nebraska,NE,York,$4.206,2026-09-19
Nevada,NV,Carson City,$5.095,2026-09-19
Nevada,NV,Churchill,$5.107,2026-09-19
Nevada,NV,Clark,$5.237,2026-09-19
Nevada,NV,Douglas,$5.263,2026-09-19
Nevada,NV,Elko,$4.965,2026-09-19
Nevada,NV,Esmeralda,$5.544,2026-09-19
Nevada,NV,Eureka,$4.862,2026-09-19
Nevada,NV,Humboldt,$5.176,2026-09-19
Nevada,NV,Lander,$5.175,2026-09-19
Nevada,NV,Lincoln,$5.232,2026-09-19
Nevada,NV,Lyon,$5.027,2026-09-19
Nevada,NV,Mineral,$5.751,2026-09-19
Nevada,NV,Nye,$4.951,2026-09-19
Nevada,NV,Pershing,$5.037,2026-09-19
Nevada,NV,Storey,$4.949,2026-09-19
Nevada,NV,Washoe,$5.704,2026-09-19
Nevada,NV,White Pine,$4.847,2026-09-19
New Hampshire,NH,Belknap,$4.402,2026-09-19
New Hampshire,NH,Carroll,$4.381,2026-09-19
New Hampshire,NH,Cheshire,$4.359,2026-09-19
New Hampshire,NH,Coos,$4.410,2026-09-19
New Hampshire,NH,Grafton,$4.369,2026-09-19
New Hampshire,NH,Hillsborough,$4.361,2026-09-19
New Hampshire,NH,Merrimack,$4.401,2026-09-19
New Hampshire,NH,Rockingham,$4.406,2026-09-19
New Hampshire,NH,Strafford,$4.429,2026-09-19
New Hampshire,NH,Sullivan,$4.314,2026-09-19
New Jersey,NJ,Atlantic,$4.419,2026-09-19
New Jersey,NJ,Bergen,$4.407,2026-09-19
New Jersey,NJ,Burlington,$4.414,2026-09-19
New Jersey,NJ,Camden,$4.409,2026-09-19
New Jersey,NJ,Cape May,$4.549,2026-09-19
New Jersey,NJ,Cumberland,$4.444,2026-09-19
New Jersey,NJ,Essex,$4.504,2026-09-19
New Jersey,NJ,Gloucester,$4.453,2026-09-19
New Jersey,NJ,Hudson,$4.422,2026-09-19
New Jersey,NJ,Hunterdon,$4.447,2026-09-19
New Jersey,NJ,Mercer,$4.380,2026-09-19
New Jersey,NJ,Middlesex,$4.425,2026-09-19
New Jersey,NJ,Monmouth,$4.428,2026-09-19
New Jersey,NJ,Morris,$4.414,2026-09-19
New Jersey,NJ,Ocean,$4.428,2026-09-19
New Jersey,NJ,Passaic,$4.443,2026-09-19
New Jersey,NJ,Salem,$4.394,2026-09-19
New Jersey,NJ,Somerset,$4.480,2026-09-19
New Jersey,NJ,Sussex,$4.378,2026-09-19
New Jersey,NJ,Union,$4.443,2026-09-19
New Jersey,NJ,Warren,$4.371,2026-09-19
New Mexico,NM,Bernalillo,$4.526,2026-09-19
New Mexico,NM,Catron,$4.886,2026-09-19
New Mexico,NM,Chaves,$4.182,2026-09-19
New Mexico,NM,Cibola,$4.487,2026-09-19
New Mexico,NM,Colfax,$4.346,2026-09-19
New Mexico,NM,Curry,$4.072,2026-09-19
New Mexico,NM,De Baca,$4.299,2026-09-19
New Mexico,NM,Dona Ana,$4.400,2026-09-19
New Mexico,NM,Eddy,$4.269,2026-09-19
New Mexico,NM,Grant,$4.551,2026-09-19
New Mexico,NM,Guadalupe,$4.426,2026-09-19
New Mexico,NM,Harding,$5.209,2026-09-19
New Mexico,NM,Hidalgo,$4.353,2026-09-19
New Mexico,NM,Lea,$4.157,2026-09-19
New Mexico,NM,Lincoln,$4.427,2026-09-19
New Mexico,NM,Los Alamos,$4.429,2026-09-19
New Mexico,NM,Luna,$4.426,2026-09-19
New Mexico,NM,McKinley,$4.483,2026-09-19
New Mexico,NM,Mora,$4.599,2026-09-19
New Mexico,NM,Otero,$4.287,2026-09-19
New Mexico,NM,Quay,$4.211,2026-09-19
New Mexico,NM,Rio Arriba,$4.518,2026-09-19
New Mexico,NM,Roosevelt,$4.134,2026-09-19
New Mexico,NM,San Juan,$4.947,2026-09-19
New Mexico,NM,San Miguel,$4.427,2026-09-19
New Mexico,NM,Sandoval,$4.523,2026-09-19
New Mexico,NM,Santa Fe,$4.566,2026-09-19
New Mexico,NM,Sierra,$4.572,2026-09-19
New Mexico,NM,Socorro,$4.377,2026-09-19
New Mexico,NM,Taos,$4.675,2026-09-19
New Mexico,NM,Torrance,$4.360,2026-09-19
New Mexico,NM,Union,$4.173,2026-09-19
New Mexico,NM,Valencia,$4.345,2026-09-19
New York,NY,Albany,$4.431,2026-09-19
New York,NY,Allegany,$4.414,2026-09-19
New York,NY,Bronx,$4.556,2026-09-19
New York,NY,Broome,$4.468,2026-09-19
New York,NY,Cattaraugus,$4.355,2026-09-19
New York,NY,Cayuga,$4.349,2026-09-19
New York,NY,Chautauqua,$4.432,2026-09-19
New York,NY,Chemung,$4.383,2026-09-19
New York,NY,Chenango,$4.464,2026-09-19
New York,NY,Clinton,$4.617,2026-09-19
New York,NY,Columbia,$4.426,2026-09-19
New York,NY,Cortland,$4.415,2026-09-19
New York,NY,Delaware,$4.495,2026-09-19
New York,NY,Dutchess,$4.477,2026-09-19
New York,NY,Erie,$4.422,2026-09-19
New York,NY,Essex,$4.761,2026-09-19
New York,NY,Franklin,$4.748,2026-09-19
New York,NY,Fulton,$4.455,2026-09-19
New York,NY,Genesee,$4.413,2026-09-19
New York,NY,Greene,$4.413,2026-09-19
New York,NY,Hamilton,$4.831,2026-09-19
New York,NY,Herkimer,$4.428,2026-09-19
New York,NY,Jefferson,$4.557,2026-09-19
New York,NY,Kings,$4.536,2026-09-19
New York,NY,Lewis,$4.610,2026-09-19
New York,NY,Livingston,$4.425,2026-09-19
New York,NY,Madison,$4.351,2026-09-19
New York,NY,Monroe,$4.402,2026-09-19
New York,NY,Montgomery,$4.424,2026-09-19
New York,NY,Nassau,$4.470,2026-09-19
New York,NY,New York,$4.752,2026-09-19
New York,NY,Niagara,$4.381,2026-09-19
New York,NY,Oneida,$4.476,2026-09-19
New York,NY,Onondaga,$4.389,2026-09-19
New York,NY,Ontario,$4.419,2026-09-19
New York,NY,Orange,$4.442,2026-09-19
New York,NY,Orleans,$4.380,2026-09-19
New York,NY,Oswego,$4.354,2026-09-19
New York,NY,Otsego,$4.482,2026-09-19
New York,NY,Putnam,$4.492,2026-09-19
New York,NY,Queens,$4.570,2026-09-19
New York,NY,Rensselaer,$4.430,2026-09-19
New York,NY,Richmond,$4.552,2026-09-19
New York,NY,Rockland,$4.648,2026-09-19
New York,NY,Saratoga,$4.450,2026-09-19
New York,NY,Schenectady,$4.397,2026-09-19
New York,NY,Schoharie,$4.437,2026-09-19
New York,NY,Schuyler,$4.399,2026-09-19
New York,NY,Seneca,$4.381,2026-09-19
New York,NY,Saint Lawrence,$4.766,2026-09-19
New York,NY,Steuben,$4.419,2026-09-19
New York,NY,Suffolk,$4.496,2026-09-19
New York,NY,Sullivan,$4.448,2026-09-19
New York,NY,Tioga,$4.427,2026-09-19
New York,NY,Tompkins,$4.429,2026-09-19
New York,NY,Ulster,$4.410,2026-09-19
New York,NY,Warren,$4.479,2026-09-19
New York,NY,Washington,$4.445,2026-09-19
New York,NY,Wayne,$4.409,2026-09-19
New York,NY,Westchester,$4.661,2026-09-19
New York,NY,Wyoming,$4.405,2026-09-19
New York,NY,Yates,$4.399,2026-09-19
North Carolina,NC,Alamance,$4.154,2026-09-19
North Carolina,NC,Alexander,$4.080,2026-09-19
North Carolina,NC,Alleghany,$4.139,2026-09-19
North Carolina,NC,Anson,$4.195,2026-09-19
North Carolina,NC,Ashe,$3.964,2026-09-19
North Carolina,NC,Avery,$4.231,2026-09-19
North Carolina,NC,Beaufort,$4.162,2026-09-19
North Carolina,NC,Bertie,$4.237,2026-09-19
North Carolina,NC,Bladen,$4.002,2026-09-19
North Carolina,NC,Brunswick,$4.041,2026-09-19
North Carolina,NC,Buncombe,$4.179,2026-09-19
North Carolina,NC,Burke,$4.125,2026-09-19
North Carolina,NC,Cabarrus,$4.217,2026-09-19
North Carolina,NC,Caldwell,$4.113,2026-09-19
North Carolina,NC,Camden,$4.169,2026-09-19
North Carolina,NC,Carteret,$4.100,2026-09-19
North Carolina,NC,Caswell,$4.144,2026-09-19
North Carolina,NC,Catawba,$4.092,2026-09-19
North Carolina,NC,Chatham,$4.162,2026-09-19
North Carolina,NC,Cherokee,$4.101,2026-09-19
North Carolina,NC,Chowan,$4.185,2026-09-19
North Carolina,NC,Clay,$3.999,2026-09-19
North Carolina,NC,Cleveland,$4.168,2026-09-19
North Carolina,NC,Columbus,$4.024,2026-09-19
North Carolina,NC,Craven,$4.154,2026-09-19
North Carolina,NC,Cumberland,$4.093,2026-09-19
North Carolina,NC,Currituck,$4.252,2026-09-19
North Carolina,NC,Dare,$4.247,2026-09-19
North Carolina,NC,Davidson,$4.114,2026-09-19
North Carolina,NC,Davie,$4.185,2026-09-19
North Carolina,NC,Duplin,$4.131,2026-09-19
North Carolina,NC,Durham,$4.182,2026-09-19
North Carolina,NC,Edgecombe,$4.144,2026-09-19
North Carolina,NC,Forsyth,$4.144,2026-09-19
North Carolina,NC,Franklin,$4.149,2026-09-19
North Carolina,NC,Gaston,$4.230,2026-09-19
North Carolina,NC,Gates,$4.167,2026-09-19
North Carolina,NC,Graham,$4.254,2026-09-19
North Carolina,NC,Granville,$4.195,2026-09-19
North Carolina,NC,Greene,$4.089,2026-09-19
North Carolina,NC,Guilford,$4.154,2026-09-19
North Carolina,NC,Halifax,$4.150,2026-09-19
North Carolina,NC,Harnett,$4.127,2026-09-19
North Carolina,NC,Haywood,$4.222,2026-09-19
North Carolina,NC,Henderson,$4.134,2026-09-19
North Carolina,NC,Hertford,$4.162,2026-09-19
North Carolina,NC,Hoke,$4.141,2026-09-19
North Carolina,NC,Hyde,$4.266,2026-09-19
North Carolina,NC,Iredell,$4.181,2026-09-19
North Carolina,NC,Jackson,$4.231,2026-09-19
North Carolina,NC,Johnston,$4.115,2026-09-19
North Carolina,NC,Jones,$4.199,2026-09-19
North Carolina,NC,Lee,$4.105,2026-09-19
North Carolina,NC,Lenoir,$4.154,2026-09-19
North Carolina,NC,Lincoln,$4.130,2026-09-19
North Carolina,NC,Macon,$4.188,2026-09-19
North Carolina,NC,Madison,$4.149,2026-09-19
North Carolina,NC,Martin,$4.127,2026-09-19
North Carolina,NC,McDowell,$4.133,2026-09-19
North Carolina,NC,Mecklenburg,$4.235,2026-09-19
North Carolina,NC,Mitchell,$4.182,2026-09-19
North Carolina,NC,Montgomery,$4.170,2026-09-19
North Carolina,NC,Moore,$4.117,2026-09-19
North Carolina,NC,Nash,$4.141,2026-09-19
North Carolina,NC,New Hanover,$4.128,2026-09-19
North Carolina,NC,Northampton,$4.166,2026-09-19
North Carolina,NC,Onslow,$4.128,2026-09-19
North Carolina,NC,Orange,$4.207,2026-09-19
North Carolina,NC,Pamlico,$4.193,2026-09-19
North Carolina,NC,Pasquotank,$4.158,2026-09-19
North Carolina,NC,Pender,$4.140,2026-09-19
North Carolina,NC,Perquimans,$4.187,2026-09-19
North Carolina,NC,Person,$4.186,2026-09-19
North Carolina,NC,Pitt,$4.120,2026-09-19
North Carolina,NC,Polk,$4.272,2026-09-19
North Carolina,NC,Randolph,$4.165,2026-09-19
North Carolina,NC,Richmond,$4.168,2026-09-19
North Carolina,NC,Robeson,$4.074,2026-09-19
North Carolina,NC,Rockingham,$4.129,2026-09-19
North Carolina,NC,Rowan,$4.183,2026-09-19
North Carolina,NC,Rutherford,$4.172,2026-09-19
North Carolina,NC,Sampson,$4.047,2026-09-19
North Carolina,NC,Scotland,$4.134,2026-09-19
North Carolina,NC,Stanly,$4.187,2026-09-19
North Carolina,NC,Stokes,$4.171,2026-09-19
North Carolina,NC,Surry,$4.107,2026-09-19
North Carolina,NC,Swain,$4.145,2026-09-19
North Carolina,NC,Transylvania,$4.224,2026-09-19
North Carolina,NC,Tyrrell,$4.207,2026-09-19
North Carolina,NC,Union,$4.171,2026-09-19
North Carolina,NC,Vance,$4.181,2026-09-19
North Carolina,NC,Wake,$4.152,2026-09-19
North Carolina,NC,Warren,$4.199,2026-09-19
North Carolina,NC,Washington,$4.199,2026-09-19
North Carolina,NC,Watauga,$4.196,2026-09-19
North Carolina,NC,Wayne,$4.064,2026-09-19
North Carolina,NC,Wilkes,$4.167,2026-09-19
North Carolina,NC,Wilson,$4.137,2026-09-19
North Carolina,NC,Yadkin,$4.133,2026-09-19
North Carolina,NC,Yancey,$4.118,2026-09-19
North Dakota,ND,Adams,$4.349,2026-09-19
North Dakota,ND,Barnes,$4.268,2026-09-19
North Dakota,ND,Benson,$4.236,2026-09-19
North Dakota,ND,Billings,$4.099,2026-09-19
North Dakota,ND,Bottineau,$4.346,2026-09-19
North Dakota,ND,Bowman,$4.407,2026-09-19
North Dakota,ND,Burke,$4.349,2026-09-19
North Dakota,ND,Burleigh,$4.302,2026-09-19
North Dakota,ND,Cass,$4.002,2026-09-19
North Dakota,ND,Cavalier,$4.199,2026-09-19
North Dakota,ND,Dickey,$4.359,2026-09-19
North Dakota,ND,Divide,$4.199,2026-09-19
North Dakota,ND,Dunn,$4.522,2026-09-19
North Dakota,ND,Eddy,$4.299,2026-09-19
North Dakota,ND,Emmons,$4.282,2026-09-19
North Dakota,ND,Foster,$4.299,2026-09-19
North Dakota,ND,Golden Valley,$4.239,2026-09-19
North Dakota,ND,Grand Forks,$4.230,2026-09-19
North Dakota,ND,Grant,$4.199,2026-09-19
North Dakota,ND,Griggs,$4.329,2026-09-19
North Dakota,ND,Hettinger,$4.232,2026-09-19
North Dakota,ND,Kidder,$4.184,2026-09-19
North Dakota,ND,LaMoure,$4.274,2026-09-19
North Dakota,ND,Logan,$4.252,2026-09-19
North Dakota,ND,McHenry,$4.319,2026-09-19
North Dakota,ND,McIntosh,$4.504,2026-09-19
North Dakota,ND,McKenzie,$4.396,2026-09-19
North Dakota,ND,McLean,$4.282,2026-09-19
North Dakota,ND,Mercer,$4.276,2026-09-19
North Dakota,ND,Morton,$4.238,2026-09-19
North Dakota,ND,Mountrail,$4.311,2026-09-19
North Dakota,ND,Nelson,$4.216,2026-09-19
North Dakota,ND,Oliver,$4.199,2026-09-19
North Dakota,ND,Pembina,$4.205,2026-09-19
North Dakota,ND,Pierce,$4.299,2026-09-19
North Dakota,ND,Ramsey,$4.230,2026-09-19
North Dakota,ND,Ransom,$4.271,2026-09-19
North Dakota,ND,Renville,$4.299,2026-09-19
North Dakota,ND,Richland,$4.186,2026-09-19
North Dakota,ND,Rolette,$4.328,2026-09-19
North Dakota,ND,Sargent,$4.174,2026-09-19
North Dakota,ND,Sheridan,$4.099,2026-09-19
North Dakota,ND,Sioux,$4.369,2026-09-19
North Dakota,ND,Slope,,2026-09-19
North Dakota,ND,Stark,$4.328,2026-09-19
North Dakota,ND,Steele,$4.386,2026-09-19
North Dakota,ND,Stutsman,$4.302,2026-09-19
North Dakota,ND,Towner,$4.242,2026-09-19
North Dakota,ND,Traill,$4.205,2026-09-19
North Dakota,ND,Walsh,$4.212,2026-09-19
North Dakota,ND,Ward,$4.302,2026-09-19
North Dakota,ND,Wells,$4.299,2026-09-19
North Dakota,ND,Williams,$4.341,2026-09-19
Ohio,OH,Adams,$4.597,2026-09-19
Ohio,OH,Allen,$4.508,2026-09-19
Ohio,OH,Ashland,$4.586,2026-09-19
Ohio,OH,Ashtabula,$4.547,2026-09-19
Ohio,OH,Athens,$4.549,2026-09-19
Ohio,OH,Auglaize,$4.513,2026-09-19
Ohio,OH,Belmont,$4.540,2026-09-19
Ohio,OH,Brown,$4.579,2026-09-19
Ohio,OH,Butler,$4.441,2026-09-19
Ohio,OH,Carroll,$4.668,2026-09-19
Ohio,OH,Champaign,$4.545,2026-09-19
Ohio,OH,Clark,$4.521,2026-09-19
Ohio,OH,Clermont,$4.533,2026-09-19
Ohio,OH,Clinton,$4.562,2026-09-19
Ohio,OH,Columbiana,$4.511,2026-09-19
Ohio,OH,Coshocton,$4.571,2026-09-19
Ohio,OH,Crawford,$4.558,2026-09-19
Ohio,OH,Cuyahoga,$4.619,2026-09-19
Ohio,OH,Darke,$4.498,2026-09-19
Ohio,OH,Defiance,$4.440,2026-09-19
Ohio,OH,Delaware,$4.557,2026-09-19
Ohio,OH,Erie,$4.590,2026-09-19
Ohio,OH,Fairfield,$4.567,2026-09-19
Ohio,OH,Fayette,$4.488,2026-09-19
Ohio,OH,Franklin,$4.549,2026-09-19
Ohio,OH,Fulton,$4.595,2026-09-19
Ohio,OH,Gallia,$4.516,2026-09-19
Ohio,OH,Geauga,$4.588,2026-09-19
Ohio,OH,Greene,$4.542,2026-09-19
Ohio,OH,Guernsey,$4.575,2026-09-19
Ohio,OH,Hamilton,$4.542,2026-09-19
Ohio,OH,Hancock,$4.548,2026-09-19
Ohio,OH,Hardin,$4.484,2026-09-19
Ohio,OH,Harrison,$4.528,2026-09-19
Ohio,OH,Henry,$4.521,2026-09-19
Ohio,OH,Highland,$4.573,2026-09-19
Ohio,OH,Hocking,$4.578,2026-09-19
Ohio,OH,Holmes,$4.566,2026-09-19
Ohio,OH,Huron,$4.589,2026-09-19
Ohio,OH,Jackson,$4.531,2026-09-19
Ohio,OH,Jefferson,$4.566,2026-09-19
Ohio,OH,Knox,$4.503,2026-09-19
Ohio,OH,Lake,$4.543,2026-09-19
Ohio,OH,Lawrence,$4.514,2026-09-19
Ohio,OH,Licking,$4.575,2026-09-19
Ohio,OH,Logan,$4.484,2026-09-19
Ohio,OH,Lorain,$4.498,2026-09-19
Ohio,OH,Lucas,$4.535,2026-09-19
Ohio,OH,Madison,$4.623,2026-09-19
Ohio,OH,Mahoning,$4.515,2026-09-19
Ohio,OH,Marion,$4.480,2026-09-19
Ohio,OH,Medina,$4.575,2026-09-19
Ohio,OH,Meigs,$4.275,2026-09-19
Ohio,OH,Mercer,$4.483,2026-09-19
Ohio,OH,Miami,$4.542,2026-09-19
Ohio,OH,Monroe,$4.627,2026-09-19
Ohio,OH,Montgomery,$4.502,2026-09-19
Ohio,OH,Morgan,$4.568,2026-09-19
Ohio,OH,Morrow,$4.598,2026-09-19
Ohio,OH,Muskingum,$4.469,2026-09-19
Ohio,OH,Noble,$4.539,2026-09-19
Ohio,OH,Ottawa,$4.578,2026-09-19
Ohio,OH,Paulding,$4.547,2026-09-19
Ohio,OH,Perry,$4.526,2026-09-19
Ohio,OH,Pickaway,$4.620,2026-09-19
Ohio,OH,Pike,$4.582,2026-09-19
Ohio,OH,Portage,$4.532,2026-09-19
Ohio,OH,Preble,$4.304,2026-09-19
Ohio,OH,Putnam,$4.547,2026-09-19
Ohio,OH,Richland,$4.511,2026-09-19
Ohio,OH,Ross,$4.534,2026-09-19
Ohio,OH,Sandusky,$4.579,2026-09-19
Ohio,OH,Scioto,$4.435,2026-09-19
Ohio,OH,Seneca,$4.523,2026-09-19
Ohio,OH,Shelby,$4.520,2026-09-19
Ohio,OH,Stark,$4.565,2026-09-19
Ohio,OH,Summit,$4.537,2026-09-19
Ohio,OH,Trumbull,$4.505,2026-09-19
Ohio,OH,Tuscarawas,$4.546,2026-09-19
Ohio,OH,Union,$4.593,2026-09-19
Ohio,OH,Van Wert,$4.549,2026-09-19
Ohio,OH,Vinton,$4.499,2026-09-19
Ohio,OH,Warren,$4.446,2026-09-19
Ohio,OH,Washington,$4.481,2026-09-19
Ohio,OH,Wayne,$4.559,2026-09-19
Ohio,OH,Williams,$4.536,2026-09-19
Ohio,OH,Wood,$4.511,2026-09-19
Ohio,OH,Wyandot,$4.566,2026-09-19
Oklahoma,OK,Adair,$3.971,2026-09-19
Oklahoma,OK,Alfalfa,$4.082,2026-09-19
Oklahoma,OK,Atoka,$4.134,2026-09-19
Oklahoma,OK,Beaver,$4.117,2026-09-19
Oklahoma,OK,Beckham,$3.994,2026-09-19
Oklahoma,OK,Blaine,$4.062,2026-09-19
Oklahoma,OK,Bryan,$3.947,2026-09-19
Oklahoma,OK,Caddo,$4.078,2026-09-19
Oklahoma,OK,Canadian,$4.039,2026-09-19
Oklahoma,OK,Carter,$4.098,2026-09-19
Oklahoma,OK,Cherokee,$4.098,2026-09-19
Oklahoma,OK,Choctaw,$4.021,2026-09-19
Oklahoma,OK,Cimarron,$3.909,2026-09-19
Oklahoma,OK,Cleveland,$4.084,2026-09-19
Oklahoma,OK,Coal,$4.599,2026-09-19
Oklahoma,OK,Comanche,$3.963,2026-09-19
Oklahoma,OK,Cotton,$4.172,2026-09-19
Oklahoma,OK,Craig,$3.987,2026-09-19
Oklahoma,OK,Creek,$4.024,2026-09-19
Oklahoma,OK,Custer,$4.143,2026-09-19
Oklahoma,OK,Delaware,$4.045,2026-09-19
Oklahoma,OK,Dewey,$4.454,2026-09-19
Oklahoma,OK,Ellis,$4.457,2026-09-19
Oklahoma,OK,Garfield,$4.070,2026-09-19
Oklahoma,OK,Garvin,$4.148,2026-09-19
Oklahoma,OK,Grady,$4.119,2026-09-19
Oklahoma,OK,Grant,$3.999,2026-09-19
Oklahoma,OK,Greer,$3.999,2026-09-19
Oklahoma,OK,Harmon,$4.249,2026-09-19
Oklahoma,OK,Harper,$4.013,2026-09-19
Oklahoma,OK,Haskell,$3.994,2026-09-19
Oklahoma,OK,Hughes,$4.263,2026-09-19
Oklahoma,OK,Jackson,$3.995,2026-09-19
Oklahoma,OK,Jefferson,$4.085,2026-09-19
Oklahoma,OK,Johnston,$4.159,2026-09-19
Oklahoma,OK,Kay,$4.025,2026-09-19
Oklahoma,OK,Kingfisher,$4.181,2026-09-19
Oklahoma,OK,Kiowa,$4.090,2026-09-19
Oklahoma,OK,Latimer,$4.049,2026-09-19
Oklahoma,OK,Le Flore,$4.030,2026-09-19
Oklahoma,OK,Lincoln,$4.237,2026-09-19
Oklahoma,OK,Logan,$4.363,2026-09-19
Oklahoma,OK,Love,$4.143,2026-09-19
Oklahoma,OK,Major,$3.949,2026-09-19
Oklahoma,OK,Marshall,$4.262,2026-09-19
Oklahoma,OK,Mayes,$3.994,2026-09-19
Oklahoma,OK,McClain,$4.296,2026-09-19
Oklahoma,OK,McCurtain,$4.143,2026-09-19
Oklahoma,OK,McIntosh,$4.139,2026-09-19
Oklahoma,OK,Murray,$4.231,2026-09-19
Oklahoma,OK,Muskogee,$3.997,2026-09-19
Oklahoma,OK,Noble,$4.147,2026-09-19
Oklahoma,OK,Nowata,$3.995,2026-09-19
Oklahoma,OK,Okfuskee,$4.199,2026-09-19
Oklahoma,OK,Oklahoma,$4.032,2026-09-19
Oklahoma,OK,Okmulgee,$3.973,2026-09-19
Oklahoma,OK,Osage,$4.131,2026-09-19
Oklahoma,OK,Ottawa,$4.004,2026-09-19
Oklahoma,OK,Pawnee,$4.103,2026-09-19
Oklahoma,OK,Payne,$4.041,2026-09-19
Oklahoma,OK,Pittsburg,$3.971,2026-09-19
Oklahoma,OK,Pontotoc,$4.122,2026-09-19
Oklahoma,OK,Pottawatomie,$4.043,2026-09-19
Oklahoma,OK,Pushmataha,$4.097,2026-09-19
Oklahoma,OK,Roger Mills,$4.360,2026-09-19
Oklahoma,OK,Rogers,$3.998,2026-09-19
Oklahoma,OK,Seminole,$4.001,2026-09-19
Oklahoma,OK,Sequoyah,$4.019,2026-09-19
Oklahoma,OK,Stephens,$4.021,2026-09-19
Oklahoma,OK,Texas,$3.997,2026-09-19
Oklahoma,OK,Tillman,$3.879,2026-09-19
Oklahoma,OK,Tulsa,$4.008,2026-09-19
Oklahoma,OK,Wagoner,$3.974,2026-09-19
Oklahoma,OK,Washington,$4.021,2026-09-19
Oklahoma,OK,Washita,$3.968,2026-09-19
Oklahoma,OK,Woods,$4.120,2026-09-19
Oklahoma,OK,Woodward,$3.997,2026-09-19
Oregon,OR,Baker,$4.996,2026-09-19
Oregon,OR,Benton,$4.908,2026-09-19
Oregon,OR,Clackamas,$5.107,2026-09-19
Oregon,OR,Clatsop,$5.251,2026-09-19
Oregon,OR,Columbia,$5.175,2026-09-19
Oregon,OR,Coos,$5.108,2026-09-19
Oregon,OR,Crook,$5.143,2026-09-19
Oregon,OR,Curry,$5.352,2026-09-19
Oregon,OR,Deschutes,$5.008,2026-09-19
Oregon,OR,Douglas,$5.114,2026-09-19
Oregon,OR,Gilliam,$4.949,2026-09-19
Oregon,OR,Grant,$5.197,2026-09-19
Oregon,OR,Harney,$5.196,2026-09-19
Oregon,OR,Hood River,$5.128,2026-09-19
Oregon,OR,Jackson,$5.144,2026-09-19
Oregon,OR,Jefferson,$4.984,2026-09-19
Oregon,OR,Josephine,$5.210,2026-09-19
Oregon,OR,Klamath,$5.039,2026-09-19
Oregon,OR,Lake,$5.116,2026-09-19
Oregon,OR,Lane,$5.127,2026-09-19
Oregon,OR,Lincoln,$4.952,2026-09-19
Oregon,OR,Linn,$5.000,2026-09-19
Oregon,OR,Malheur,$5.167,2026-09-19
Oregon,OR,Marion,$4.896,2026-09-19
Oregon,OR,Morrow,$4.923,2026-09-19
Oregon,OR,Multnomah,$5.181,2026-09-19
Oregon,OR,Polk,$4.958,2026-09-19
Oregon,OR,Sherman,$4.866,2026-09-19
Oregon,OR,Tillamook,$5.374,2026-09-19
Oregon,OR,Umatilla,$5.105,2026-09-19
Oregon,OR,Union,$5.298,2026-09-19
Oregon,OR,Wallowa,$5.411,2026-09-19
Oregon,OR,Wasco,$5.108,2026-09-19
Oregon,OR,Washington,$5.104,2026-09-19
Oregon,OR,Wheeler,,2026-09-19
Oregon,OR,Yamhill,$5.100,2026-09-19
Maryland,MD,Allegany,$4.529,2026-09-19
Maryland,MD,Anne Arundel,$4.197,2026-09-19
Maryland,MD,Baltimore City,$4.183,2026-09-19
Maryland,MD,Baltimore,$4.185,2026-09-19
Maryland,MD,Calvert,$4.165,2026-09-19
Maryland,MD,Cecil,$4.181,2026-09-19
Maryland,MD,Charles,$4.183,2026-09-19
Maryland,MD,Carroll,$4.139,2026-09-19
Maryland,MD,Caroline,$4.210,2026-09-19
Maryland,MD,Dorchester,$4.193,2026-09-19
Maryland,MD,Frederick,$4.201,2026-09-19
Maryland,MD,Garrett,$4.531,2026-09-19
Maryland,MD,Harford,$4.198,2026-09-19
Maryland,MD,Howard,$4.270,2026-09-19
Maryland,MD,Kent,$4.256,2026-09-19
Maryland,MD,Montgomery,$4.297,2026-09-19
Maryland,MD,Prince Georges,$4.225,2026-09-19
Maryland,MD,Queen Annes,$4.200,2026-09-19
Maryland,MD,Saint Marys,$4.165,2026-09-19
Maryland,MD,Somerset,$4.231,2026-09-19
Maryland,MD,Talbot,$4.223,2026-09-19
Maryland,MD,Washington,$4.174,2026-09-19
Maryland,MD,Wicomico,$4.204,2026-09-19
Maryland,MD,Worcester,$4.210,2026-09-19
Massachusetts,MA,Barnstable,$4.408,2026-09-19
Massachusetts,MA,Berkshire,$4.403,2026-09-19
Massachusetts,MA,Bristol,$4.288,2026-09-19
Massachusetts,MA,Dukes,$5.437,2026-09-19
Massachusetts,MA,Essex,$4.438,2026-09-19
Massachusetts,MA,Franklin,$4.373,2026-09-19
Massachusetts,MA,Hampden,$4.298,2026-09-19
Massachusetts,MA,Hampshire,$4.343,2026-09-19
Massachusetts,MA,Middlesex,$4.449,2026-09-19
Massachusetts,MA,Nantucket,$5.794,2026-09-19
Massachusetts,MA,Norfolk,$4.408,2026-09-19
Massachusetts,MA,Plymouth,$4.352,2026-09-19
Massachusetts,MA,Suffolk,$4.567,2026-09-19
Massachusetts,MA,Worcester,$4.392,2026-09-19
Michigan,MI,Alcona,$4.983,2026-09-19
Michigan,MI,Alger,$4.775,2026-09-19
Michigan,MI,Allegan,$4.951,2026-09-19
Michigan,MI,Alpena,$4.960,2026-09-19
Michigan,MI,Antrim,$4.992,2026-09-19
Michigan,MI,Arenac,$4.987,2026-09-19
Michigan,MI,Baraga,$4.569,2026-09-19
Michigan,MI,Barry,$4.975,2026-09-19
Michigan,MI,Bay,$4.969,2026-09-19
Michigan,MI,Benzie,$4.991,2026-09-19
Michigan,MI,Berrien,$4.923,2026-09-19
Michigan,MI,Branch,$4.958,2026-09-19
Michigan,MI,Calhoun,$4.919,2026-09-19
Michigan,MI,Cass,$4.950,2026-09-19
Michigan,MI,Charlevoix,$4.972,2026-09-19
Michigan,MI,Cheboygan,$4.977,2026-09-19
Michigan,MI,Chippewa,$4.949,2026-09-19
Michigan,MI,Clare,$4.970,2026-09-19
Michigan,MI,Clinton,$4.929,2026-09-19
Michigan,MI,Crawford,$4.955,2026-09-19
Michigan,MI,Delta,$4.802,2026-09-19
Michigan,MI,Dickinson,$4.760,2026-09-19
Michigan,MI,Eaton,$4.956,2026-09-19
Michigan,MI,Emmet,$4.996,2026-09-19
Michigan,MI,Genesee,$4.918,2026-09-19
Michigan,MI,Gladwin,$4.967,2026-09-19
Michigan,MI,Gogebic,$4.807,2026-09-19
Michigan,MI,Grand Traverse,$4.908,2026-09-19
Michigan,MI,Gratiot,$4.972,2026-09-19
Michigan,MI,Hillsdale,$4.966,2026-09-19
Michigan,MI,Houghton,$4.751,2026-09-19
Michigan,MI,Huron,$4.979,2026-09-19
Michigan,MI,Ingham,$4.967,2026-09-19
Michigan,MI,Ionia,$4.918,2026-09-19
Michigan,MI,Iosco,$4.976,2026-09-19
Michigan,MI,Iron,$4.749,2026-09-19
Michigan,MI,Isabella,$4.938,2026-09-19
Michigan,MI,Jackson,$4.961,2026-09-19
Michigan,MI,Kalamazoo,$4.956,2026-09-19
Michigan,MI,Kalkaska,$4.998,2026-09-19
Michigan,MI,Kent,$4.935,2026-09-19
Michigan,MI,Keweenaw,,2026-09-19
Michigan,MI,Lake,$4.993,2026-09-19
Michigan,MI,Lapeer,$4.923,2026-09-19
Michigan,MI,Leelanau,$4.995,2026-09-19
Michigan,MI,Lenawee,$4.919,2026-09-19
Michigan,MI,Livingston,$4.991,2026-09-19
Michigan,MI,Luce,$4.852,2026-09-19
Michigan,MI,Mackinac,$4.772,2026-09-19
Michigan,MI,Macomb,$4.936,2026-09-19
Michigan,MI,Manistee,$4.990,2026-09-19
Michigan,MI,Marquette,$4.786,2026-09-19
Michigan,MI,Mason,$4.984,2026-09-19
Michigan,MI,Mecosta,$4.989,2026-09-19
Michigan,MI,Menominee,$4.693,2026-09-19
Michigan,MI,Midland,$4.956,2026-09-19
Michigan,MI,Missaukee,$4.969,2026-09-19
Michigan,MI,Monroe,$4.878,2026-09-19
Michigan,MI,Montcalm,$4.931,2026-09-19
Michigan,MI,Montmorency,$4.850,2026-09-19
Michigan,MI,Muskegon,$4.945,2026-09-19
Michigan,MI,Newaygo,$4.923,2026-09-19
Michigan,MI,Oakland,$4.966,2026-09-19
Michigan,MI,Oceana,$4.961,2026-09-19
Michigan,MI,Ogemaw,$4.940,2026-09-19
Michigan,MI,Ontonagon,$4.871,2026-09-19
Michigan,MI,Osceola,$4.976,2026-09-19
Michigan,MI,Oscoda,$4.966,2026-09-19
Michigan,MI,Otsego,$4.934,2026-09-19
Michigan,MI,Ottawa,$4.957,2026-09-19
Michigan,MI,Presque Isle,$4.996,2026-09-19
Michigan,MI,Roscommon,$4.961,2026-09-19
Michigan,MI,Saginaw,$4.942,2026-09-19
Michigan,MI,Sanilac,$4.943,2026-09-19
Michigan,MI,Schoolcraft,$4.770,2026-09-19
Michigan,MI,Shiawassee,$4.952,2026-09-19
Michigan,MI,Saint Clair,$4.944,2026-09-19
Michigan,MI,Saint Joseph,$4.943,2026-09-19
Michigan,MI,Tuscola,$4.948,2026-09-19
Michigan,MI,Van Buren,$4.955,2026-09-19
Michigan,MI,Washtenaw,$4.975,2026-09-19
Michigan,MI,Wayne,$4.888,2026-09-19
Michigan,MI,Wexford,$4.962,2026-09-19
Minnesota,MN,Aitkin,$4.246,2026-09-19
Minnesota,MN,Anoka,$4.435,2026-09-19
Minnesota,MN,Becker,$4.435,2026-09-19
Minnesota,MN,Beltrami,$4.286,2026-09-19
Minnesota,MN,Benton,$4.401,2026-09-19
Minnesota,MN,Big Stone,$4.289,2026-09-19
Minnesota,MN,Blue Earth,$4.416,2026-09-19
Minnesota,MN,Brown,$4.439,2026-09-19
Minnesota,MN,Carlton,$4.435,2026-09-19
Minnesota,MN,Carver,$4.458,2026-09-19
Minnesota,MN,Cass,$4.282,2026-09-19
Minnesota,MN,Chippewa,$4.424,2026-09-19
Minnesota,MN,Chisago,$4.481,2026-09-19
Minnesota,MN,Clay,$4.075,2026-09-19
Minnesota,MN,Clearwater,$4.359,2026-09-19
Minnesota,MN,Cook,$4.491,2026-09-19
Minnesota,MN,Cottonwood,$4.499,2026-09-19
Minnesota,MN,Crow Wing,$4.332,2026-09-19
Minnesota,MN,Dakota,$4.467,2026-09-19
Minnesota,MN,Dodge,$4.499,2026-09-19
Minnesota,MN,Douglas,$4.319,2026-09-19
Minnesota,MN,Faribault,$4.450,2026-09-19
Minnesota,MN,Fillmore,$4.430,2026-09-19
Minnesota,MN,Freeborn,$4.472,2026-09-19
Minnesota,MN,Goodhue,$4.446,2026-09-19
Minnesota,MN,Grant,$4.249,2026-09-19
Minnesota,MN,Hennepin,$4.445,2026-09-19
Minnesota,MN,Houston,$4.367,2026-09-19
Minnesota,MN,Hubbard,$4.316,2026-09-19
Minnesota,MN,Isanti,$4.385,2026-09-19
Minnesota,MN,Itasca,$4.296,2026-09-19
Minnesota,MN,Jackson,$4.555,2026-09-19
Minnesota,MN,Kanabec,$4.406,2026-09-19
Minnesota,MN,Kandiyohi,$4.414,2026-09-19
Minnesota,MN,Kittson,$4.224,2026-09-19
Minnesota,MN,Koochiching,$4.216,2026-09-19
Minnesota,MN,Lac Qui Parle,$4.429,2026-09-19
Minnesota,MN,Lake,$4.520,2026-09-19
Minnesota,MN,Lake of the Woods,$4.212,2026-09-19
Minnesota,MN,Le Sueur,$4.449,2026-09-19
Minnesota,MN,Lincoln,$4.339,2026-09-19
Minnesota,MN,Lyon,$4.487,2026-09-19
Minnesota,MN,Mahnomen,$4.201,2026-09-19
Minnesota,MN,Marshall,$4.216,2026-09-19
Minnesota,MN,Martin,$4.419,2026-09-19
Minnesota,MN,McLeod,$4.403,2026-09-19
Minnesota,MN,Meeker,$4.450,2026-09-19
Minnesota,MN,Mille Lacs,$4.407,2026-09-19
Minnesota,MN,Morrison,$4.366,2026-09-19
Minnesota,MN,Mower,$4.403,2026-09-19
Minnesota,MN,Murray,$4.334,2026-09-19
Minnesota,MN,Nicollet,$4.454,2026-09-19
Minnesota,MN,Nobles,$4.403,2026-09-19
Minnesota,MN,Norman,$4.265,2026-09-19
Minnesota,MN,Olmsted,$4.478,2026-09-19
Minnesota,MN,Otter Tail,$4.304,2026-09-19
Minnesota,MN,Pennington,$4.289,2026-09-19
Minnesota,MN,Pine,$4.378,2026-09-19
Minnesota,MN,Pipestone,$4.274,2026-09-19
Minnesota,MN,Polk,$4.302,2026-09-19
Minnesota,MN,Pope,$4.265,2026-09-19
Minnesota,MN,Ramsey,$4.462,2026-09-19
Minnesota,MN,Red Lake,$4.299,2026-09-19
Minnesota,MN,Redwood,$4.456,2026-09-19
Minnesota,MN,Renville,$4.465,2026-09-19
Minnesota,MN,Rice,$4.419,2026-09-19
Minnesota,MN,Rock,$4.327,2026-09-19
Minnesota,MN,Roseau,$4.274,2026-09-19
Minnesota,MN,Scott,$4.455,2026-09-19
Minnesota,MN,Sherburne,$4.444,2026-09-19
Minnesota,MN,Sibley,$4.434,2026-09-19
Minnesota,MN,Saint Louis,$4.324,2026-09-19
Minnesota,MN,Stearns,$4.356,2026-09-19
Minnesota,MN,Steele,$4.429,2026-09-19
Minnesota,MN,Stevens,$4.334,2026-09-19
Minnesota,MN,Swift,$4.384,2026-09-19
Minnesota,MN,Todd,$4.388,2026-09-19
Minnesota,MN,Traverse,$4.449,2026-09-19
Minnesota,MN,Wabasha,$4.341,2026-09-19
Minnesota,MN,Wadena,$4.389,2026-09-19
Minnesota,MN,Waseca,$4.494,2026-09-19
Minnesota,MN,Washington,$4.445,2026-09-19
Minnesota,MN,Watonwan,$4.499,2026-09-19
Minnesota,MN,Wilkin,$4.199,2026-09-19
Minnesota,MN,Winona,$4.324,2026-09-19
Minnesota,MN,Wright,$4.413,2026-09-19
Minnesota,MN,Yellow Medicine,$4.455,2026-09-19
Mississippi,MS,Adams,$3.991,2026-09-19
Mississippi,MS,Alcorn,$3.897,2026-09-19
Mississippi,MS,Amite,$3.969,2026-09-19
Mississippi,MS,Attala,$4.097,2026-09-19
Mississippi,MS,Benton,$3.936,2026-09-19
Mississippi,MS,Bolivar,$3.926,2026-09-19
Mississippi,MS,Calhoun,$3.990,2026-09-19
Mississippi,MS,Carroll,$4.049,2026-09-19
Mississippi,MS,Chickasaw,$3.960,2026-09-19
Mississippi,MS,Choctaw,$3.959,2026-09-19
Mississippi,MS,Claiborne,$4.301,2026-09-19
Mississippi,MS,Clarke,$4.033,2026-09-19
Mississippi,MS,Clay,$3.918,2026-09-19
Mississippi,MS,Coahoma,$4.099,2026-09-19
Mississippi,MS,Copiah,$4.005,2026-09-19
Mississippi,MS,Covington,$3.921,2026-09-19
Mississippi,MS,De Soto,$4.005,2026-09-19
Mississippi,MS,Forrest,$3.879,2026-09-19
Mississippi,MS,Franklin,$4.019,2026-09-19
Mississippi,MS,George,$3.918,2026-09-19
Mississippi,MS,Greene,$3.962,2026-09-19
Mississippi,MS,Grenada,$3.897,2026-09-19
Mississippi,MS,Hancock,$3.913,2026-09-19
Mississippi,MS,Harrison,$3.916,2026-09-19
Mississippi,MS,Hinds,$3.939,2026-09-19
Mississippi,MS,Holmes,$3.928,2026-09-19
Mississippi,MS,Humphreys,$3.991,2026-09-19
Mississippi,MS,Issaquena,,2026-09-19
Mississippi,MS,Itawamba,$3.904,2026-09-19
Mississippi,MS,Jackson,$3.942,2026-09-19
Mississippi,MS,Jasper,$3.917,2026-09-19
Mississippi,MS,Jefferson,$4.252,2026-09-19
Mississippi,MS,Jefferson Davis,$3.962,2026-09-19
Mississippi,MS,Jones,$3.824,2026-09-19
Mississippi,MS,Kemper,$4.099,2026-09-19
Mississippi,MS,Lafayette,$4.188,2026-09-19
Mississippi,MS,Lamar,$3.882,2026-09-19
Mississippi,MS,Lauderdale,$4.059,2026-09-19
Mississippi,MS,Lawrence,$4.032,2026-09-19
Mississippi,MS,Leake,$4.004,2026-09-19
Mississippi,MS,Lee,$3.973,2026-09-19
Mississippi,MS,Leflore,$3.952,2026-09-19
Mississippi,MS,Lincoln,$4.023,2026-09-19
Mississippi,MS,Lowndes,$3.974,2026-09-19
Mississippi,MS,Madison,$3.984,2026-09-19
Mississippi,MS,Marion,$4.042,2026-09-19
Mississippi,MS,Marshall,$4.014,2026-09-19
Mississippi,MS,Monroe,$3.995,2026-09-19
Mississippi,MS,Montgomery,$3.962,2026-09-19
Mississippi,MS,Neshoba,$4.001,2026-09-19
Mississippi,MS,Newton,$4.157,2026-09-19
Mississippi,MS,Noxubee,$4.116,2026-09-19
Mississippi,MS,Oktibbeha,$3.950,2026-09-19
Mississippi,MS,Panola,$4.043,2026-09-19
Mississippi,MS,Pearl River,$3.963,2026-09-19
Mississippi,MS,Perry,$3.961,2026-09-19
Mississippi,MS,Pike,$3.982,2026-09-19
Mississippi,MS,Pontotoc,$3.990,2026-09-19
Mississippi,MS,Prentiss,$4.018,2026-09-19
Mississippi,MS,Quitman,$4.232,2026-09-19
Mississippi,MS,Rankin,$3.922,2026-09-19
Mississippi,MS,Scott,$4.043,2026-09-19
Mississippi,MS,Sharkey,$3.999,2026-09-19
Mississippi,MS,Simpson,$3.948,2026-09-19
Mississippi,MS,Smith,$3.984,2026-09-19
Mississippi,MS,Stone,$3.934,2026-09-19
Mississippi,MS,Sunflower,$3.972,2026-09-19
Mississippi,MS,Tallahatchie,$3.964,2026-09-19
Mississippi,MS,Tate,$4.021,2026-09-19
Mississippi,MS,Tippah,$3.996,2026-09-19
Mississippi,MS,Tishomingo,$3.954,2026-09-19
Mississippi,MS,Tunica,$4.166,2026-09-19
Mississippi,MS,Union,$3.931,2026-09-19
Mississippi,MS,Walthall,$4.089,2026-09-19
Mississippi,MS,Warren,$4.008,2026-09-19
Mississippi,MS,Washington,$3.975,2026-09-19
Mississippi,MS,Wayne,$3.925,2026-09-19
Mississippi,MS,Webster,$3.986,2026-09-19
Mississippi,MS,Wilkinson,$3.982,2026-09-19
Mississippi,MS,Winston,$3.987,2026-09-19
Mississippi,MS,Yalobusha,$4.043,2026-09-19
Mississippi,MS,Yazoo,$3.867,2026-09-19
Missouri,MO,Adair,$4.188,2026-09-19
Missouri,MO,Andrew,$4.282,2026-09-19
Missouri,MO,Atchison,$4.158,2026-09-19
Missouri,MO,Audrain,$4.180,2026-09-19
Missouri,MO,Barry,$4.113,2026-09-19
Missouri,MO,Barton,$4.154,2026-09-19
Missouri,MO,Bates,$4.296,2026-09-19
Missouri,MO,Benton,$4.162,2026-09-19
Missouri,MO,Bollinger,$4.242,2026-09-19
Missouri,MO,Boone,$4.198,2026-09-19
Missouri,MO,Buchanan,$4.217,2026-09-19
Missouri,MO,Butler,$4.219,2026-09-19
Missouri,MO,Caldwell,$4.232,2026-09-19
Missouri,MO,Callaway,$4.174,2026-09-19
Missouri,MO,Camden,$4.147,2026-09-19
Missouri,MO,Cape Girardeau,$4.121,2026-09-19
Missouri,MO,Carroll,$4.299,2026-09-19
Missouri,MO,Carter,$4.124,2026-09-19
Missouri,MO,Cass,$4.246,2026-09-19
Missouri,MO,Cedar,$4.266,2026-09-19
Missouri,MO,Chariton,$4.196,2026-09-19
Missouri,MO,Christian,$4.202,2026-09-19
Missouri,MO,Clark,$4.209,2026-09-19
Missouri,MO,Clay,$4.261,2026-09-19
Missouri,MO,Clinton,$4.263,2026-09-19
Missouri,MO,Cole,$4.192,2026-09-19
Missouri,MO,Cooper,$4.174,2026-09-19
Missouri,MO,Crawford,$4.237,2026-09-19
Missouri,MO,Dade,$4.144,2026-09-19
Missouri,MO,Dallas,$4.204,2026-09-19
Missouri,MO,Daviess,$4.215,2026-09-19
Missouri,MO,DeKalb,$4.249,2026-09-19
Missouri,MO,Dent,$4.299,2026-09-19
Missouri,MO,Douglas,$4.221,2026-09-19
Missouri,MO,Dunklin,$4.206,2026-09-19
Missouri,MO,Franklin,$4.154,2026-09-19
Missouri,MO,Gasconade,$4.220,2026-09-19
Missouri,MO,Gentry,$4.299,2026-09-19
Missouri,MO,Greene,$4.193,2026-09-19
Missouri,MO,Grundy,$4.199,2026-09-19
Missouri,MO,Harrison,$4.292,2026-09-19
Missouri,MO,Henry,$4.248,2026-09-19
Missouri,MO,Hickory,$4.239,2026-09-19
Missouri,MO,Holt,$4.199,2026-09-19
Missouri,MO,Howard,$4.216,2026-09-19
Missouri,MO,Howell,$4.221,2026-09-19
Missouri,MO,Iron,$4.193,2026-09-19
Missouri,MO,Jackson,$4.254,2026-09-19
Missouri,MO,Jasper,$4.024,2026-09-19
Missouri,MO,Jefferson,$4.160,2026-09-19
Missouri,MO,Johnson,$4.271,2026-09-19
Missouri,MO,Knox,$4.199,2026-09-19
Missouri,MO,Laclede,$4.269,2026-09-19
Missouri,MO,Lafayette,$4.279,2026-09-19
Missouri,MO,Lawrence,$4.231,2026-09-19
Missouri,MO,Lewis,$4.175,2026-09-19
Missouri,MO,Lincoln,$4.160,2026-09-19
Missouri,MO,Linn,$4.228,2026-09-19
Missouri,MO,Livingston,$4.295,2026-09-19
Missouri,MO,Macon,$4.185,2026-09-19
Missouri,MO,Madison,$4.129,2026-09-19
Missouri,MO,Maries,$4.228,2026-09-19
Missouri,MO,Marion,$4.171,2026-09-19
Missouri,MO,McDonald,$4.107,2026-09-19
Missouri,MO,Mercer,$4.071,2026-09-19
Missouri,MO,Miller,$4.200,2026-09-19
Missouri,MO,Mississippi,$4.074,2026-09-19
Missouri,MO,Moniteau,$4.180,2026-09-19
Missouri,MO,Monroe,$4.196,2026-09-19
Missouri,MO,Montgomery,$4.205,2026-09-19
Missouri,MO,Morgan,$4.206,2026-09-19
Missouri,MO,New Madrid,$4.132,2026-09-19
Missouri,MO,Newton,$4.090,2026-09-19
Missouri,MO,Nodaway,$4.207,2026-09-19
Missouri,MO,Oregon,$4.245,2026-09-19
Missouri,MO,Osage,$4.180,2026-09-19
Missouri,MO,Ozark,$4.239,2026-09-19
Missouri,MO,Pemiscot,$4.227,2026-09-19
Missouri,MO,Perry,$4.170,2026-09-19
Missouri,MO,Pettis,$4.173,2026-09-19
Missouri,MO,Phelps,$4.202,2026-09-19
Missouri,MO,Pike,$4.199,2026-09-19
Missouri,MO,Platte,$4.301,2026-09-19
Missouri,MO,Polk,$4.292,2026-09-19
Missouri,MO,Pulaski,$4.249,2026-09-19
Missouri,MO,Putnam,$4.199,2026-09-19
Missouri,MO,Ralls,$4.194,2026-09-19
Missouri,MO,Randolph,$4.197,2026-09-19
Missouri,MO,Ray,$4.280,2026-09-19
Missouri,MO,Reynolds,$4.229,2026-09-19
Missouri,MO,Ripley,$4.191,2026-09-19
Missouri,MO,Saline,$4.209,2026-09-19
Missouri,MO,Schuyler,$4.199,2026-09-19
Missouri,MO,Scotland,$4.199,2026-09-19
Missouri,MO,Scott,$4.201,2026-09-19
Missouri,MO,Shannon,$4.301,2026-09-19
Missouri,MO,Shelby,$4.199,2026-09-19
Missouri,MO,Saint Charles,$4.155,2026-09-19
Missouri,MO,Saint Clair,$4.282,2026-09-19
Missouri,MO,Saint Francois,$4.095,2026-09-19
Missouri,MO,Saint Louis,$4.126,2026-09-19
Missouri,MO,Saint Louis City,$4.120,2026-09-19
Missouri,MO,Sainte Genevieve,$4.128,2026-09-19
Missouri,MO,Stoddard,$4.143,2026-09-19
Missouri,MO,Stone,$4.221,2026-09-19
Missouri,MO,Sullivan,$4.199,2026-09-19
Missouri,MO,Taney,$4.282,2026-09-19
Missouri,MO,Texas,$4.285,2026-09-19
Missouri,MO,Vernon,$4.206,2026-09-19
Missouri,MO,Warren,$4.177,2026-09-19
Missouri,MO,Washington,$3.954,2026-09-19
Missouri,MO,Wayne,$4.253,2026-09-19
Missouri,MO,Webster,$4.179,2026-09-19
Missouri,MO,Worth,$4.229,2026-09-19
Missouri,MO,Wright,$4.202,2026-09-19
Pennsylvania,PA,Adams,$4.511,2026-09-19
Pennsylvania,PA,Allegheny,$4.742,2026-09-19
Pennsylvania,PA,Armstrong,$4.693,2026-09-19
Pennsylvania,PA,Beaver,$4.745,2026-09-19
Pennsylvania,PA,Bedford,$4.518,2026-09-19
Pennsylvania,PA,Berks,$4.507,2026-09-19
Pennsylvania,PA,Blair,$4.616,2026-09-19
Pennsylvania,PA,Bradford,$4.556,2026-09-19
Pennsylvania,PA,Bucks,$4.537,2026-09-19
Pennsylvania,PA,Butler,$4.752,2026-09-19
Pennsylvania,PA,Cambria,$4.623,2026-09-19
Pennsylvania,PA,Cameron,$4.532,2026-09-19
Pennsylvania,PA,Carbon,$4.427,2026-09-19
Pennsylvania,PA,Centre,$4.572,2026-09-19
Pennsylvania,PA,Chester,$4.526,2026-09-19
Pennsylvania,PA,Clarion,$4.680,2026-09-19
Pennsylvania,PA,Clearfield,$4.625,2026-09-19
Pennsylvania,PA,Clinton,$4.506,2026-09-19
Pennsylvania,PA,Columbia,$4.464,2026-09-19
Pennsylvania,PA,Crawford,$4.773,2026-09-19
Pennsylvania,PA,Cumberland,$4.439,2026-09-19
Pennsylvania,PA,Dauphin,$4.427,2026-09-19
Pennsylvania,PA,Delaware,$4.546,2026-09-19
Pennsylvania,PA,Elk,$4.604,2026-09-19
Pennsylvania,PA,Erie,$4.751,2026-09-19
Pennsylvania,PA,Fayette,$4.751,2026-09-19
Pennsylvania,PA,Forest,$4.729,2026-09-19
Pennsylvania,PA,Franklin,$4.284,2026-09-19
Pennsylvania,PA,Fulton,$4.341,2026-09-19
Pennsylvania,PA,Greene,$4.766,2026-09-19
Pennsylvania,PA,Huntingdon,$4.590,2026-09-19
Pennsylvania,PA,Indiana,$4.722,2026-09-19
Pennsylvania,PA,Jefferson,$4.620,2026-09-19
Pennsylvania,PA,Juniata,$4.454,2026-09-19
Pennsylvania,PA,Lackawanna,$4.476,2026-09-19
Pennsylvania,PA,Lancaster,$4.490,2026-09-19
Pennsylvania,PA,Lawrence,$4.699,2026-09-19
Pennsylvania,PA,Lebanon,$4.380,2026-09-19
Pennsylvania,PA,Lehigh,$4.443,2026-09-19
Pennsylvania,PA,Luzerne,$4.459,2026-09-19
Pennsylvania,PA,Lycoming,$4.533,2026-09-19
Pennsylvania,PA,McKean,$4.686,2026-09-19
Pennsylvania,PA,Mercer,$4.724,2026-09-19
Pennsylvania,PA,Mifflin,$4.590,2026-09-19
Pennsylvania,PA,Monroe,$4.479,2026-09-19
Pennsylvania,PA,Montgomery,$4.550,2026-09-19
Pennsylvania,PA,Montour,$4.429,2026-09-19
Pennsylvania,PA,Northampton,$4.411,2026-09-19
Pennsylvania,PA,Northumberland,$4.433,2026-09-19
Pennsylvania,PA,Perry,$4.448,2026-09-19
Pennsylvania,PA,Philadelphia,$4.566,2026-09-19
Pennsylvania,PA,Pike,$4.559,2026-09-19
Pennsylvania,PA,Potter,$4.590,2026-09-19
Pennsylvania,PA,Schuylkill,$4.441,2026-09-19
Pennsylvania,PA,Snyder,$4.382,2026-09-19
Pennsylvania,PA,Somerset,$4.642,2026-09-19
Pennsylvania,PA,Sullivan,$4.611,2026-09-19
Pennsylvania,PA,Susquehanna,$4.525,2026-09-19
Pennsylvania,PA,Tioga,$4.509,2026-09-19
Pennsylvania,PA,Union,$4.521,2026-09-19
Pennsylvania,PA,Venango,$4.748,2026-09-19
Pennsylvania,PA,Warren,$4.773,2026-09-19
Pennsylvania,PA,Washington,$4.731,2026-09-19
Pennsylvania,PA,Wayne,$4.484,2026-09-19
Pennsylvania,PA,Westmoreland,$4.728,2026-09-19
Pennsylvania,PA,Wyoming,$4.505,2026-09-19
Pennsylvania,PA,York,$4.499,2026-09-19
Rhode Island,RI,Bristol,$4.437,2026-09-19
Rhode Island,RI,Kent,$4.373,2026-09-19
Rhode Island,RI,Newport,$4.432,2026-09-19
Rhode Island,RI,Providence,$4.413,2026-09-19
Rhode Island,RI,Washington,$4.489,2026-09-19
South Carolina,SC,Abbeville,$4.064,2026-09-19
South Carolina,SC,Aiken,$4.082,2026-09-19
South Carolina,SC,Allendale,$4.049,2026-09-19
South Carolina,SC,Anderson,$4.087,2026-09-19
South Carolina,SC,Bamberg,$4.210,2026-09-19
South Carolina,SC,Barnwell,$4.167,2026-09-19
South Carolina,SC,Beaufort,$4.172,2026-09-19
South Carolina,SC,Berkeley,$4.098,2026-09-19
South Carolina,SC,Calhoun,$4.213,2026-09-19
South Carolina,SC,Charleston,$4.134,2026-09-19
South Carolina,SC,Cherokee,$4.083,2026-09-19
South Carolina,SC,Chester,$4.125,2026-09-19
South Carolina,SC,Chesterfield,$4.079,2026-09-19
South Carolina,SC,Clarendon,$4.056,2026-09-19
South Carolina,SC,Colleton,$4.048,2026-09-19
South Carolina,SC,Darlington,$4.105,2026-09-19
South Carolina,SC,Dillon,$3.962,2026-09-19
South Carolina,SC,Dorchester,$4.088,2026-09-19
South Carolina,SC,Edgefield,$4.056,2026-09-19
South Carolina,SC,Fairfield,$4.106,2026-09-19
South Carolina,SC,Florence,$4.015,2026-09-19
South Carolina,SC,Georgetown,$4.064,2026-09-19
South Carolina,SC,Greenville,$4.126,2026-09-19
South Carolina,SC,Greenwood,$4.090,2026-09-19
South Carolina,SC,Hampton,$4.102,2026-09-19
South Carolina,SC,Horry,$4.010,2026-09-19
South Carolina,SC,Jasper,$4.099,2026-09-19
South Carolina,SC,Kershaw,$4.118,2026-09-19
South Carolina,SC,Lancaster,$4.075,2026-09-19
South Carolina,SC,Laurens,$4.147,2026-09-19
South Carolina,SC,Lee,$4.185,2026-09-19
South Carolina,SC,Lexington,$4.093,2026-09-19
South Carolina,SC,Marion,$3.964,2026-09-19
South Carolina,SC,Marlboro,$4.074,2026-09-19
South Carolina,SC,McCormick,$4.100,2026-09-19
South Carolina,SC,Newberry,$4.136,2026-09-19
South Carolina,SC,Oconee,$4.072,2026-09-19
South Carolina,SC,Orangeburg,$4.176,2026-09-19
South Carolina,SC,Pickens,$4.047,2026-09-19
South Carolina,SC,Richland,$4.104,2026-09-19
South Carolina,SC,Saluda,$4.026,2026-09-19
South Carolina,SC,Spartanburg,$4.067,2026-09-19
South Carolina,SC,Sumter,$4.115,2026-09-19
South Carolina,SC,Union,$4.119,2026-09-19
South Carolina,SC,Williamsburg,$4.082,2026-09-19
South Carolina,SC,York,$4.078,2026-09-19
South Dakota,SD,Aurora,$4.019,2026-09-19
South Dakota,SD,Beadle,$4.351,2026-09-19
South Dakota,SD,Bennett,$4.199,2026-09-19
South Dakota,SD,Bon Homme,$4.356,2026-09-19
South Dakota,SD,Brookings,$4.322,2026-09-19
South Dakota,SD,Brown,$4.338,2026-09-19
South Dakota,SD,Brule,$4.456,2026-09-19
South Dakota,SD,Buffalo,$4.399,2026-09-19
South Dakota,SD,Butte,$4.377,2026-09-19
South Dakota,SD,Campbell,$4.049,2026-09-19
South Dakota,SD,Charles Mix,$4.358,2026-09-19
South Dakota,SD,Clark,$4.416,2026-09-19
South Dakota,SD,Clay,$4.269,2026-09-19
South Dakota,SD,Codington,$4.257,2026-09-19
South Dakota,SD,Corson,$4.299,2026-09-19
South Dakota,SD,Custer,$4.349,2026-09-19
South Dakota,SD,Davison,$4.275,2026-09-19
South Dakota,SD,Day,$4.249,2026-09-19
South Dakota,SD,Deuel,$4.199,2026-09-19
South Dakota,SD,Dewey,$4.849,2026-09-19
South Dakota,SD,Douglas,,2026-09-19
South Dakota,SD,Edmunds,$4.299,2026-09-19
South Dakota,SD,Fall River,$4.350,2026-09-19
South Dakota,SD,Faulk,,2026-09-19
South Dakota,SD,Grant,$4.255,2026-09-19
South Dakota,SD,Gregory,$4.472,2026-09-19
South Dakota,SD,Haakon,$4.339,2026-09-19
South Dakota,SD,Hamlin,$4.259,2026-09-19
South Dakota,SD,Hand,$4.226,2026-09-19
South Dakota,SD,Hanson,$4.414,2026-09-19
South Dakota,SD,Harding,$4.499,2026-09-19
South Dakota,SD,Hughes,$4.336,2026-09-19
South Dakota,SD,Hutchinson,$4.134,2026-09-19
South Dakota,SD,Hyde,$4.086,2026-09-19
South Dakota,SD,Jackson,$4.359,2026-09-19
South Dakota,SD,Jerauld,$4.049,2026-09-19
South Dakota,SD,Jones,$4.099,2026-09-19
South Dakota,SD,Kingsbury,$4.587,2026-09-19
South Dakota,SD,Lake,$4.116,2026-09-19
South Dakota,SD,Lawrence,$4.347,2026-09-19
South Dakota,SD,Lincoln,$4.191,2026-09-19
South Dakota,SD,Lyman,$4.489,2026-09-19
South Dakota,SD,Marshall,$4.399,2026-09-19
South Dakota,SD,McCook,$4.024,2026-09-19
South Dakota,SD,McPherson,$5.069,2026-09-19
South Dakota,SD,Meade,$4.450,2026-09-19
South Dakota,SD,Mellette,$4.109,2026-09-19
South Dakota,SD,Miner,,2026-09-19
South Dakota,SD,Minnehaha,$4.199,2026-09-19
South Dakota,SD,Moody,$4.449,2026-09-19
South Dakota,SD,Pennington,$4.304,2026-09-19
South Dakota,SD,Perkins,$4.299,2026-09-19
South Dakota,SD,Potter,$4.176,2026-09-19
South Dakota,SD,Roberts,$4.202,2026-09-19
South Dakota,SD,Sanborn,$4.499,2026-09-19
South Dakota,SD,Shannon,$4.397,2026-09-19
South Dakota,SD,Spink,$4.263,2026-09-19
South Dakota,SD,Stanley,$4.609,2026-09-19
South Dakota,SD,Sully,$4.429,2026-09-19
South Dakota,SD,Todd,$4.234,2026-09-19
South Dakota,SD,Tripp,$4.299,2026-09-19
South Dakota,SD,Turner,$4.111,2026-09-19
South Dakota,SD,Union,$4.307,2026-09-19
South Dakota,SD,Walworth,$4.557,2026-09-19
South Dakota,SD,Yankton,$4.259,2026-09-19
South Dakota,SD,Ziebach,$4.629,2026-09-19
Tennessee,TN,Anderson,$3.979,2026-09-19
Tennessee,TN,Bedford,$4.085,2026-09-19
Tennessee,TN,Benton,$3.913,2026-09-19
Tennessee,TN,Bledsoe,$4.103,2026-09-19
Tennessee,TN,Blount,$4.149,2026-09-19
Tennessee,TN,Bradley,$4.137,2026-09-19
Tennessee,TN,Campbell,$4.021,2026-09-19
Tennessee,TN,Cannon,$4.056,2026-09-19
Tennessee,TN,Carroll,$4.067,2026-09-19
Tennessee,TN,Carter,$4.017,2026-09-19
Tennessee,TN,Cheatham,$4.206,2026-09-19
Tennessee,TN,Chester,$4.066,2026-09-19
Tennessee,TN,Claiborne,$3.928,2026-09-19
Tennessee,TN,Clay,$4.249,2026-09-19
Tennessee,TN,Cocke,$4.010,2026-09-19
Tennessee,TN,Coffee,$4.112,2026-09-19
Tennessee,TN,Crockett,$4.204,2026-09-19
Tennessee,TN,Cumberland,$4.117,2026-09-19
Tennessee,TN,Davidson,$4.156,2026-09-19
Tennessee,TN,Decatur,$3.940,2026-09-19
Tennessee,TN,DeKalb,$4.115,2026-09-19
Tennessee,TN,Dickson,$4.051,2026-09-19
Tennessee,TN,Dyer,$4.018,2026-09-19
Tennessee,TN,Fayette,$4.035,2026-09-19
Tennessee,TN,Fentress,$3.992,2026-09-19
Tennessee,TN,Franklin,$3.995,2026-09-19
Tennessee,TN,Gibson,$4.151,2026-09-19
Tennessee,TN,Giles,$4.078,2026-09-19
Tennessee,TN,Grainger,$4.114,2026-09-19
Tennessee,TN,Greene,$3.910,2026-09-19
Tennessee,TN,Grundy,$3.973,2026-09-19
Tennessee,TN,Hamblen,$4.006,2026-09-19
Tennessee,TN,Hamilton,$4.076,2026-09-19
Tennessee,TN,Hancock,$4.199,2026-09-19
Tennessee,TN,Hardeman,$4.118,2026-09-19
Tennessee,TN,Hardin,$3.942,2026-09-19
Tennessee,TN,Hawkins,$3.956,2026-09-19
Tennessee,TN,Haywood,$4.166,2026-09-19
Tennessee,TN,Henderson,$3.940,2026-09-19
Tennessee,TN,Henry,$3.907,2026-09-19
Tennessee,TN,Hickman,$4.081,2026-09-19
Tennessee,TN,Houston,$4.199,2026-09-19
Tennessee,TN,Humphreys,$3.967,2026-09-19
Tennessee,TN,Jackson,$4.111,2026-09-19
Tennessee,TN,Jefferson,$4.095,2026-09-19
Tennessee,TN,Johnson,$4.166,2026-09-19
Tennessee,TN,Knox,$4.099,2026-09-19
Tennessee,TN,Lake,$3.924,2026-09-19
Tennessee,TN,Lauderdale,$4.112,2026-09-19
Tennessee,TN,Lawrence,$4.072,2026-09-19
Tennessee,TN,Lewis,$3.962,2026-09-19
Tennessee,TN,Lincoln,$4.065,2026-09-19
Tennessee,TN,Loudon,$4.136,2026-09-19
Tennessee,TN,Macon,$4.044,2026-09-19
Tennessee,TN,Madison,$4.129,2026-09-19
Tennessee,TN,Marion,$4.116,2026-09-19
Tennessee,TN,Marshall,$4.019,2026-09-19
Tennessee,TN,Maury,$4.063,2026-09-19
Tennessee,TN,McMinn,$4.150,2026-09-19
Tennessee,TN,McNairy,$4.018,2026-09-19
Tennessee,TN,Meigs,$4.159,2026-09-19
Tennessee,TN,Monroe,$4.113,2026-09-19
Tennessee,TN,Montgomery,$4.044,2026-09-19
Tennessee,TN,Moore,$4.149,2026-09-19
Tennessee,TN,Morgan,$3.981,2026-09-19
Tennessee,TN,Obion,$3.986,2026-09-19
Tennessee,TN,Overton,$4.112,2026-09-19
Tennessee,TN,Perry,$3.959,2026-09-19
Tennessee,TN,Pickett,$4.049,2026-09-19
Tennessee,TN,Polk,$4.100,2026-09-19
Tennessee,TN,Putnam,$4.100,2026-09-19
Tennessee,TN,Rhea,$3.989,2026-09-19
Tennessee,TN,Roane,$3.975,2026-09-19
Tennessee,TN,Robertson,$4.167,2026-09-19
Tennessee,TN,Rutherford,$4.127,2026-09-19
Tennessee,TN,Scott,$3.949,2026-09-19
Tennessee,TN,Sequatchie,$4.127,2026-09-19
Tennessee,TN,Sevier,$4.108,2026-09-19
Tennessee,TN,Shelby,$4.029,2026-09-19
Tennessee,TN,Smith,$4.114,2026-09-19
Tennessee,TN,Stewart,$4.109,2026-09-19
Tennessee,TN,Sullivan,$4.038,2026-09-19
Tennessee,TN,Sumner,$4.151,2026-09-19
Tennessee,TN,Tipton,$3.995,2026-09-19
Tennessee,TN,Trousdale,$4.199,2026-09-19
Tennessee,TN,Unicoi,$4.025,2026-09-19
Tennessee,TN,Union,$4.012,2026-09-19
Tennessee,TN,Van Buren,$4.099,2026-09-19
Tennessee,TN,Warren,$4.074,2026-09-19
Tennessee,TN,Washington,$4.066,2026-09-19
Tennessee,TN,Wayne,$4.016,2026-09-19
Tennessee,TN,Weakley,$3.996,2026-09-19
Tennessee,TN,White,$3.898,2026-09-19
Tennessee,TN,Williamson,$4.222,2026-09-19
Tennessee,TN,Wilson,$3.996,2026-09-19
Texas,TX,Anderson,$3.957,2026-09-19
Texas,TX,Andrews,$3.906,2026-09-19
Texas,TX,Angelina,$3.961,2026-09-19
Texas,TX,Aransas,$3.795,2026-09-19
Texas,TX,Archer,$4.003,2026-09-19
Texas,TX,Armstrong,$3.999,2026-09-19
Texas,TX,Atascosa,$3.948,2026-09-19
Texas,TX,Austin,$3.919,2026-09-19
Texas,TX,Bailey,$4.065,2026-09-19
Texas,TX,Bandera,$4.037,2026-09-19
Texas,TX,Bastrop,$3.984,2026-09-19
Texas,TX,Baylor,$4.099,2026-09-19
Texas,TX,Bee,$4.051,2026-09-19
Texas,TX,Bell,$3.963,2026-09-19
Texas,TX,Bexar,$3.929,2026-09-19
Texas,TX,Blanco,$3.991,2026-09-19
Texas,TX,Borden,,2026-09-19
Texas,TX,Bosque,$3.986,2026-09-19
Texas,TX,Bowie,$3.967,2026-09-19
Texas,TX,Brazoria,$3.877,2026-09-19
Texas,TX,Brazos,$3.925,2026-09-19
Texas,TX,Brewster,$4.622,2026-09-19
Texas,TX,Briscoe,$4.099,2026-09-19
Texas,TX,Brooks,$3.899,2026-09-19
Texas,TX,Brown,$3.939,2026-09-19
Texas,TX,Burleson,$3.954,2026-09-19
Texas,TX,Burnet,$3.962,2026-09-19
Texas,TX,Caldwell,$3.938,2026-09-19
Texas,TX,Calhoun,$3.949,2026-09-19
Texas,TX,Callahan,$4.043,2026-09-19
Texas,TX,Cameron,$3.909,2026-09-19
Texas,TX,Camp,$3.967,2026-09-19
Texas,TX,Carson,$3.984,2026-09-19
Texas,TX,Cass,$3.986,2026-09-19
Texas,TX,Castro,$4.127,2026-09-19
Texas,TX,Chambers,$3.911,2026-09-19
Texas,TX,Cherokee,$4.004,2026-09-19
Texas,TX,Childress,$3.992,2026-09-19
Texas,TX,Clay,$4.017,2026-09-19
Texas,TX,Cochran,$3.984,2026-09-19
Texas,TX,Coke,$4.089,2026-09-19
Texas,TX,Coleman,$4.024,2026-09-19
Texas,TX,Collin,$3.967,2026-09-19
Texas,TX,Collingsworth,$4.099,2026-09-19
Texas,TX,Colorado,$3.947,2026-09-19
Texas,TX,Comal,$3.940,2026-09-19
Texas,TX,Comanche,$3.967,2026-09-19
Texas,TX,Concho,$4.216,2026-09-19
Texas,TX,Cooke,$4.013,2026-09-19
Texas,TX,Coryell,$3.953,2026-09-19
Texas,TX,Cottle,$4.059,2026-09-19
Texas,TX,Crane,$4.199,2026-09-19
Texas,TX,Crockett,$4.234,2026-09-19
Texas,TX,Crosby,$4.119,2026-09-19
Texas,TX,Culberson,$4.308,2026-09-19
Texas,TX,Dallam,$3.946,2026-09-19
Texas,TX,Dallas,$3.990,2026-09-19
Texas,TX,Dawson,$4.208,2026-09-19
Texas,TX,Deaf Smith,$4.000,2026-09-19
Texas,TX,Delta,$4.066,2026-09-19
Texas,TX,Denton,$3.979,2026-09-19
Texas,TX,De Witt,$3.943,2026-09-19
Texas,TX,Dickens,$4.209,2026-09-19
Texas,TX,Dimmit,$4.016,2026-09-19
Texas,TX,Donley,$3.999,2026-09-19
Texas,TX,Duval,$3.944,2026-09-19
Texas,TX,Eastland,$3.979,2026-09-19
Texas,TX,Ector,$4.114,2026-09-19
Texas,TX,Edwards,$4.299,2026-09-19
Texas,TX,El Paso,$4.387,2026-09-19
Texas,TX,Ellis,$3.993,2026-09-19
Texas,TX,Erath,$3.999,2026-09-19
Texas,TX,Falls,$4.013,2026-09-19
Texas,TX,Fannin,$3.948,2026-09-19
Texas,TX,Fayette,$4.029,2026-09-19
Texas,TX,Fisher,$4.129,2026-09-19
Texas,TX,Floyd,$4.024,2026-09-19
Texas,TX,Foard,$4.059,2026-09-19
Texas,TX,Fort Bend,$3.850,2026-09-19
Texas,TX,Franklin,$4.016,2026-09-19
Texas,TX,Freestone,$3.876,2026-09-19
Texas,TX,Frio,$4.005,2026-09-19
Texas,TX,Gaines,$4.048,2026-09-19
Texas,TX,Galveston,$3.888,2026-09-19
Texas,TX,Garza,$4.199,2026-09-19
Texas,TX,Gillespie,$4.035,2026-09-19
Texas,TX,Glasscock,$4.236,2026-09-19
Texas,TX,Goliad,$4.014,2026-09-19
Texas,TX,Gonzales,$3.905,2026-09-19
Texas,TX,Gray,$3.948,2026-09-19
Texas,TX,Grayson,$3.976,2026-09-19
Texas,TX,Gregg,$3.945,2026-09-19
Texas,TX,Grimes,$3.997,2026-09-19
Texas,TX,Guadalupe,$3.937,2026-09-19
Texas,TX,Hale,$3.850,2026-09-19
Texas,TX,Hall,$4.006,2026-09-19
Texas,TX,Hamilton,$3.999,2026-09-19
Texas,TX,Hansford,$4.074,2026-09-19
Texas,TX,Hardeman,$4.050,2026-09-19
Texas,TX,Hardin,$3.873,2026-09-19
Texas,TX,Harris,$3.856,2026-09-19
Texas,TX,Harrison,$3.971,2026-09-19
Texas,TX,Hartley,$3.999,2026-09-19
Texas,TX,Haskell,$4.016,2026-09-19
Texas,TX,Hays,$3.961,2026-09-19
Texas,TX,Hemphill,$4.132,2026-09-19
Texas,TX,Henderson,$3.970,2026-09-19
Texas,TX,Hidalgo,$3.890,2026-09-19
Texas,TX,Hill,$3.938,2026-09-19
Texas,TX,Hockley,$4.023,2026-09-19
Texas,TX,Hood,$3.986,2026-09-19
Texas,TX,Hopkins,$4.101,2026-09-19
Texas,TX,Houston,$4.007,2026-09-19
Texas,TX,Howard,$3.934,2026-09-19
Texas,TX,Hudspeth,$4.674,2026-09-19
Texas,TX,Hunt,$3.957,2026-09-19
Texas,TX,Hutchinson,$3.964,2026-09-19
Texas,TX,Irion,$3.987,2026-09-19
Texas,TX,Jack,$3.969,2026-09-19
Texas,TX,Jackson,$4.024,2026-09-19
Texas,TX,Jasper,$3.951,2026-09-19
Texas,TX,Jeff Davis,$4.419,2026-09-19
Texas,TX,Jefferson,$3.892,2026-09-19
Texas,TX,Jim Hogg,$3.899,2026-09-19
Texas,TX,Jim Wells,$3.930,2026-09-19
Texas,TX,Johnson,$3.955,2026-09-19
Texas,TX,Jones,$4.012,2026-09-19
Texas,TX,Karnes,$3.918,2026-09-19
Texas,TX,Kaufman,$3.977,2026-09-19
Texas,TX,Kendall,$3.957,2026-09-19
Texas,TX,Kenedy,,2026-09-19
Texas,TX,Kent,,2026-09-19
Texas,TX,Kerr,$3.982,2026-09-19
Texas,TX,Kimble,$3.959,2026-09-19
Texas,TX,King,$4.099,2026-09-19
Texas,TX,Kinney,$3.899,2026-09-19
Texas,TX,Kleberg,$3.817,2026-09-19
Texas,TX,Knox,$4.099,2026-09-19
Texas,TX,La Salle,$3.927,2026-09-19
Texas,TX,Lamar,$4.024,2026-09-19
Texas,TX,Lamb,$4.139,2026-09-19
Texas,TX,Lampasas,$3.933,2026-09-19
Texas,TX,Lavaca,$3.998,2026-09-19
Texas,TX,Lee,$4.010,2026-09-19
Texas,TX,Leon,$4.026,2026-09-19
Texas,TX,Liberty,$3.918,2026-09-19
Texas,TX,Limestone,$4.040,2026-09-19
Texas,TX,Lipscomb,$3.932,2026-09-19
Texas,TX,Live Oak,$3.945,2026-09-19
Texas,TX,Llano,$3.977,2026-09-19
Texas,TX,Loving,$4.469,2026-09-19
Texas,TX,Lubbock,$4.013,2026-09-19
Texas,TX,Lynn,$4.131,2026-09-19
Texas,TX,Madison,$3.980,2026-09-19
Texas,TX,Marion,$3.999,2026-09-19
Texas,TX,Martin,$4.195,2026-09-19
Texas,TX,Mason,$4.117,2026-09-19
Texas,TX,Matagorda,$3.844,2026-09-19
Texas,TX,Maverick,$3.980,2026-09-19
Texas,TX,McCulloch,$4.228,2026-09-19
Texas,TX,McLennan,$3.958,2026-09-19
Texas,TX,McMullen,$3.929,2026-09-19
Texas,TX,Medina,$3.965,2026-09-19
Texas,TX,Menard,$4.074,2026-09-19
Texas,TX,Midland,$4.096,2026-09-19
Texas,TX,Milam,$3.947,2026-09-19
Texas,TX,Mills,$4.039,2026-09-19
Texas,TX,Mitchell,$4.013,2026-09-19
Texas,TX,Montague,$4.037,2026-09-19
Texas,TX,Montgomery,$3.855,2026-09-19
Texas,TX,Moore,$3.945,2026-09-19
Texas,TX,Morris,$3.998,2026-09-19
Texas,TX,Motley,$4.299,2026-09-19
Texas,TX,Nacogdoches,$3.988,2026-09-19
Texas,TX,Navarro,$4.020,2026-09-19
Texas,TX,Newton,$3.959,2026-09-19
Texas,TX,Nolan,$3.982,2026-09-19
Texas,TX,Nueces,$3.903,2026-09-19
Texas,TX,Ochiltree,$3.995,2026-09-19
Texas,TX,Oldham,$4.124,2026-09-19
Texas,TX,Orange,$3.848,2026-09-19
Texas,TX,Palo Pinto,$3.999,2026-09-19
Texas,TX,Panola,$3.970,2026-09-19
Texas,TX,Parker,$3.988,2026-09-19
Texas,TX,Parmer,$4.058,2026-09-19
Texas,TX,Pecos,$3.996,2026-09-19
Texas,TX,Polk,$3.893,2026-09-19
Texas,TX,Potter,$3.976,2026-09-19
Texas,TX,Presidio,$4.309,2026-09-19
Texas,TX,Rains,$3.863,2026-09-19
Texas,TX,Randall,$3.962,2026-09-19
Texas,TX,Reagan,$3.999,2026-09-19
Texas,TX,Real,$4.056,2026-09-19
Texas,TX,Red River,$4.023,2026-09-19
Texas,TX,Reeves,$4.132,2026-09-19
Texas,TX,Refugio,$4.032,2026-09-19
Texas,TX,Roberts,$4.159,2026-09-19
Texas,TX,Robertson,$3.963,2026-09-19
Texas,TX,Rockwall,$3.949,2026-09-19
Texas,TX,Runnels,$4.152,2026-09-19
Texas,TX,Rusk,$3.973,2026-09-19
Texas,TX,Sabine,$3.969,2026-09-19
Texas,TX,San Augustine,$4.090,2026-09-19
Texas,TX,San Jacinto,$3.845,2026-09-19
Texas,TX,San Patricio,$3.910,2026-09-19
Texas,TX,San Saba,$4.095,2026-09-19
Texas,TX,Schleicher,$4.099,2026-09-19
Texas,TX,Scurry,$4.004,2026-09-19
Texas,TX,Shackelford,$3.919,2026-09-19
Texas,TX,Shelby,$4.034,2026-09-19
Texas,TX,Sherman,$3.999,2026-09-19
Texas,TX,Smith,$3.954,2026-09-19
Texas,TX,Somervell,$3.968,2026-09-19
Texas,TX,Starr,$3.946,2026-09-19
Texas,TX,Stephens,$3.992,2026-09-19
Texas,TX,Sterling,$4.089,2026-09-19
Texas,TX,Stonewall,$4.299,2026-09-19
Texas,TX,Sutton,$4.176,2026-09-19
Texas,TX,Swisher,$3.957,2026-09-19
Texas,TX,Tarrant,$3.975,2026-09-19
Texas,TX,Taylor,$3.966,2026-09-19
Texas,TX,Terrell,$4.359,2026-09-19
Texas,TX,Terry,$4.013,2026-09-19
Texas,TX,Throckmorton,$4.099,2026-09-19
Texas,TX,Titus,$4.011,2026-09-19
Texas,TX,Tom Green,$4.162,2026-09-19
Texas,TX,Travis,$3.956,2026-09-19
Texas,TX,Trinity,$3.872,2026-09-19
Texas,TX,Tyler,$3.895,2026-09-19
Texas,TX,Upshur,$3.985,2026-09-19
Texas,TX,Upton,$4.168,2026-09-19
Texas,TX,Uvalde,$3.994,2026-09-19
Texas,TX,Val Verde,$3.938,2026-09-19
Texas,TX,Van Zandt,$3.909,2026-09-19
Texas,TX,Victoria,$3.982,2026-09-19
Texas,TX,Walker,$3.912,2026-09-19
Texas,TX,Waller,$3.948,2026-09-19
Texas,TX,Ward,$4.012,2026-09-19
Texas,TX,Washington,$3.952,2026-09-19
Texas,TX,Webb,$3.934,2026-09-19
Texas,TX,Wharton,$3.790,2026-09-19
Texas,TX,Wheeler,$3.999,2026-09-19
Texas,TX,Wichita,$3.995,2026-09-19
Texas,TX,Wilbarger,$3.932,2026-09-19
Texas,TX,Willacy,$3.904,2026-09-19
Texas,TX,Williamson,$3.939,2026-09-19
Texas,TX,Wilson,$3.948,2026-09-19
Texas,TX,Winkler,$3.897,2026-09-19
Texas,TX,Wise,$3.958,2026-09-19
Texas,TX,Wood,$3.976,2026-09-19
Texas,TX,Yoakum,$4.035,2026-09-19
Texas,TX,Young,$4.001,2026-09-19
Texas,TX,Zapata,$3.967,2026-09-19
Texas,TX,Zavala,$3.996,2026-09-19
Utah,UT,Beaver,$5.002,2026-09-19
Utah,UT,Box Elder,$4.797,2026-09-19
Utah,UT,Cache,$4.760,2026-09-19
Utah,UT,Carbon,$4.878,2026-09-19
Utah,UT,Daggett,$4.832,2026-09-19
Utah,UT,Davis,$4.771,2026-09-19
Utah,UT,Duchesne,$4.906,2026-09-19
Utah,UT,Emery,$4.919,2026-09-19
Utah,UT,Garfield,$4.917,2026-09-19
Utah,UT,Grand,$4.915,2026-09-19
Utah,UT,Iron,$4.916,2026-09-19
Utah,UT,Juab,$4.791,2026-09-19
Utah,UT,Kane,$4.962,2026-09-19
Utah,UT,Millard,$4.905,2026-09-19
Utah,UT,Morgan,$4.986,2026-09-19
Utah,UT,Piute,$5.279,2026-09-19
Utah,UT,Rich,$5.189,2026-09-19
Utah,UT,Salt Lake,$4.747,2026-09-19
Utah,UT,San Juan,$4.960,2026-09-19
Utah,UT,Sanpete,$4.953,2026-09-19
Utah,UT,Sevier,$4.878,2026-09-19
Utah,UT,Summit,$4.945,2026-09-19
Utah,UT,Tooele,$4.828,2026-09-19
Utah,UT,Uintah,$4.875,2026-09-19
Utah,UT,Utah,$4.748,2026-09-19
Utah,UT,Wasatch,$4.832,2026-09-19
Utah,UT,Washington,$4.906,2026-09-19
Utah,UT,Wayne,$5.178,2026-09-19
Utah,UT,Weber,$4.730,2026-09-19
Vermont,VT,Addison,$4.416,2026-09-19
Vermont,VT,Bennington,$4.313,2026-09-19
Vermont,VT,Caledonia,$4.374,2026-09-19
Vermont,VT,Chittenden,$4.541,2026-09-19
Vermont,VT,Essex,$4.499,2026-09-19
Vermont,VT,Franklin,$4.543,2026-09-19
Vermont,VT,Grand Isle,$4.577,2026-09-19
Vermont,VT,Lamoille,$4.514,2026-09-19
Vermont,VT,Orange,$4.418,2026-09-19
Vermont,VT,Orleans,$4.385,2026-09-19
Vermont,VT,Rutland,$4.407,2026-09-19
Vermont,VT,Washington,$4.525,2026-09-19
Vermont,VT,Windham,$4.385,2026-09-19
Vermont,VT,Windsor,$4.430,2026-09-19
Virginia,VA,Accomack,$4.225,2026-09-19
Virginia,VA,Albemarle,$4.209,2026-09-19
Virginia,VA,Alexandria City,$4.310,2026-09-19
Virginia,VA,Alleghany,$4.179,2026-09-19
Virginia,VA,Amelia,$4.206,2026-09-19
Virginia,VA,Amherst,$4.188,2026-09-19
Virginia,VA,Appomattox,$4.078,2026-09-19
Virginia,VA,Arlington,$4.230,2026-09-19
Virginia,VA,Augusta,$4.132,2026-09-19
Virginia,VA,Bath,$4.199,2026-09-19
Virginia,VA,Bedford,$4.149,2026-09-19
Virginia,VA,Bedford City,$4.041,2026-09-19
Virginia,VA,Bland,$4.133,2026-09-19
Virginia,VA,Botetourt,$4.282,2026-09-19
Virginia,VA,Bristol,$4.090,2026-09-19
Virginia,VA,Brunswick,$4.042,2026-09-19
Virginia,VA,Buchanan,$4.135,2026-09-19
Virginia,VA,Buckingham,$4.106,2026-09-19
Virginia,VA,Buena Vista City,$4.179,2026-09-19
Virginia,VA,Campbell,$4.157,2026-09-19
Virginia,VA,Caroline,$4.127,2026-09-19
Virginia,VA,Carroll,$4.126,2026-09-19
Virginia,VA,Charles City,$4.319,2026-09-19
Virginia,VA,Charlotte,$4.136,2026-09-19
Virginia,VA,Charlottesville City,$4.212,2026-09-19
Virginia,VA,Chesapeake City,$4.179,2026-09-19
Virginia,VA,Chesterfield,$4.168,2026-09-19
Virginia,VA,Clarke,$4.199,2026-09-19
Virginia,VA,Clifton Forge City,$4.207,2026-09-19
Virginia,VA,Colonial Heights City,$4.184,2026-09-19
Virginia,VA,Covington City,$4.175,2026-09-19
Virginia,VA,Craig,$4.186,2026-09-19
Virginia,VA,Culpeper,$4.223,2026-09-19
Virginia,VA,Cumberland,$4.159,2026-09-19
Virginia,VA,Danville City,$4.092,2026-09-19
Virginia,VA,Dickenson,$4.156,2026-09-19
Virginia,VA,Dinwiddie,$4.084,2026-09-19
Virginia,VA,Emporia City,$4.031,2026-09-19
Virginia,VA,Essex,$4.174,2026-09-19
Virginia,VA,Fairfax,$4.303,2026-09-19
Virginia,VA,Fairfax City,$4.213,2026-09-19
Virginia,VA,Falls Church City,$4.235,2026-09-19
Virginia,VA,Fauquier,$4.212,2026-09-19
Virginia,VA,Floyd,$4.172,2026-09-19
Virginia,VA,Fluvanna,$4.214,2026-09-19
Virginia,VA,Franklin,$4.105,2026-09-19
Virginia,VA,Franklin City,$4.202,2026-09-19
Virginia,VA,Frederick,$4.142,2026-09-19
Virginia,VA,Fredericksburg City,$4.193,2026-09-19
Virginia,VA,Galax City,$4.140,2026-09-19
Virginia,VA,Giles,$4.184,2026-09-19
Virginia,VA,Gloucester,$4.152,2026-09-19
Virginia,VA,Goochland,$4.210,2026-09-19
Virginia,VA,Grayson,$4.132,2026-09-19
Virginia,VA,Greene,$4.185,2026-09-19
Virginia,VA,Greensville,$3.979,2026-09-19
Virginia,VA,Halifax,$4.137,2026-09-19
Virginia,VA,Hampton City,$4.165,2026-09-19
Virginia,VA,Hanover,$4.184,2026-09-19
Virginia,VA,Harrisonburg City,$4.174,2026-09-19
Virginia,VA,Henrico,$4.176,2026-09-19
Virginia,VA,Henry,$4.136,2026-09-19
Virginia,VA,Highland,$4.399,2026-09-19
Virginia,VA,Hopewell City,$4.133,2026-09-19
Virginia,VA,Isle of Wight,$4.202,2026-09-19
Virginia,VA,James City,$4.192,2026-09-19
Virginia,VA,King and Queen,$4.171,2026-09-19
Virginia,VA,King George,$4.164,2026-09-19
Virginia,VA,King William,$4.185,2026-09-19
Virginia,VA,Lancaster,$4.209,2026-09-19
Virginia,VA,Lee,$4.086,2026-09-19
Virginia,VA,Lexington City,$4.225,2026-09-19
Virginia,VA,Loudoun,$4.237,2026-09-19
Virginia,VA,Louisa,$4.188,2026-09-19
Virginia,VA,Lunenburg,$4.076,2026-09-19
Virginia,VA,Lynchburg City,$4.172,2026-09-19
Virginia,VA,Madison,$4.193,2026-09-19
Virginia,VA,Manassas City,$4.213,2026-09-19
Virginia,VA,Manassas Park City,,2026-09-19
Virginia,VA,Martinsville City,$4.178,2026-09-19
Virginia,VA,Mathews,$4.182,2026-09-19
Virginia,VA,Mecklenburg,$4.081,2026-09-19
Virginia,VA,Middlesex,$4.153,2026-09-19
Virginia,VA,Montgomery,$4.201,2026-09-19
Virginia,VA,Nelson,$4.357,2026-09-19
Virginia,VA,New Kent,$4.168,2026-09-19
Virginia,VA,Newport News City,$4.182,2026-09-19
Virginia,VA,Norfolk City,$4.194,2026-09-19
Virginia,VA,Northampton,$4.284,2026-09-19
Virginia,VA,Northumberland,$4.187,2026-09-19
Virginia,VA,Norton City,$4.133,2026-09-19
Virginia,VA,Nottoway,$4.077,2026-09-19
Virginia,VA,Orange,$4.206,2026-09-19
Virginia,VA,Page,$4.220,2026-09-19
Virginia,VA,Patrick,$4.176,2026-09-19
Virginia,VA,Petersburg City,$4.145,2026-09-19
Virginia,VA,Pittsylvania,$4.220,2026-09-19
Virginia,VA,Poquoson City,$4.199,2026-09-19
Virginia,VA,Portsmouth City,$4.210,2026-09-19
Virginia,VA,Powhatan,$4.095,2026-09-19
Virginia,VA,Prince Edward,$4.140,2026-09-19
Virginia,VA,Prince George,$4.167,2026-09-19
Virginia,VA,Prince William,$4.220,2026-09-19
Virginia,VA,Pulaski,$4.107,2026-09-19
Virginia,VA,Radford City,$4.145,2026-09-19
Virginia,VA,Rappahannock,$4.279,2026-09-19
Virginia,VA,Richmond,$4.194,2026-09-19
Virginia,VA,Richmond City,$4.193,2026-09-19
Virginia,VA,Roanoke,$4.157,2026-09-19
Virginia,VA,Roanoke City,$4.094,2026-09-19
Virginia,VA,Rockbridge,$4.229,2026-09-19
Virginia,VA,Rockingham,$4.144,2026-09-19
Virginia,VA,Russell,$4.218,2026-09-19
Virginia,VA,Salem,$4.180,2026-09-19
Virginia,VA,Scott,$4.241,2026-09-19
Virginia,VA,Shenandoah,$4.184,2026-09-19
Virginia,VA,Smyth,$4.123,2026-09-19
Virginia,VA,Southampton,$4.119,2026-09-19
Virginia,VA,Spotsylvania,$4.195,2026-09-19
Virginia,VA,Stafford,$4.193,2026-09-19
Virginia,VA,Staunton City,$4.180,2026-09-19
Virginia,VA,Suffolk City,$4.196,2026-09-19
Virginia,VA,Surry,$4.249,2026-09-19
Virginia,VA,Sussex,$4.229,2026-09-19
Virginia,VA,Tazewell,$4.241,2026-09-19
Virginia,VA,Virginia Beach City,$4.189,2026-09-19
Virginia,VA,Warren,$4.158,2026-09-19
Virginia,VA,Washington,$4.178,2026-09-19
Virginia,VA,Waynesboro City,$4.144,2026-09-19
Virginia,VA,Westmoreland,$4.187,2026-09-19
Virginia,VA,Williamsburg City,,2026-09-19
Virginia,VA,Winchester City,$4.152,2026-09-19
Virginia,VA,Wise,$4.149,2026-09-19
Virginia,VA,Wythe,$4.113,2026-09-19
Virginia,VA,York,$4.187,2026-09-19
Washington,WA,Adams,$5.437,2026-09-19
Washington,WA,Asotin,$5.116,2026-09-19
Washington,WA,Benton,$5.390,2026-09-19
Washington,WA,Chelan,$5.537,2026-09-19
Washington,WA,Clallam,$5.748,2026-09-19
Washington,WA,Clark,$5.450,2026-09-19
Washington,WA,Columbia,$5.599,2026-09-19
Washington,WA,Cowlitz,$5.463,2026-09-19
Washington,WA,Douglas,$5.454,2026-09-19
Washington,WA,Ferry,$5.469,2026-09-19
Washington,WA,Franklin,$5.358,2026-09-19
Washington,WA,Garfield,$5.629,2026-09-19
Washington,WA,Grant,$5.461,2026-09-19
Washington,WA,Grays Harbor,$5.773,2026-09-19
Washington,WA,Island,$5.512,2026-09-19
Washington,WA,Jefferson,$5.983,2026-09-19
Washington,WA,King,$5.790,2026-09-19
Washington,WA,Kitsap,$5.633,2026-09-19
Washington,WA,Kittitas,$5.480,2026-09-19
Washington,WA,Klickitat,$5.690,2026-09-19
Washington,WA,Lewis,$5.560,2026-09-19
Washington,WA,Lincoln,$5.445,2026-09-19
Washington,WA,Mason,$5.626,2026-09-19
Washington,WA,Okanogan,$5.478,2026-09-19
Washington,WA,Pacific,$5.937,2026-09-19
Washington,WA,Pend Oreille,$5.431,2026-09-19
Washington,WA,Pierce,$5.598,2026-09-19
Washington,WA,San Juan,$6.334,2026-09-19
Washington,WA,Skagit,$5.349,2026-09-19
Washington,WA,Skamania,$5.799,2026-09-19
Washington,WA,Snohomish,$5.579,2026-09-19
Washington,WA,Spokane,$5.310,2026-09-19
Washington,WA,Stevens,$5.352,2026-09-19
Washington,WA,Thurston,$5.494,2026-09-19
Washington,WA,Wahkiakum,$5.999,2026-09-19
Washington,WA,Walla Walla,$5.558,2026-09-19
Washington,WA,Whatcom,$5.405,2026-09-19
Washington,WA,Whitman,$5.516,2026-09-19
Washington,WA,Yakima,$5.350,2026-09-19
West Virginia,WV,Barbour,$4.307,2026-09-19
West Virginia,WV,Berkeley,$4.288,2026-09-19
West Virginia,WV,Boone,$4.130,2026-09-19
West Virginia,WV,Braxton,$4.190,2026-09-19
West Virginia,WV,Brooke,$4.489,2026-09-19
West Virginia,WV,Cabell,$4.372,2026-09-19
West Virginia,WV,Calhoun,$4.171,2026-09-19
West Virginia,WV,Clay,$4.049,2026-09-19
West Virginia,WV,Doddridge,$4.399,2026-09-19
West Virginia,WV,Fayette,$4.311,2026-09-19
West Virginia,WV,Gilmer,$4.069,2026-09-19
West Virginia,WV,Grant,$4.339,2026-09-19
West Virginia,WV,Greenbrier,$3.957,2026-09-19
West Virginia,WV,Hampshire,$4.357,2026-09-19
West Virginia,WV,Hancock,$4.361,2026-09-19
West Virginia,WV,Hardy,$4.388,2026-09-19
West Virginia,WV,Harrison,$4.539,2026-09-19
West Virginia,WV,Jackson,$4.321,2026-09-19
West Virginia,WV,Jefferson,$4.383,2026-09-19
West Virginia,WV,Kanawha,$4.363,2026-09-19
West Virginia,WV,Lewis,$4.311,2026-09-19
West Virginia,WV,Lincoln,$4.370,2026-09-19
West Virginia,WV,Logan,$4.350,2026-09-19
West Virginia,WV,Marion,$4.428,2026-09-19
West Virginia,WV,Marshall,$4.124,2026-09-19
West Virginia,WV,Mason,$4.347,2026-09-19
West Virginia,WV,McDowell,$4.188,2026-09-19
West Virginia,WV,Mercer,$4.292,2026-09-19
West Virginia,WV,Mineral,$4.323,2026-09-19
West Virginia,WV,Mingo,$4.353,2026-09-19
West Virginia,WV,Monongalia,$4.574,2026-09-19
West Virginia,WV,Monroe,$4.149,2026-09-19
West Virginia,WV,Morgan,$4.366,2026-09-19
West Virginia,WV,Nicholas,$4.367,2026-09-19
West Virginia,WV,Ohio,$4.527,2026-09-19
West Virginia,WV,Pendleton,$4.199,2026-09-19
West Virginia,WV,Pleasants,$4.332,2026-09-19
West Virginia,WV,Pocahontas,$4.145,2026-09-19
West Virginia,WV,Preston,$4.451,2026-09-19
West Virginia,WV,Putnam,$4.408,2026-09-19
West Virginia,WV,Raleigh,$4.390,2026-09-19
West Virginia,WV,Randolph,$4.186,2026-09-19
West Virginia,WV,Ritchie,$4.249,2026-09-19
West Virginia,WV,Roane,$4.199,2026-09-19
West Virginia,WV,Summers,$4.094,2026-09-19
West Virginia,WV,Taylor,$4.575,2026-09-19
West Virginia,WV,Tucker,$4.599,2026-09-19
West Virginia,WV,Tyler,$4.389,2026-09-19
West Virginia,WV,Upshur,$4.326,2026-09-19
West Virginia,WV,Wayne,$4.341,2026-09-19
West Virginia,WV,Webster,$4.149,2026-09-19
West Virginia,WV,Wetzel,$4.411,2026-09-19
West Virginia,WV,Wirt,$4.399,2026-09-19
West Virginia,WV,Wood,$4.414,2026-09-19
West Virginia,WV,Wyoming,$4.174,2026-09-19
Wisconsin,WI,Adams,$4.505,2026-09-19
Wisconsin,WI,Ashland,$4.474,2026-09-19
Wisconsin,WI,Barron,$4.496,2026-09-19
Wisconsin,WI,Bayfield,$4.498,2026-09-19
Wisconsin,WI,Brown,$4.462,2026-09-19
Wisconsin,WI,Buffalo,$4.261,2026-09-19
Wisconsin,WI,Burnett,$4.235,2026-09-19
Wisconsin,WI,Calumet,$4.482,2026-09-19
Wisconsin,WI,Chippewa,$4.383,2026-09-19
Wisconsin,WI,Clark,$4.492,2026-09-19
Wisconsin,WI,Columbia,$4.458,2026-09-19
Wisconsin,WI,Crawford,$4.412,2026-09-19
Wisconsin,WI,Dane,$4.471,2026-09-19
Wisconsin,WI,Dodge,$4.457,2026-09-19
Wisconsin,WI,Door,$4.500,2026-09-19
Wisconsin,WI,Douglas,$4.460,2026-09-19
Wisconsin,WI,Dunn,$4.435,2026-09-19
Wisconsin,WI,Eau Claire,$4.367,2026-09-19
Wisconsin,WI,Florence,$4.622,2026-09-19
Wisconsin,WI,Fond du Lac,$4.457,2026-09-19
Wisconsin,WI,Forest,$4.589,2026-09-19
Wisconsin,WI,Grant,$4.442,2026-09-19
Wisconsin,WI,Green,$4.469,2026-09-19
Wisconsin,WI,Green Lake,$4.472,2026-09-19
Wisconsin,WI,Iowa,$4.428,2026-09-19
Wisconsin,WI,Iron,$4.627,2026-09-19
Wisconsin,WI,Jackson,$4.475,2026-09-19
Wisconsin,WI,Jefferson,$4.434,2026-09-19
Wisconsin,WI,Juneau,$4.434,2026-09-19
Wisconsin,WI,Kenosha,$4.456,2026-09-19
Wisconsin,WI,Kewaunee,$4.489,2026-09-19
Wisconsin,WI,La Crosse,$4.335,2026-09-19
Wisconsin,WI,Lafayette,$4.443,2026-09-19
Wisconsin,WI,Langlade,$4.462,2026-09-19
Wisconsin,WI,Lincoln,$4.551,2026-09-19
Wisconsin,WI,Manitowoc,$4.473,2026-09-19
Wisconsin,WI,Marathon,$4.480,2026-09-19
Wisconsin,WI,Marinette,$4.449,2026-09-19
Wisconsin,WI,Marquette,$4.488,2026-09-19
Wisconsin,WI,Menominee,$4.499,2026-09-19
Wisconsin,WI,Milwaukee,$4.446,2026-09-19
Wisconsin,WI,Monroe,$4.423,2026-09-19
Wisconsin,WI,Oconto,$4.495,2026-09-19
Wisconsin,WI,Oneida,$4.555,2026-09-19
Wisconsin,WI,Outagamie,$4.467,2026-09-19
Wisconsin,WI,Ozaukee,$4.494,2026-09-19
Wisconsin,WI,Pepin,$4.337,2026-09-19
Wisconsin,WI,Pierce,$4.433,2026-09-19
Wisconsin,WI,Polk,$4.382,2026-09-19
Wisconsin,WI,Portage,$4.489,2026-09-19
Wisconsin,WI,Price,$4.527,2026-09-19
Wisconsin,WI,Racine,$4.404,2026-09-19
Wisconsin,WI,Richland,$4.313,2026-09-19
Wisconsin,WI,Rock,$4.428,2026-09-19
Wisconsin,WI,Rusk,$4.476,2026-09-19
Wisconsin,WI,Sauk,$4.442,2026-09-19
Wisconsin,WI,Sawyer,$4.451,2026-09-19
Wisconsin,WI,Shawano,$4.429,2026-09-19
Wisconsin,WI,Sheboygan,$4.441,2026-09-19
Wisconsin,WI,Saint Croix,$4.473,2026-09-19
Wisconsin,WI,Taylor,$4.556,2026-09-19
Wisconsin,WI,Trempealeau,$4.347,2026-09-19
Wisconsin,WI,Vernon,$4.373,2026-09-19
Wisconsin,WI,Vilas,$4.521,2026-09-19
Wisconsin,WI,Walworth,$4.467,2026-09-19
Wisconsin,WI,Washburn,$4.410,2026-09-19
Wisconsin,WI,Washington,$4.487,2026-09-19
Wisconsin,WI,Waukesha,$4.444,2026-09-19
Wisconsin,WI,Waupaca,$4.473,2026-09-19
Wisconsin,WI,Waushara,$4.498,2026-09-19
Wisconsin,WI,Winnebago,$4.471,2026-09-19
Wisconsin,WI,Wood,$4.482,2026-09-19
Wyoming,WY,Albany,$4.335,2026-09-19
Wyoming,WY,Big Horn,$4.412,2026-09-19
Wyoming,WY,Campbell,$4.276,2026-09-19
Wyoming,WY,Carbon,$4.418,2026-09-19
Wyoming,WY,Converse,$4.267,2026-09-19
Wyoming,WY,Crook,$4.277,2026-09-19
Wyoming,WY,Fremont,$4.604,2026-09-19
Wyoming,WY,Goshen,$4.196,2026-09-19
Wyoming,WY,Hot Springs,$4.592,2026-09-19
Wyoming,WY,Johnson,$4.647,2026-09-19
Wyoming,WY,Laramie,$4.224,2026-09-19
Wyoming,WY,Lincoln,$4.901,2026-09-19
Wyoming,WY,Natrona,$4.194,2026-09-19
Wyoming,WY,Niobrara,$4.292,2026-09-19
Wyoming,WY,Park,$4.827,2026-09-19
Wyoming,WY,Platte,$4.843,2026-09-19
Wyoming,WY,Sheridan,$4.490,2026-09-19
Wyoming,WY,Sublette,$4.667,2026-09-19
Wyoming,WY,Sweetwater,$4.464,2026-09-19
Wyoming,WY,Teton,$5.099,2026-09-19
Wyoming,WY,Uinta,$4.805,2026-09-19
Wyoming,WY,Washakie,$4.526,2026-09-19
Wyoming,WY,Weston,$4.412,2026-09-19
