state,abbreviation,name,price,date
Alabama,AL,Autauga,$3.913,2026-09-13
Alabama,AL,Baldwin,$3.883,2026-09-13
Alabama,AL,Barbour,$3.935,2026-09-13
Alabama,AL,Bibb,$3.896,2026-09-13
Alabama,AL,Blount,$3.922,2026-09-13
Alabama,AL,Bullock,$3.999,2026-09-13
Alabama,AL,Butler,$3.978,2026-09-13
Alabama,AL,Calhoun,$3.905,2026-09-13
Alabama,AL,Chambers,$3.894,2026-09-13
Alabama,AL,Cherokee,$3.874,2026-09-13
Alabama,AL,Chilton,$3.929,2026-09-13
Alabama,AL,Choctaw,$4.037,2026-09-13
Alabama,AL,Clarke,$3.958,2026-09-13
Alabama,AL,Clay,$3.974,2026-09-13
Alabama,AL,Cleburne,$3.946,2026-09-13
Alabama,AL,Coffee,$3.921,2026-09-13
Alabama,AL,Colbert,$3.887,2026-09-13
Alabama,AL,Conecuh,$4.003,2026-09-13
Alabama,AL,Coosa,$3.966,2026-09-13
Alabama,AL,Covington,$3.983,2026-09-13
Alabama,AL,Crenshaw,$3.989,2026-09-13
Alabama,AL,Cullman,$3.894,2026-09-13
Alabama,AL,Dale,$3.941,2026-09-13
Alabama,AL,Dallas,$3.978,2026-09-13
Alabama,AL,De Kalb,$3.905,2026-09-13
Alabama,AL,Elmore,$3.927,2026-09-13
Alabama,AL,Escambia,$3.948,2026-09-13
Alabama,AL,Etowah,$3.894,2026-09-13
Alabama,AL,Fayette,$3.979,2026-09-13
Alabama,AL,Franklin,$3.912,2026-09-13
Alabama,AL,Geneva,$3.942,2026-09-13
Alabama,AL,Greene,$4.119,2026-09-13
Alabama,AL,Hale,$3.945,2026-09-13
Alabama,AL,Henry,$3.910,2026-09-13
Alabama,AL,Houston,$3.922,2026-09-13
Alabama,AL,Jackson,$3.971,2026-09-13
Alabama,AL,Jefferson,$3.917,2026-09-13
Alabama,AL,Lamar,$3.935,2026-09-13
Alabama,AL,Lauderdale,$3.910,2026-09-13
Alabama,AL,Lawrence,$3.900,2026-09-13
Alabama,AL,Lee,$3.904,2026-09-13
Alabama,AL,Limestone,$3.911,2026-09-13
Alabama,AL,Lowndes,$3.979,2026-09-13
Alabama,AL,Macon,$4.031,2026-09-13
Alabama,AL,Madison,$3.895,2026-09-13
Alabama,AL,Marengo,$3.916,2026-09-13
Alabama,AL,Marion,$3.935,2026-09-13
Alabama,AL,Marshall,$3.897,2026-09-13
Alabama,AL,Mobile,$3.905,2026-09-13
Alabama,AL,Monroe,$3.926,2026-09-13
Alabama,AL,Montgomery,$3.946,2026-09-13
Alabama,AL,Morgan,$3.879,2026-09-13
Alabama,AL,Perry,$4.099,2026-09-13
Alabama,AL,Pickens,$3.944,2026-09-13
Alabama,AL,Pike,$3.967,2026-09-13
Alabama,AL,Randolph,$3.964,2026-09-13
Alabama,AL,Russell,$3.940,2026-09-13
Alabama,AL,Shelby,$3.917,2026-09-13
Alabama,AL,Saint Clair,$3.898,2026-09-13
Alabama,AL,Sumter,$3.995,2026-09-13
Alabama,AL,Talladega,$3.892,2026-09-13
Alabama,AL,Tallapoosa,$3.913,2026-09-13
Alabama,AL,Tuscaloosa,$3.926,2026-09-13
Alabama,AL,Walker,$3.885,2026-09-13
Alabama,AL,Washington,$3.967,2026-09-13
Alabama,AL,Wilcox,$4.151,2026-09-13
Alabama,AL,Winston,$3.948,2026-09-13
Alaska,AK,Aleutians East,,2026-09-13
Alaska,AK,Aleutians West,$5.549,2026-09-13
Alaska,AK,Anchorage,$5.044,2026-09-13
Alaska,AK,Bethel,,2026-09-13
Alaska,AK,Bristol Bay,,2026-09-13
Alaska,AK,Denali,$5.369,2026-09-13
Alaska,AK,Dillingham,,2026-09-13
Alaska,AK,Fairbanks North Star,$5.077,2026-09-13
Alaska,AK,Haines,$5.679,2026-09-13
Alaska,AK,Juneau,$4.766,2026-09-13
Alaska,AK,Kenai Peninsula,$5.124,2026-09-13
Alaska,AK,Ketchikan Gateway,$4.697,2026-09-13
Alaska,AK,Kodiak Island,$5.339,2026-09-13
Alaska,AK,Matanuska Susitna,$4.960,2026-09-13
Alaska,AK,Nome,,2026-09-13
Alaska,AK,North Slope,$5.399,2026-09-13
Alaska,AK,Northwest Arctic,,2026-09-13
Alaska,AK,Lake and Peninsula,,2026-09-13
Alaska,AK,Prince Wales Ketchikan,$5.944,2026-09-13
Alaska,AK,Sitka,$4.989,2026-09-13
Alaska,AK,Skagway Hoonah Angoon,$5.609,2026-09-13
Alaska,AK,Southeast Fairbanks,$5.199,2026-09-13
Alaska,AK,Valdez Cordova,$5.345,2026-09-13
Alaska,AK,Wade Hampton,,2026-09-13
Alaska,AK,Wrangell Petersburg,$5.039,2026-09-13
Alaska,AK,Yakutat,,2026-09-13
Alaska,AK,Yukon Koyukuk,$5.619,2026-09-13
Arizona,AZ,Apache,$4.632,2026-09-13
Arizona,AZ,Cochise,$4.279,2026-09-13
Arizona,AZ,Coconino,$4.737,2026-09-13
Arizona,AZ,Gila,$4.458,2026-09-13
Arizona,AZ,Graham,$4.574,2026-09-13
Arizona,AZ,Greenlee,$4.406,2026-09-13
Arizona,AZ,La Paz,$4.481,2026-09-13
Arizona,AZ,Maricopa,$4.644,2026-09-13
Arizona,AZ,Mohave,$4.679,2026-09-13
Arizona,AZ,Navajo,$4.505,2026-09-13
Arizona,AZ,Pima,$4.369,2026-09-13
Arizona,AZ,Pinal,$4.466,2026-09-13
Arizona,AZ,Santa Cruz,$4.525,2026-09-13
Arizona,AZ,Yavapai,$4.622,2026-09-13
Arizona,AZ,Yuma,$4.572,2026-09-13
Arkansas,AR,Arkansas,$3.928,2026-09-13
Arkansas,AR,Ashley,$4.008,2026-09-13
Arkansas,AR,Baxter,$4.045,2026-09-13
Arkansas,AR,Benton,$4.023,2026-09-13
Arkansas,AR,Boone,$4.101,2026-09-13
Arkansas,AR,Bradley,$3.981,2026-09-13
Arkansas,AR,Calhoun,$3.999,2026-09-13
Arkansas,AR,Carroll,$4.051,2026-09-13
Arkansas,AR,Chicot,$4.014,2026-09-13
Arkansas,AR,Clark,$4.006,2026-09-13
Arkansas,AR,Clay,$3.994,2026-09-13
Arkansas,AR,Cleburne,$3.931,2026-09-13
Arkansas,AR,Cleveland,$3.899,2026-09-13
Arkansas,AR,Columbia,$4.058,2026-09-13
Arkansas,AR,Conway,$3.960,2026-09-13
Arkansas,AR,Craighead,$3.927,2026-09-13
Arkansas,AR,Crawford,$4.037,2026-09-13
Arkansas,AR,Crittenden,$3.934,2026-09-13
Arkansas,AR,Cross,$4.046,2026-09-13
Arkansas,AR,Dallas,$3.819,2026-09-13
Arkansas,AR,Desha,$4.119,2026-09-13
Arkansas,AR,Drew,$4.152,2026-09-13
Arkansas,AR,Faulkner,$3.910,2026-09-13
Arkansas,AR,Franklin,$4.016,2026-09-13
Arkansas,AR,Fulton,$4.103,2026-09-13
Arkansas,AR,Garland,$3.864,2026-09-13
Arkansas,AR,Grant,$3.944,2026-09-13
Arkansas,AR,Greene,$3.877,2026-09-13
Arkansas,AR,Hempstead,$3.994,2026-09-13
Arkansas,AR,Hot Spring,$3.852,2026-09-13
Arkansas,AR,Howard,$4.162,2026-09-13
Arkansas,AR,Independence,$3.988,2026-09-13
Arkansas,AR,Izard,$3.917,2026-09-13
Arkansas,AR,Jackson,$3.904,2026-09-13
Arkansas,AR,Jefferson,$3.888,2026-09-13
Arkansas,AR,Johnson,$3.990,2026-09-13
Arkansas,AR,Lafayette,$4.099,2026-09-13
Arkansas,AR,Lawrence,$3.969,2026-09-13
Arkansas,AR,Lee,$3.999,2026-09-13
Arkansas,AR,Lincoln,$3.949,2026-09-13
Arkansas,AR,Little River,$4.037,2026-09-13
Arkansas,AR,Logan,$4.161,2026-09-13
Arkansas,AR,Lonoke,$3.866,2026-09-13
Arkansas,AR,Madison,$3.955,2026-09-13
Arkansas,AR,Marion,$4.074,2026-09-13
Arkansas,AR,Miller,$3.956,2026-09-13
Arkansas,AR,Mississippi,$3.947,2026-09-13
Arkansas,AR,Monroe,$3.962,2026-09-13
Arkansas,AR,Montgomery,$4.219,2026-09-13
Arkansas,AR,Nevada,$3.950,2026-09-13
Arkansas,AR,Newton,$4.116,2026-09-13
Arkansas,AR,Ouachita,$3.998,2026-09-13
Arkansas,AR,Perry,$3.899,2026-09-13
Arkansas,AR,Phillips,$3.990,2026-09-13
Arkansas,AR,Pike,$3.968,2026-09-13
Arkansas,AR,Poinsett,$3.984,2026-09-13
Arkansas,AR,Polk,$3.989,2026-09-13
Arkansas,AR,Pope,$3.877,2026-09-13
Arkansas,AR,Prairie,$3.888,2026-09-13
Arkansas,AR,Pulaski,$3.910,2026-09-13
Arkansas,AR,Randolph,$3.972,2026-09-13
Arkansas,AR,Saline,$3.901,2026-09-13
Arkansas,AR,Scott,$3.941,2026-09-13
Arkansas,AR,Searcy,$4.047,2026-09-13
Arkansas,AR,Sebastian,$3.982,2026-09-13
Arkansas,AR,Sevier,$4.021,2026-09-13
Arkansas,AR,Sharp,$3.931,2026-09-13
Arkansas,AR,Saint Francis,$3.953,2026-09-13
Arkansas,AR,Stone,$4.067,2026-09-13
Arkansas,AR,Union,$4.113,2026-09-13
Arkansas,AR,Van Buren,$3.910,2026-09-13
Arkansas,AR,Washington,$4.048,2026-09-13
Arkansas,AR,White,$3.822,2026-09-13
Arkansas,AR,Woodruff,$3.949,2026-09-13
Arkansas,AR,Yell,$3.984,2026-09-13
California,CA,Alameda,$6.065,2026-09-13
California,CA,Alpine,,2026-09-13
California,CA,Amador,$5.832,2026-09-13
California,CA,Butte,$5.760,2026-09-13
California,CA,Calaveras,$5.938,2026-09-13
California,CA,Colusa,$5.893,2026-09-13
California,CA,Contra Costa,$6.016,2026-09-13
California,CA,Del Norte,$6.122,2026-09-13
California,CA,El Dorado,$6.043,2026-09-13
California,CA,Fresno,$5.964,2026-09-13
California,CA,Glenn,$5.830,2026-09-13
California,CA,Humboldt,$6.474,2026-09-13
California,CA,Imperial,$5.762,2026-09-13
California,CA,Inyo,$6.229,2026-09-13
California,CA,Kern,$5.913,2026-09-13
California,CA,Kings,$5.945,2026-09-13
California,CA,Lake,$6.006,2026-09-13
California,CA,Lassen,$5.878,2026-09-13
California,CA,Los Angeles,$6.040,2026-09-13
California,CA,Madera,$5.985,2026-09-13
California,CA,Marin,$6.153,2026-09-13
California,CA,Mariposa,$6.169,2026-09-13
California,CA,Mendocino,$5.981,2026-09-13
California,CA,Merced,$5.878,2026-09-13
California,CA,Modoc,$5.909,2026-09-13
California,CA,Mono,$7.056,2026-09-13
California,CA,Monterey,$6.162,2026-09-13
California,CA,Napa,$6.150,2026-09-13
California,CA,Nevada,$6.213,2026-09-13
California,CA,Orange,$6.013,2026-09-13
California,CA,Placer,$6.034,2026-09-13
California,CA,Plumas,$5.987,2026-09-13
California,CA,Riverside,$5.921,2026-09-13
California,CA,Sacramento,$5.899,2026-09-13
California,CA,San Benito,$6.081,2026-09-13
California,CA,San Bernardino,$5.900,2026-09-13
California,CA,San Diego,$6.066,2026-09-13
California,CA,San Francisco,$6.072,2026-09-13
California,CA,San Joaquin,$5.848,2026-09-13
California,CA,San Luis Obispo,$6.197,2026-09-13
California,CA,San Mateo,$6.176,2026-09-13
California,CA,Santa Barbara,$5.999,2026-09-13
California,CA,Santa Clara,$5.981,2026-09-13
California,CA,Santa Cruz,$5.987,2026-09-13
California,CA,Shasta,$5.774,2026-09-13
California,CA,Sierra,$6.349,2026-09-13
California,CA,Siskiyou,$6.124,2026-09-13
California,CA,Solano,$5.938,2026-09-13
California,CA,Sonoma,$6.203,2026-09-13
California,CA,Stanislaus,$5.816,2026-09-13
California,CA,Sutter,$5.696,2026-09-13
California,CA,Tehama,$5.717,2026-09-13
California,CA,Trinity,$6.105,2026-09-13
California,CA,Tulare,$5.933,2026-09-13
California,CA,Tuolumne,$5.814,2026-09-13
California,CA,Ventura,$5.942,2026-09-13
California,CA,Yolo,$5.938,2026-09-13
California,CA,Yuba,$5.710,2026-09-13
Colorado,CO,Adams,$4.167,2026-09-13
Colorado,CO,Alamosa,$4.222,2026-09-13
Colorado,CO,Arapahoe,$4.236,2026-09-13
Colorado,CO,Archuleta,$4.519,2026-09-13
Colorado,CO,Baca,$4.119,2026-09-13
Colorado,CO,Bent,$4.076,2026-09-13
Colorado,CO,Boulder,$4.387,2026-09-13
Colorado,CO,Broomfield,$4.239,2026-09-13
Colorado,CO,Chaffee,$4.510,2026-09-13
Colorado,CO,Cheyenne,$4.099,2026-09-13
Colorado,CO,Clear Creek,$4.481,2026-09-13
Colorado,CO,Conejos,$4.352,2026-09-13
Colorado,CO,Costilla,$4.466,2026-09-13
Colorado,CO,Crowley,$4.099,2026-09-13
Colorado,CO,Custer,$4.249,2026-09-13
Colorado,CO,Delta,$4.502,2026-09-13
Colorado,CO,Denver,$4.284,2026-09-13
Colorado,CO,Dolores,$4.619,2026-09-13
Colorado,CO,Douglas,$4.262,2026-09-13
Colorado,CO,Eagle,$4.726,2026-09-13
Colorado,CO,El Paso,$4.209,2026-09-13
Colorado,CO,Elbert,$4.509,2026-09-13
Colorado,CO,Fremont,$4.186,2026-09-13
Colorado,CO,Garfield,$4.762,2026-09-13
Colorado,CO,Gilpin,$4.499,2026-09-13
Colorado,CO,Grand,$4.579,2026-09-13
Colorado,CO,Gunnison,$4.530,2026-09-13
Colorado,CO,Hinsdale,$5.169,2026-09-13
Colorado,CO,Huerfano,$4.290,2026-09-13
Colorado,CO,Jackson,$4.899,2026-09-13
Colorado,CO,Jefferson,$4.257,2026-09-13
Colorado,CO,Kiowa,$3.974,2026-09-13
Colorado,CO,Kit Carson,$4.142,2026-09-13
Colorado,CO,La Plata,$4.580,2026-09-13
Colorado,CO,Lake,$4.607,2026-09-13
Colorado,CO,Larimer,$4.302,2026-09-13
Colorado,CO,Las Animas,$4.199,2026-09-13
Colorado,CO,Lincoln,$3.977,2026-09-13
Colorado,CO,Logan,$4.362,2026-09-13
Colorado,CO,Mesa,$4.409,2026-09-13
Colorado,CO,Mineral,$4.799,2026-09-13
Colorado,CO,Moffat,$4.351,2026-09-13
Colorado,CO,Montezuma,$4.390,2026-09-13
Colorado,CO,Montrose,$4.537,2026-09-13
Colorado,CO,Morgan,$4.260,2026-09-13
Colorado,CO,Otero,$4.246,2026-09-13
Colorado,CO,Ouray,$4.992,2026-09-13
Colorado,CO,Park,$4.477,2026-09-13
Colorado,CO,Phillips,$4.766,2026-09-13
Colorado,CO,Pitkin,$5.769,2026-09-13
Colorado,CO,Prowers,$4.051,2026-09-13
Colorado,CO,Pueblo,$4.079,2026-09-13
Colorado,CO,Rio Blanco,$4.521,2026-09-13
Colorado,CO,Rio Grande,$4.326,2026-09-13
Colorado,CO,Routt,$4.867,2026-09-13
Colorado,CO,Saguache,$4.649,2026-09-13
Colorado,CO,San Juan,$4.859,2026-09-13
Colorado,CO,San Miguel,$5.049,2026-09-13
Colorado,CO,Sedgwick,$4.832,2026-09-13
Colorado,CO,Summit,$4.516,2026-09-13
Colorado,CO,Teller,$4.385,2026-09-13
Colorado,CO,Washington,$4.274,2026-09-13
Colorado,CO,Weld,$4.178,2026-09-13
Colorado,CO,Yuma,$4.294,2026-09-13
Connecticut,CT,Fairfield,$4.505,2026-09-13
Connecticut,CT,Hartford,$4.433,2026-09-13
Connecticut,CT,Litchfield,$4.421,2026-09-13
Connecticut,CT,Middlesex,$4.411,2026-09-13
Connecticut,CT,New Haven,$4.411,2026-09-13
Connecticut,CT,New London,$4.429,2026-09-13
Connecticut,CT,Tolland,$4.404,2026-09-13
Connecticut,CT,Windham,$4.465,2026-09-13
Delaware,DE,Kent,$4.373,2026-09-13
Delaware,DE,New castle,$4.350,2026-09-13
Delaware,DE,Sussex,$4.364,2026-09-13
Florida,FL,Alachua,$4.216,2026-09-13
Florida,FL,Baker,$4.113,2026-09-13
Florida,FL,Bay,$3.968,2026-09-13
Florida,FL,Bradford,$4.089,2026-09-13
Florida,FL,Brevard,$4.119,2026-09-13
Florida,FL,Broward,$4.175,2026-09-13
Florida,FL,Calhoun,$4.156,2026-09-13
Florida,FL,Charlotte,$4.114,2026-09-13
Florida,FL,Citrus,$4.179,2026-09-13
Florida,FL,Clay,$4.139,2026-09-13
Florida,FL,Collier,$4.193,2026-09-13
Florida,FL,Columbia,$4.147,2026-09-13
Florida,FL,De Soto,$4.139,2026-09-13
Florida,FL,Dixie,$4.178,2026-09-13
Florida,FL,Duval,$4.143,2026-09-13
Florida,FL,Escambia,$3.957,2026-09-13
Florida,FL,Flagler,$4.182,2026-09-13
Florida,FL,Franklin,$3.988,2026-09-13
Florida,FL,Gadsden,$4.093,2026-09-13
Florida,FL,Gilchrist,$4.180,2026-09-13
Florida,FL,Glades,$4.134,2026-09-13
Florida,FL,Gulf,$4.004,2026-09-13
Florida,FL,Hamilton,$4.039,2026-09-13
Florida,FL,Hardee,$4.146,2026-09-13
Florida,FL,Hendry,$4.188,2026-09-13
Florida,FL,Hernando,$4.138,2026-09-13
Florida,FL,Highlands,$4.169,2026-09-13
Florida,FL,Hillsborough,$4.158,2026-09-13
Florida,FL,Holmes,$4.036,2026-09-13
Florida,FL,Indian River,$4.140,2026-09-13
Florida,FL,Jackson,$3.983,2026-09-13
Florida,FL,Jefferson,$4.128,2026-09-13
Florida,FL,Lafayette,$4.249,2026-09-13
Florida,FL,Lake,$4.150,2026-09-13
Florida,FL,Lee,$4.137,2026-09-13
Florida,FL,Leon,$4.059,2026-09-13
Florida,FL,Levy,$4.206,2026-09-13
Florida,FL,Liberty,$4.166,2026-09-13
Florida,FL,Madison,$4.165,2026-09-13
Florida,FL,Manatee,$4.133,2026-09-13
Florida,FL,Marion,$4.151,2026-09-13
Florida,FL,Martin,$4.128,2026-09-13
Florida,FL,Miami Dade,$4.133,2026-09-13
Florida,FL,Monroe,$4.353,2026-09-13
Florida,FL,Nassau,$4.162,2026-09-13
Florida,FL,Okaloosa,$3.989,2026-09-13
Florida,FL,Okeechobee,$4.182,2026-09-13
Florida,FL,Orange,$4.157,2026-09-13
Florida,FL,Osceola,$4.142,2026-09-13
Florida,FL,Palm Beach,$4.298,2026-09-13
Florida,FL,Pasco,$4.122,2026-09-13
Florida,FL,Pinellas,$4.158,2026-09-13
Florida,FL,Polk,$4.121,2026-09-13
Florida,FL,Putnam,$4.087,2026-09-13
Florida,FL,Santa Rosa,$4.002,2026-09-13
Florida,FL,Sarasota,$4.124,2026-09-13
Florida,FL,Seminole,$4.165,2026-09-13
Florida,FL,Saint Johns,$4.167,2026-09-13
Florida,FL,Saint Lucie,$4.156,2026-09-13
Florida,FL,Sumter,$4.142,2026-09-13
Florida,FL,Suwannee,$4.215,2026-09-13
Florida,FL,Taylor,$4.137,2026-09-13
Florida,FL,Union,$4.204,2026-09-13
Florida,FL,Volusia,$4.168,2026-09-13
Florida,FL,Wakulla,$3.999,2026-09-13
Florida,FL,Walton,$3.982,2026-09-13
Florida,FL,Washington,$4.060,2026-09-13
Georgia,GA,Appling,$3.985,2026-09-13
Georgia,GA,Atkinson,$4.025,2026-09-13
Georgia,GA,Bacon,$4.084,2026-09-13
Georgia,GA,Bibb,$4.038,2026-09-13
Georgia,GA,Bulloch,$4.034,2026-09-13
Georgia,GA,Baldwin,$3.978,2026-09-13
Georgia,GA,Brantley,$3.967,2026-09-13
Georgia,GA,Ben Hill,$4.008,2026-09-13
Georgia,GA,Berrien,$4.070,2026-09-13
Georgia,GA,Baker,$4.259,2026-09-13
Georgia,GA,Bleckley,$4.114,2026-09-13
Georgia,GA,Banks,$4.022,2026-09-13
Georgia,GA,Brooks,$3.999,2026-09-13
Georgia,GA,Bryan,$4.074,2026-09-13
Georgia,GA,Butts,$3.998,2026-09-13
Georgia,GA,Bartow,$3.967,2026-09-13
Georgia,GA,Burke,$4.047,2026-09-13
Georgia,GA,Barrow,$4.009,2026-09-13
Georgia,GA,Chatham,$4.063,2026-09-13
Georgia,GA,Cobb,$4.012,2026-09-13
Georgia,GA,Chattahoochee,$4.132,2026-09-13
Georgia,GA,Crawford,$4.214,2026-09-13
Georgia,GA,Cherokee,$4.003,2026-09-13
Georgia,GA,Coffee,$3.998,2026-09-13
Georgia,GA,Chattooga,$3.945,2026-09-13
Georgia,GA,Charlton,$3.999,2026-09-13
Georgia,GA,Clinch,$4.079,2026-09-13
Georgia,GA,Clarke,$4.000,2026-09-13
Georgia,GA,Calhoun,$4.099,2026-09-13
Georgia,GA,Camden,$4.000,2026-09-13
Georgia,GA,Candler,$4.026,2026-09-13
Georgia,GA,Cook,$3.966,2026-09-13
Georgia,GA,Crisp,$3.935,2026-09-13
Georgia,GA,Colquitt,$4.018,2026-09-13
Georgia,GA,Carroll,$3.982,2026-09-13
Georgia,GA,Catoosa,$3.917,2026-09-13
Georgia,GA,Clayton,$4.000,2026-09-13
Georgia,GA,Columbia,$3.922,2026-09-13
Georgia,GA,Coweta,$4.034,2026-09-13
Georgia,GA,Clay,$4.099,2026-09-13
Georgia,GA,Dade,$3.938,2026-09-13
Georgia,GA,Decatur,$3.962,2026-09-13
Georgia,GA,Douglas,$3.991,2026-09-13
Georgia,GA,DeKalb,$4.042,2026-09-13
Georgia,GA,Dooly,$4.032,2026-09-13
Georgia,GA,Dodge,$3.978,2026-09-13
Georgia,GA,Dougherty,$3.968,2026-09-13
Georgia,GA,Dawson,$4.037,2026-09-13
Georgia,GA,Early,$4.213,2026-09-13
Georgia,GA,Echols,$3.999,2026-09-13
Georgia,GA,Effingham,$4.017,2026-09-13
Georgia,GA,Elbert,$3.961,2026-09-13
Georgia,GA,Emanuel,$4.038,2026-09-13
Georgia,GA,Evans,$4.007,2026-09-13
Georgia,GA,Fannin,$4.057,2026-09-13
Georgia,GA,Floyd,$3.943,2026-09-13
Georgia,GA,Forsyth,$4.018,2026-09-13
Georgia,GA,Franklin,$4.036,2026-09-13
Georgia,GA,Fulton,$4.141,2026-09-13
Georgia,GA,Fayette,$4.041,2026-09-13
Georgia,GA,Greene,$4.014,2026-09-13
Georgia,GA,Gilmer,$4.013,2026-09-13
Georgia,GA,Glascock,$3.999,2026-09-13
Georgia,GA,Gordon,$4.007,2026-09-13
Georgia,GA,Grady,$4.082,2026-09-13
Georgia,GA,Gwinnett,$4.004,2026-09-13
Georgia,GA,Glynn,$4.014,2026-09-13
Georgia,GA,Habersham,$3.992,2026-09-13
Georgia,GA,Heard,$3.986,2026-09-13
Georgia,GA,Harris,$4.049,2026-09-13
Georgia,GA,Hall,$3.999,2026-09-13
Georgia,GA,Hancock,$3.999,2026-09-13
Georgia,GA,Houston,$3.960,2026-09-13
Georgia,GA,Haralson,$3.965,2026-09-13
Georgia,GA,Hart,$3.977,2026-09-13
Georgia,GA,Henry,$4.015,2026-09-13
Georgia,GA,Irwin,$4.064,2026-09-13
Georgia,GA,Jackson,$3.998,2026-09-13
Georgia,GA,Jeff Davis,$3.866,2026-09-13
Georgia,GA,Jefferson,$4.063,2026-09-13
Georgia,GA,Jenkins,$3.967,2026-09-13
Georgia,GA,Jones,$3.928,2026-09-13
Georgia,GA,Johnson,$3.999,2026-09-13
Georgia,GA,Jasper,$4.005,2026-09-13
Georgia,GA,Lamar,$4.099,2026-09-13
Georgia,GA,Lincoln,$3.999,2026-09-13
Georgia,GA,Lee,$3.923,2026-09-13
Georgia,GA,Liberty,$4.030,2026-09-13
Georgia,GA,Lanier,$3.999,2026-09-13
Georgia,GA,Long,$3.999,2026-09-13
Georgia,GA,Lumpkin,$4.048,2026-09-13
Georgia,GA,Laurens,$3.973,2026-09-13
Georgia,GA,Lowndes,$4.003,2026-09-13
Georgia,GA,Macon,$4.166,2026-09-13
Georgia,GA,Mcduffie,$3.923,2026-09-13
Georgia,GA,Madison,$4.003,2026-09-13
Georgia,GA,Meriwether,$4.051,2026-09-13
Georgia,GA,Montgomery,$4.074,2026-09-13
Georgia,GA,Mcintosh,$4.021,2026-09-13
Georgia,GA,Miller,$4.059,2026-09-13
Georgia,GA,Morgan,$3.974,2026-09-13
Georgia,GA,Monroe,$4.066,2026-09-13
Georgia,GA,Marion,$4.199,2026-09-13
Georgia,GA,Muscogee,$3.964,2026-09-13
Georgia,GA,Mitchell,$4.047,2026-09-13
Georgia,GA,Murray,$3.974,2026-09-13
Georgia,GA,Newton,$4.029,2026-09-13
Georgia,GA,Oconee,$4.002,2026-09-13
Georgia,GA,Oglethorpe,$4.035,2026-09-13
Georgia,GA,Peach,$3.971,2026-09-13
Georgia,GA,Pickens,$3.990,2026-09-13
Georgia,GA,Paulding,$4.010,2026-09-13
Georgia,GA,Pierce,$4.100,2026-09-13
Georgia,GA,Pike,$3.989,2026-09-13
Georgia,GA,Pulaski,$4.028,2026-09-13
Georgia,GA,Polk,$3.969,2026-09-13
Georgia,GA,Putnam,$4.060,2026-09-13
Georgia,GA,Quitman,$3.991,2026-09-13
Georgia,GA,Randolph,$4.024,2026-09-13
Georgia,GA,Rabun,$3.988,2026-09-13
Georgia,GA,Richmond,$3.962,2026-09-13
Georgia,GA,Rockdale,$4.021,2026-09-13
Georgia,GA,Schley,$3.989,2026-09-13
Georgia,GA,Stephens,$3.961,2026-09-13
Georgia,GA,Seminole,$4.122,2026-09-13
Georgia,GA,Spalding,$4.012,2026-09-13
Georgia,GA,Screven,$4.036,2026-09-13
Georgia,GA,Stewart,$4.149,2026-09-13
Georgia,GA,Sumter,$3.957,2026-09-13
Georgia,GA,Taliaferro,$4.024,2026-09-13
Georgia,GA,Talbot,$4.111,2026-09-13
Georgia,GA,Treutlen,$4.072,2026-09-13
Georgia,GA,Telfair,$4.007,2026-09-13
Georgia,GA,Thomas,$4.072,2026-09-13
Georgia,GA,Tift,$3.977,2026-09-13
Georgia,GA,Terrell,$3.881,2026-09-13
Georgia,GA,Toombs,$4.009,2026-09-13
Georgia,GA,Towns,$3.939,2026-09-13
Georgia,GA,Troup,$3.996,2026-09-13
Georgia,GA,Tattnall,$4.062,2026-09-13
Georgia,GA,Turner,$4.079,2026-09-13
Georgia,GA,Twiggs,$4.201,2026-09-13
Georgia,GA,Taylor,$4.106,2026-09-13
Georgia,GA,Union,$4.008,2026-09-13
Georgia,GA,Upson,$3.986,2026-09-13
Georgia,GA,Ware,$4.007,2026-09-13
Georgia,GA,Wilcox,$3.999,2026-09-13
Georgia,GA,Wheeler,$4.012,2026-09-13
Georgia,GA,Washington,$3.895,2026-09-13
Georgia,GA,Whitfield,$3.927,2026-09-13
Georgia,GA,Wilkinson,$4.013,2026-09-13
Georgia,GA,Walker,$3.921,2026-09-13
Georgia,GA,Wilkes,$3.966,2026-09-13
Georgia,GA,Walton,$4.002,2026-09-13
Georgia,GA,Worth,$3.986,2026-09-13
Georgia,GA,Warren,$3.999,2026-09-13
Georgia,GA,Webster,$4.149,2026-09-13
Georgia,GA,White,$4.051,2026-09-13
Georgia,GA,Wayne,$3.997,2026-09-13
Hawaii,HI,Hawaii,$5.487,2026-09-13
Hawaii,HI,Honolulu,$5.372,2026-09-13
Hawaii,HI,Kalawao,,2026-09-13
Hawaii,HI,Kauai,$5.724,2026-09-13
Hawaii,HI,Maui,$5.434,2026-09-13
Idaho,ID,Ada,$4.798,2026-09-13
Idaho,ID,Adams,$5.009,2026-09-13
Idaho,ID,Bannock,$4.795,2026-09-13
Idaho,ID,Bear Lake,$4.833,2026-09-13
Idaho,ID,Benewah,$4.788,2026-09-13
Idaho,ID,Bingham,$4.751,2026-09-13
Idaho,ID,Blaine,$4.910,2026-09-13
Idaho,ID,Boise,$5.381,2026-09-13
Idaho,ID,Bonner,$4.741,2026-09-13
Idaho,ID,Bonneville,$4.748,2026-09-13
Idaho,ID,Boundary,$4.799,2026-09-13
Idaho,ID,Butte,$4.799,2026-09-13
Idaho,ID,Camas,$5.149,2026-09-13
Idaho,ID,Canyon,$4.793,2026-09-13
Idaho,ID,Caribou,$4.862,2026-09-13
Idaho,ID,Cassia,$4.840,2026-09-13
Idaho,ID,Clark,$5.499,2026-09-13
Idaho,ID,Clearwater,$4.699,2026-09-13
Idaho,ID,Custer,$4.964,2026-09-13
Idaho,ID,Elmore,$4.789,2026-09-13
Idaho,ID,Franklin,$4.673,2026-09-13
Idaho,ID,Fremont,$5.024,2026-09-13
Idaho,ID,Gem,$4.788,2026-09-13
Idaho,ID,Gooding,$4.806,2026-09-13
Idaho,ID,Idaho,$4.753,2026-09-13
Idaho,ID,Jefferson,$4.806,2026-09-13
Idaho,ID,Jerome,$4.800,2026-09-13
Idaho,ID,Kootenai,$4.625,2026-09-13
Idaho,ID,Latah,$4.768,2026-09-13
Idaho,ID,Lemhi,$4.725,2026-09-13
Idaho,ID,Lewis,$4.715,2026-09-13
Idaho,ID,Lincoln,$4.796,2026-09-13
Idaho,ID,Madison,$4.797,2026-09-13
Idaho,ID,Minidoka,$4.762,2026-09-13
Idaho,ID,Nez perce,$4.685,2026-09-13
Idaho,ID,Oneida,$4.799,2026-09-13
Idaho,ID,Owyhee,$4.774,2026-09-13
Idaho,ID,Payette,$4.940,2026-09-13
Idaho,ID,Power,$4.822,2026-09-13
Idaho,ID,Shoshone,$4.986,2026-09-13
Idaho,ID,Teton,$4.866,2026-09-13
Idaho,ID,Twin falls,$4.802,2026-09-13
Idaho,ID,Valley,$4.979,2026-09-13
Idaho,ID,Washington,$4.917,2026-09-13
Illinois,IL,Adams,$4.482,2026-09-13
Illinois,IL,Alexander,$4.699,2026-09-13
Illinois,IL,Bond,$4.415,2026-09-13
Illinois,IL,Boone,$4.509,2026-09-13
Illinois,IL,Brown,$4.249,2026-09-13
Illinois,IL,Bureau,$4.459,2026-09-13
Illinois,IL,Calhoun,$4.299,2026-09-13
Illinois,IL,Carroll,$4.496,2026-09-13
Illinois,IL,Cass,$4.446,2026-09-13
Illinois,IL,Champaign,$4.513,2026-09-13
Illinois,IL,Christian,$4.480,2026-09-13
Illinois,IL,Clark,$4.368,2026-09-13
Illinois,IL,Clay,$4.549,2026-09-13
Illinois,IL,Clinton,$4.408,2026-09-13
Illinois,IL,Coles,$4.438,2026-09-13
Illinois,IL,Cook,$4.601,2026-09-13
Illinois,IL,Crawford,$4.482,2026-09-13
Illinois,IL,Cumberland,$4.396,2026-09-13
Illinois,IL,Dewitt,$4.591,2026-09-13
Illinois,IL,De Kalb,$4.438,2026-09-13
Illinois,IL,Douglas,$4.386,2026-09-13
Illinois,IL,Du Page,$4.468,2026-09-13
Illinois,IL,Edgar,$4.474,2026-09-13
Illinois,IL,Edwards,$4.499,2026-09-13
Illinois,IL,Effingham,$4.249,2026-09-13
Illinois,IL,Fayette,$4.494,2026-09-13
Illinois,IL,Ford,$4.381,2026-09-13
Illinois,IL,Franklin,$4.497,2026-09-13
Illinois,IL,Fulton,$4.553,2026-09-13
Illinois,IL,Gallatin,$4.232,2026-09-13
Illinois,IL,Greene,$4.399,2026-09-13
Illinois,IL,Grundy,$4.301,2026-09-13
Illinois,IL,Hamilton,$4.449,2026-09-13
Illinois,IL,Hancock,$4.521,2026-09-13
Illinois,IL,Hardin,$4.499,2026-09-13
Illinois,IL,Henderson,$4.537,2026-09-13
Illinois,IL,Henry,$4.519,2026-09-13
Illinois,IL,Iroquois,$4.477,2026-09-13
Illinois,IL,Jackson,$4.505,2026-09-13
Illinois,IL,Jasper,$4.499,2026-09-13
Illinois,IL,Jefferson,$4.447,2026-09-13
Illinois,IL,Jersey,$4.357,2026-09-13
Illinois,IL,Jo Daviess,$4.488,2026-09-13
Illinois,IL,Johnson,$4.426,2026-09-13
Illinois,IL,Kane,$4.429,2026-09-13
Illinois,IL,Kankakee,$4.540,2026-09-13
Illinois,IL,Kendall,$4.405,2026-09-13
Illinois,IL,Knox,$4.515,2026-09-13
Illinois,IL,La Salle,$4.424,2026-09-13
Illinois,IL,Lake,$4.418,2026-09-13
Illinois,IL,Lawrence,$4.416,2026-09-13
Illinois,IL,Lee,$4.508,2026-09-13
Illinois,IL,Livingston,$4.406,2026-09-13
Illinois,IL,Logan,$4.452,2026-09-13
Illinois,IL,Macon,$4.484,2026-09-13
Illinois,IL,Macoupin,$4.404,2026-09-13
Illinois,IL,Madison,$4.441,2026-09-13
Illinois,IL,Marion,$4.484,2026-09-13
Illinois,IL,Marshall,$4.404,2026-09-13
Illinois,IL,Mason,$4.467,2026-09-13
Illinois,IL,Massac,$4.471,2026-09-13
Illinois,IL,McDonough,$4.508,2026-09-13
Illinois,IL,McHenry,$4.398,2026-09-13
Illinois,IL,McLean,$4.451,2026-09-13
Illinois,IL,Menard,$4.432,2026-09-13
Illinois,IL,Mercer,$4.573,2026-09-13
Illinois,IL,Monroe,$4.536,2026-09-13
Illinois,IL,Montgomery,$4.463,2026-09-13
Illinois,IL,Morgan,$4.443,2026-09-13
Illinois,IL,Moultrie,$4.499,2026-09-13
Illinois,IL,Ogle,$4.398,2026-09-13
Illinois,IL,Peoria,$4.569,2026-09-13
Illinois,IL,Perry,$4.499,2026-09-13
Illinois,IL,Piatt,$4.486,2026-09-13
Illinois,IL,Pike,$4.434,2026-09-13
Illinois,IL,Pope,$4.399,2026-09-13
Illinois,IL,Pulaski,$4.459,2026-09-13
Illinois,IL,Putnam,$4.299,2026-09-13
Illinois,IL,Randolph,$4.406,2026-09-13
Illinois,IL,Richland,$4.289,2026-09-13
Illinois,IL,Rock Island,$4.497,2026-09-13
Illinois,IL,Saline,$4.428,2026-09-13
Illinois,IL,Sangamon,$4.419,2026-09-13
Illinois,IL,Schuyler,$4.371,2026-09-13
Illinois,IL,Scott,$4.199,2026-09-13
Illinois,IL,Shelby,$4.397,2026-09-13
Illinois,IL,Saint Clair,$4.524,2026-09-13
Illinois,IL,Stark,$4.612,2026-09-13
Illinois,IL,Stephenson,$4.541,2026-09-13
Illinois,IL,Tazewell,$4.552,2026-09-13
Illinois,IL,Union,$4.416,2026-09-13
Illinois,IL,Vermilion,$4.488,2026-09-13
Illinois,IL,Wabash,$4.321,2026-09-13
Illinois,IL,Warren,$4.520,2026-09-13
Illinois,IL,Washington,$4.418,2026-09-13
Illinois,IL,Wayne,$4.415,2026-09-13
Illinois,IL,White,$4.414,2026-09-13
Illinois,IL,Whiteside,$4.439,2026-09-13
Illinois,IL,Will,$4.410,2026-09-13
Illinois,IL,Williamson,$4.443,2026-09-13
Illinois,IL,Winnebago,$4.432,2026-09-13
Illinois,IL,Woodford,$4.492,2026-09-13
Indiana,IN,Adams,$3.562,2026-09-13
Indiana,IN,Allen,$3.574,2026-09-13
Indiana,IN,Bartholomew,$3.527,2026-09-13
Indiana,IN,Benton,$3.652,2026-09-13
Indiana,IN,Blackford,$3.528,2026-09-13
Indiana,IN,Boone,$3.550,2026-09-13
Indiana,IN,Brown,$3.591,2026-09-13
Indiana,IN,Carroll,$3.872,2026-09-13
Indiana,IN,Cass,$3.594,2026-09-13
Indiana,IN,Clark,$3.544,2026-09-13
Indiana,IN,Clay,$3.548,2026-09-13
Indiana,IN,Clinton,$3.604,2026-09-13
Indiana,IN,Crawford,$3.660,2026-09-13
Indiana,IN,Daviess,$3.645,2026-09-13
Indiana,IN,De Kalb,$3.556,2026-09-13
Indiana,IN,Dearborn,$3.736,2026-09-13
Indiana,IN,Decatur,$3.582,2026-09-13
Indiana,IN,Delaware,$3.563,2026-09-13
Indiana,IN,Dubois,$3.518,2026-09-13
Indiana,IN,Elkhart,$3.589,2026-09-13
Indiana,IN,Fayette,$3.588,2026-09-13
Indiana,IN,Floyd,$3.560,2026-09-13
Indiana,IN,Fountain,$3.688,2026-09-13
Indiana,IN,Franklin,$3.732,2026-09-13
Indiana,IN,Fulton,$3.576,2026-09-13
Indiana,IN,Gibson,$3.585,2026-09-13
Indiana,IN,Grant,$3.559,2026-09-13
Indiana,IN,Greene,$3.503,2026-09-13
Indiana,IN,Hamilton,$3.546,2026-09-13
Indiana,IN,Hancock,$3.565,2026-09-13
Indiana,IN,Harrison,$3.620,2026-09-13
Indiana,IN,Hendricks,$3.569,2026-09-13
Indiana,IN,Henry,$3.569,2026-09-13
Indiana,IN,Howard,$3.492,2026-09-13
Indiana,IN,Huntington,$3.602,2026-09-13
Indiana,IN,Jackson,$3.614,2026-09-13
Indiana,IN,Jasper,$3.639,2026-09-13
Indiana,IN,Jay,$3.589,2026-09-13
Indiana,IN,Jefferson,$3.619,2026-09-13
Indiana,IN,Jennings,$3.548,2026-09-13
Indiana,IN,Johnson,$3.524,2026-09-13
Indiana,IN,Knox,$3.693,2026-09-13
Indiana,IN,Kosciusko,$3.557,2026-09-13
Indiana,IN,La Porte,$3.778,2026-09-13
Indiana,IN,Lagrange,$3.610,2026-09-13
Indiana,IN,Lake,$3.715,2026-09-13
Indiana,IN,Lawrence,$3.519,2026-09-13
Indiana,IN,Madison,$3.534,2026-09-13
Indiana,IN,Marion,$3.542,2026-09-13
Indiana,IN,Marshall,$3.536,2026-09-13
Indiana,IN,Martin,$3.539,2026-09-13
Indiana,IN,Miami,$3.593,2026-09-13
Indiana,IN,Monroe,$3.575,2026-09-13
Indiana,IN,Montgomery,$3.604,2026-09-13
Indiana,IN,Morgan,$3.549,2026-09-13
Indiana,IN,Newton,$3.468,2026-09-13
Indiana,IN,Noble,$3.589,2026-09-13
Indiana,IN,Ohio,$3.599,2026-09-13
Indiana,IN,Orange,$3.537,2026-09-13
Indiana,IN,Owen,$3.636,2026-09-13
Indiana,IN,Parke,$3.646,2026-09-13
Indiana,IN,Perry,$3.537,2026-09-13
Indiana,IN,Pike,$3.588,2026-09-13
Indiana,IN,Porter,$3.734,2026-09-13
Indiana,IN,Posey,$3.595,2026-09-13
Indiana,IN,Pulaski,$3.766,2026-09-13
Indiana,IN,Putnam,$3.622,2026-09-13
Indiana,IN,Randolph,$3.583,2026-09-13
Indiana,IN,Ripley,$3.607,2026-09-13
Indiana,IN,Rush,$3.581,2026-09-13
Indiana,IN,Scott,$3.471,2026-09-13
Indiana,IN,Shelby,$3.580,2026-09-13
Indiana,IN,Spencer,$3.527,2026-09-13
Indiana,IN,St Joseph,$3.570,2026-09-13
Indiana,IN,Starke,$3.666,2026-09-13
Indiana,IN,Steuben,$3.569,2026-09-13
Indiana,IN,Sullivan,$3.595,2026-09-13
Indiana,IN,Switzerland,$3.764,2026-09-13
Indiana,IN,Tippecanoe,$3.717,2026-09-13
Indiana,IN,Tipton,$3.539,2026-09-13
Indiana,IN,Union,$3.679,2026-09-13
Indiana,IN,Vanderburgh,$3.471,2026-09-13
Indiana,IN,Vermillion,$3.524,2026-09-13
Indiana,IN,Vigo,$3.505,2026-09-13
Indiana,IN,Wabash,$3.628,2026-09-13
Indiana,IN,Warren,$3.799,2026-09-13
Indiana,IN,Warrick,$3.598,2026-09-13
Indiana,IN,Washington,$3.453,2026-09-13
Indiana,IN,Wayne,$3.606,2026-09-13
Indiana,IN,Wells,$3.418,2026-09-13
Indiana,IN,White,$3.670,2026-09-13
Indiana,IN,Whitley,$3.613,2026-09-13
Iowa,IA,Adair,$4.027,2026-09-13
Iowa,IA,Adams,$3.999,2026-09-13
Iowa,IA,Allamakee,$4.199,2026-09-13
Iowa,IA,Appanoose,$3.951,2026-09-13
Iowa,IA,Audubon,$4.174,2026-09-13
Iowa,IA,Benton,$4.124,2026-09-13
Iowa,IA,Black Hawk,$4.171,2026-09-13
Iowa,IA,Boone,$4.123,2026-09-13
Iowa,IA,Bremer,$4.174,2026-09-13
Iowa,IA,Buchanan,$4.199,2026-09-13
Iowa,IA,Buena Vista,$4.100,2026-09-13
Iowa,IA,Butler,$4.195,2026-09-13
Iowa,IA,Calhoun,$4.074,2026-09-13
Iowa,IA,Carroll,$4.108,2026-09-13
Iowa,IA,Cass,$4.133,2026-09-13
Iowa,IA,Cedar,$4.204,2026-09-13
Iowa,IA,Cerro Gordo,$4.077,2026-09-13
Iowa,IA,Cherokee,$4.155,2026-09-13
Iowa,IA,Chickasaw,$4.307,2026-09-13
Iowa,IA,Clarke,$3.899,2026-09-13
Iowa,IA,Clay,$4.063,2026-09-13
Iowa,IA,Clayton,$4.164,2026-09-13
Iowa,IA,Clinton,$4.118,2026-09-13
Iowa,IA,Crawford,$3.959,2026-09-13
Iowa,IA,Dallas,$4.140,2026-09-13
Iowa,IA,Davis,$4.199,2026-09-13
Iowa,IA,Decatur,$3.922,2026-09-13
Iowa,IA,Delaware,$4.167,2026-09-13
Iowa,IA,Des Moines,$4.177,2026-09-13
Iowa,IA,Dickinson,$4.221,2026-09-13
Iowa,IA,Dubuque,$4.201,2026-09-13
Iowa,IA,Emmet,$4.189,2026-09-13
Iowa,IA,Fayette,$4.189,2026-09-13
Iowa,IA,Floyd,$4.070,2026-09-13
Iowa,IA,Franklin,$4.159,2026-09-13
Iowa,IA,Fremont,$4.132,2026-09-13
Iowa,IA,Greene,$4.044,2026-09-13
Iowa,IA,Grundy,$4.146,2026-09-13
Iowa,IA,Guthrie,$4.218,2026-09-13
Iowa,IA,Hamilton,$4.199,2026-09-13
Iowa,IA,Hancock,$4.161,2026-09-13
Iowa,IA,Hardin,$4.197,2026-09-13
Iowa,IA,Harrison,$4.190,2026-09-13
Iowa,IA,Henry,$3.976,2026-09-13
Iowa,IA,Howard,$4.126,2026-09-13
Iowa,IA,Humboldt,$4.199,2026-09-13
Iowa,IA,Ida,$4.019,2026-09-13
Iowa,IA,Iowa,$4.033,2026-09-13
Iowa,IA,Jackson,$4.141,2026-09-13
Iowa,IA,Jasper,$4.120,2026-09-13
Iowa,IA,Jefferson,$4.149,2026-09-13
Iowa,IA,Johnson,$4.189,2026-09-13
Iowa,IA,Jones,$4.110,2026-09-13
Iowa,IA,Keokuk,$4.079,2026-09-13
Iowa,IA,Kossuth,$4.176,2026-09-13
Iowa,IA,Lee,$4.207,2026-09-13
Iowa,IA,Linn,$4.145,2026-09-13
Iowa,IA,Louisa,$4.166,2026-09-13
Iowa,IA,Lucas,$3.899,2026-09-13
Iowa,IA,Lyon,$4.157,2026-09-13
Iowa,IA,Madison,$4.326,2026-09-13
Iowa,IA,Mahaska,$4.051,2026-09-13
Iowa,IA,Marion,$4.043,2026-09-13
Iowa,IA,Marshall,$4.190,2026-09-13
Iowa,IA,Mills,$4.042,2026-09-13
Iowa,IA,Mitchell,$4.199,2026-09-13
Iowa,IA,Monona,$4.082,2026-09-13
Iowa,IA,Monroe,$4.207,2026-09-13
Iowa,IA,Montgomery,$4.087,2026-09-13
Iowa,IA,Muscatine,$4.188,2026-09-13
Iowa,IA,O'Brien,,2026-09-13
Iowa,IA,Osceola,$4.099,2026-09-13
Iowa,IA,Page,$4.066,2026-09-13
Iowa,IA,Palo Alto,$4.124,2026-09-13
Iowa,IA,Plymouth,$4.155,2026-09-13
Iowa,IA,Pocahontas,$4.136,2026-09-13
Iowa,IA,Polk,$4.163,2026-09-13
Iowa,IA,Pottawattamie,$4.029,2026-09-13
Iowa,IA,Poweshiek,$4.014,2026-09-13
Iowa,IA,Ringgold,$3.924,2026-09-13
Iowa,IA,Sac,$4.055,2026-09-13
Iowa,IA,Scott,$4.140,2026-09-13
Iowa,IA,Shelby,$4.087,2026-09-13
Iowa,IA,Sioux,$4.132,2026-09-13
Iowa,IA,Story,$4.164,2026-09-13
Iowa,IA,Tama,$4.166,2026-09-13
Iowa,IA,Taylor,$4.059,2026-09-13
Iowa,IA,Union,$3.899,2026-09-13
Iowa,IA,Van Buren,$4.181,2026-09-13
Iowa,IA,Wapello,$4.103,2026-09-13
Iowa,IA,Warren,$4.136,2026-09-13
Iowa,IA,Washington,$4.145,2026-09-13
Iowa,IA,Wayne,$3.912,2026-09-13
Iowa,IA,Webster,$4.131,2026-09-13
Iowa,IA,Winnebago,$4.157,2026-09-13
Iowa,IA,Winneshiek,$4.308,2026-09-13
Iowa,IA,Woodbury,$4.115,2026-09-13
Iowa,IA,Worth,$4.107,2026-09-13
Iowa,IA,Wright,$4.162,2026-09-13
Kansas,KS,Allen,$3.882,2026-09-13
Kansas,KS,Anderson,$3.899,2026-09-13
Kansas,KS,Atchison,$3.972,2026-09-13
Kansas,KS,Barber,$3.902,2026-09-13
Kansas,KS,Barton,$3.863,2026-09-13
Kansas,KS,Bourbon,$3.910,2026-09-13
Kansas,KS,Brown,$3.973,2026-09-13
Kansas,KS,Butler,$3.907,2026-09-13
Kansas,KS,Chase,$3.932,2026-09-13
Kansas,KS,Chautauqua,$4.024,2026-09-13
Kansas,KS,Cherokee,$3.915,2026-09-13
Kansas,KS,Cheyenne,$4.162,2026-09-13
Kansas,KS,Clark,$4.179,2026-09-13
Kansas,KS,Clay,$3.872,2026-09-13
Kansas,KS,Cloud,$3.969,2026-09-13
Kansas,KS,Coffey,$3.887,2026-09-13
Kansas,KS,Comanche,$4.069,2026-09-13
Kansas,KS,Cowley,$3.955,2026-09-13
Kansas,KS,Crawford,$3.903,2026-09-13
Kansas,KS,Decatur,$4.039,2026-09-13
Kansas,KS,Dickinson,$3.850,2026-09-13
Kansas,KS,Doniphan,$3.921,2026-09-13
Kansas,KS,Douglas,$3.972,2026-09-13
Kansas,KS,Edwards,$3.977,2026-09-13
Kansas,KS,Elk,$3.999,2026-09-13
Kansas,KS,Ellis,$3.944,2026-09-13
Kansas,KS,Ellsworth,$4.022,2026-09-13
Kansas,KS,Finney,$3.938,2026-09-13
Kansas,KS,Ford,$3.868,2026-09-13
Kansas,KS,Franklin,$3.846,2026-09-13
Kansas,KS,Geary,$3.938,2026-09-13
Kansas,KS,Gove,$4.049,2026-09-13
Kansas,KS,Graham,$4.049,2026-09-13
Kansas,KS,Grant,$3.970,2026-09-13
Kansas,KS,Gray,$3.899,2026-09-13
Kansas,KS,Greeley,$4.199,2026-09-13
Kansas,KS,Greenwood,$3.917,2026-09-13
Kansas,KS,Hamilton,$4.116,2026-09-13
Kansas,KS,Harper,$3.924,2026-09-13
Kansas,KS,Harvey,$3.938,2026-09-13
Kansas,KS,Haskell,$4.114,2026-09-13
Kansas,KS,Hodgeman,$4.099,2026-09-13
Kansas,KS,Jackson,$3.967,2026-09-13
Kansas,KS,Jefferson,$4.004,2026-09-13
Kansas,KS,Jewell,$3.989,2026-09-13
Kansas,KS,Johnson,$3.976,2026-09-13
Kansas,KS,Kearny,$3.987,2026-09-13
Kansas,KS,Kingman,$4.002,2026-09-13
Kansas,KS,Kiowa,$4.051,2026-09-13
Kansas,KS,Labette,$3.904,2026-09-13
Kansas,KS,Lane,$3.859,2026-09-13
Kansas,KS,Leavenworth,$3.951,2026-09-13
Kansas,KS,Lincoln,,2026-09-13
Kansas,KS,Linn,$4.033,2026-09-13
Kansas,KS,Logan,$3.979,2026-09-13
Kansas,KS,Lyon,$3.890,2026-09-13
Kansas,KS,Marion,$3.936,2026-09-13
Kansas,KS,Marshall,$3.999,2026-09-13
Kansas,KS,Mcpherson,$3.877,2026-09-13
Kansas,KS,Meade,$4.012,2026-09-13
Kansas,KS,Miami,$3.995,2026-09-13
Kansas,KS,Mitchell,$3.871,2026-09-13
Kansas,KS,Montgomery,$3.913,2026-09-13
Kansas,KS,Morris,$3.993,2026-09-13
Kansas,KS,Morton,$4.186,2026-09-13
Kansas,KS,Nemaha,$3.966,2026-09-13
Kansas,KS,Neosho,$3.901,2026-09-13
Kansas,KS,Ness,$4.035,2026-09-13
Kansas,KS,Norton,$3.832,2026-09-13
Kansas,KS,Osage,$3.803,2026-09-13
Kansas,KS,Osborne,$3.924,2026-09-13
Kansas,KS,Ottawa,$3.899,2026-09-13
Kansas,KS,Pawnee,$3.874,2026-09-13
Kansas,KS,Phillips,$3.779,2026-09-13
Kansas,KS,Pottawatomie,$3.922,2026-09-13
Kansas,KS,Pratt,$3.999,2026-09-13
Kansas,KS,Rawlins,$3.929,2026-09-13
Kansas,KS,Reno,$3.830,2026-09-13
Kansas,KS,Republic,$4.099,2026-09-13
Kansas,KS,Rice,$3.910,2026-09-13
Kansas,KS,Riley,$3.906,2026-09-13
Kansas,KS,Rooks,$3.866,2026-09-13
Kansas,KS,Rush,$4.029,2026-09-13
Kansas,KS,Russell,$3.857,2026-09-13
Kansas,KS,Saline,$3.845,2026-09-13
Kansas,KS,Scott,$3.956,2026-09-13
Kansas,KS,Sedgwick,$3.949,2026-09-13
Kansas,KS,Seward,$3.917,2026-09-13
Kansas,KS,Shawnee,$3.833,2026-09-13
Kansas,KS,Sheridan,$3.966,2026-09-13
Kansas,KS,Sherman,$4.026,2026-09-13
Kansas,KS,Smith,$4.129,2026-09-13
Kansas,KS,Stafford,$3.949,2026-09-13
Kansas,KS,Stanton,$4.174,2026-09-13
Kansas,KS,Stevens,$3.999,2026-09-13
Kansas,KS,Sumner,$3.912,2026-09-13
Kansas,KS,Thomas,$3.931,2026-09-13
Kansas,KS,Trego,$3.901,2026-09-13
Kansas,KS,Wabaunsee,$3.939,2026-09-13
Kansas,KS,Wallace,$3.959,2026-09-13
Kansas,KS,Washington,$4.034,2026-09-13
Kansas,KS,Wichita,$3.974,2026-09-13
Kansas,KS,Wilson,$4.080,2026-09-13
Kansas,KS,Woodson,$3.932,2026-09-13
Kansas,KS,Wyandotte,$3.979,2026-09-13
Kentucky,KY,Adair,$4.018,2026-09-13
Kentucky,KY,Allen,$3.927,2026-09-13
Kentucky,KY,Anderson,$4.082,2026-09-13
Kentucky,KY,Ballard,$3.849,2026-09-13
Kentucky,KY,Barren,$4.009,2026-09-13
Kentucky,KY,Bath,$4.205,2026-09-13
Kentucky,KY,Bell,$3.744,2026-09-13
Kentucky,KY,Boone,$4.109,2026-09-13
Kentucky,KY,Bourbon,$4.152,2026-09-13
Kentucky,KY,Boyd,$3.990,2026-09-13
Kentucky,KY,Boyle,$3.994,2026-09-13
Kentucky,KY,Bracken,$3.969,2026-09-13
Kentucky,KY,Breathitt,$4.142,2026-09-13
Kentucky,KY,Breckinridge,$3.943,2026-09-13
Kentucky,KY,Bullitt,$3.924,2026-09-13
Kentucky,KY,Butler,$3.870,2026-09-13
Kentucky,KY,Caldwell,$3.756,2026-09-13
Kentucky,KY,Calloway,$3.973,2026-09-13
Kentucky,KY,Campbell,$4.214,2026-09-13
Kentucky,KY,Carlisle,$3.999,2026-09-13
Kentucky,KY,Carroll,$3.855,2026-09-13
Kentucky,KY,Carter,$4.034,2026-09-13
Kentucky,KY,Casey,$3.999,2026-09-13
Kentucky,KY,Christian,$3.838,2026-09-13
Kentucky,KY,Clark,$4.171,2026-09-13
Kentucky,KY,Clay,$4.070,2026-09-13
Kentucky,KY,Clinton,$4.016,2026-09-13
Kentucky,KY,Crittenden,$3.799,2026-09-13
Kentucky,KY,Cumberland,$4.041,2026-09-13
Kentucky,KY,Daviess,$3.732,2026-09-13
Kentucky,KY,Edmonson,$3.959,2026-09-13
Kentucky,KY,Elliott,$3.999,2026-09-13
Kentucky,KY,Estill,$4.141,2026-09-13
Kentucky,KY,Fayette,$4.133,2026-09-13
Kentucky,KY,Fleming,$4.154,2026-09-13
Kentucky,KY,Floyd,$4.114,2026-09-13
Kentucky,KY,Franklin,$4.125,2026-09-13
Kentucky,KY,Fulton,$3.845,2026-09-13
Kentucky,KY,Gallatin,$4.139,2026-09-13
Kentucky,KY,Garrard,$4.005,2026-09-13
Kentucky,KY,Grant,$4.132,2026-09-13
Kentucky,KY,Graves,$3.945,2026-09-13
Kentucky,KY,Grayson,$3.963,2026-09-13
Kentucky,KY,Green,$3.974,2026-09-13
Kentucky,KY,Greenup,$4.008,2026-09-13
Kentucky,KY,Hancock,$3.792,2026-09-13
Kentucky,KY,Hardin,$4.004,2026-09-13
Kentucky,KY,Harlan,$4.082,2026-09-13
Kentucky,KY,Harrison,$4.119,2026-09-13
Kentucky,KY,Hart,$3.988,2026-09-13
Kentucky,KY,Henderson,$3.621,2026-09-13
Kentucky,KY,Henry,$4.047,2026-09-13
Kentucky,KY,Hickman,,2026-09-13
Kentucky,KY,Hopkins,$3.914,2026-09-13
Kentucky,KY,Jackson,$4.069,2026-09-13
Kentucky,KY,Jefferson,$4.000,2026-09-13
Kentucky,KY,Jessamine,$4.016,2026-09-13
Kentucky,KY,Johnson,$4.093,2026-09-13
Kentucky,KY,Kenton,$4.229,2026-09-13
Kentucky,KY,Knott,$4.075,2026-09-13
Kentucky,KY,Knox,$3.907,2026-09-13
Kentucky,KY,Larue,$3.959,2026-09-13
Kentucky,KY,Laurel,$4.036,2026-09-13
Kentucky,KY,Lawrence,$4.170,2026-09-13
Kentucky,KY,Lee,$4.128,2026-09-13
Kentucky,KY,Leslie,$4.024,2026-09-13
Kentucky,KY,Letcher,$3.999,2026-09-13
Kentucky,KY,Lewis,$4.172,2026-09-13
Kentucky,KY,Lincoln,$3.978,2026-09-13
Kentucky,KY,Livingston,$3.827,2026-09-13
Kentucky,KY,Logan,$3.845,2026-09-13
Kentucky,KY,Lyon,$3.827,2026-09-13
Kentucky,KY,Madison,$4.161,2026-09-13
Kentucky,KY,Magoffin,$4.199,2026-09-13
Kentucky,KY,Marion,$3.980,2026-09-13
Kentucky,KY,Marshall,$3.784,2026-09-13
Kentucky,KY,Martin,$4.099,2026-09-13
Kentucky,KY,Mason,$4.068,2026-09-13
Kentucky,KY,McCracken,$3.779,2026-09-13
Kentucky,KY,McCreary,$4.099,2026-09-13
Kentucky,KY,McLean,$3.820,2026-09-13
Kentucky,KY,Meade,$3.932,2026-09-13
Kentucky,KY,Menifee,$3.999,2026-09-13
Kentucky,KY,Mercer,$4.001,2026-09-13
Kentucky,KY,Metcalfe,$3.974,2026-09-13
Kentucky,KY,Monroe,$3.912,2026-09-13
Kentucky,KY,Montgomery,$4.103,2026-09-13
Kentucky,KY,Morgan,$4.010,2026-09-13
Kentucky,KY,Muhlenberg,$3.736,2026-09-13
Kentucky,KY,Nelson,$3.959,2026-09-13
Kentucky,KY,Nicholas,$4.181,2026-09-13
Kentucky,KY,Ohio,$3.854,2026-09-13
Kentucky,KY,Oldham,$4.013,2026-09-13
Kentucky,KY,Owen,$4.039,2026-09-13
Kentucky,KY,Owsley,$3.999,2026-09-13
Kentucky,KY,Pendleton,$4.287,2026-09-13
Kentucky,KY,Perry,$3.974,2026-09-13
Kentucky,KY,Pike,$4.115,2026-09-13
Kentucky,KY,Powell,$4.072,2026-09-13
Kentucky,KY,Pulaski,$4.095,2026-09-13
Kentucky,KY,Robertson,$3.999,2026-09-13
Kentucky,KY,Rockcastle,$4.151,2026-09-13
Kentucky,KY,Rowan,$4.176,2026-09-13
Kentucky,KY,Russell,$3.999,2026-09-13
Kentucky,KY,Scott,$4.002,2026-09-13
Kentucky,KY,Shelby,$4.084,2026-09-13
Kentucky,KY,Simpson,$3.693,2026-09-13
Kentucky,KY,Spencer,$3.947,2026-09-13
Kentucky,KY,Taylor,$3.917,2026-09-13
Kentucky,KY,Todd,$3.899,2026-09-13
Kentucky,KY,Trigg,$3.833,2026-09-13
Kentucky,KY,Trimble,$4.124,2026-09-13
Kentucky,KY,Union,$3.894,2026-09-13
Kentucky,KY,Warren,$3.970,2026-09-13
Kentucky,KY,Washington,$3.935,2026-09-13
Kentucky,KY,Wayne,$4.068,2026-09-13
Kentucky,KY,Webster,$3.877,2026-09-13
Kentucky,KY,Whitley,$4.082,2026-09-13
Kentucky,KY,Wolfe,$4.167,2026-09-13
Kentucky,KY,Woodford,$4.189,2026-09-13
Louisiana,LA,Acadia,$3.912,2026-09-13
Louisiana,LA,Allen,$4.051,2026-09-13
Louisiana,LA,Ascension,$3.918,2026-09-13
Louisiana,LA,Assumption,$3.871,2026-09-13
Louisiana,LA,Avoyelles,$3.922,2026-09-13
Louisiana,LA,Beauregard,$3.862,2026-09-13
Louisiana,LA,Bienville,$4.017,2026-09-13
Louisiana,LA,Bossier,$3.831,2026-09-13
Louisiana,LA,Caddo,$3.868,2026-09-13
Louisiana,LA,Calcasieu,$3.882,2026-09-13
Louisiana,LA,Caldwell,$3.913,2026-09-13
Louisiana,LA,Cameron,$4.189,2026-09-13
Louisiana,LA,Catahoula,$3.908,2026-09-13
Louisiana,LA,Claiborne,$4.006,2026-09-13
Louisiana,LA,Concordia,$3.740,2026-09-13
Louisiana,LA,De Soto,$3.913,2026-09-13
Louisiana,LA,East Baton Rouge,$3.892,2026-09-13
Louisiana,LA,East Carroll,$3.999,2026-09-13
Louisiana,LA,East Feliciana,$3.929,2026-09-13
Louisiana,LA,Evangeline,$3.930,2026-09-13
Louisiana,LA,Franklin,$3.941,2026-09-13
Louisiana,LA,Grant,$3.929,2026-09-13
Louisiana,LA,Iberia,$3.885,2026-09-13
Louisiana,LA,Iberville,$3.945,2026-09-13
Louisiana,LA,Jackson,$3.843,2026-09-13
Louisiana,LA,Jefferson,$3.872,2026-09-13
Louisiana,LA,Jefferson Davis,$4.063,2026-09-13
Louisiana,LA,La Salle,$3.989,2026-09-13
Louisiana,LA,Lafayette,$3.936,2026-09-13
Louisiana,LA,Lafourche,$3.937,2026-09-13
Louisiana,LA,Lincoln,$3.849,2026-09-13
Louisiana,LA,Livingston,$3.858,2026-09-13
Louisiana,LA,Madison,$3.814,2026-09-13
Louisiana,LA,Morehouse,$3.789,2026-09-13
Louisiana,LA,Natchitoches,$3.901,2026-09-13
Louisiana,LA,Orleans,$3.875,2026-09-13
Louisiana,LA,Ouachita,$3.794,2026-09-13
Louisiana,LA,Plaquemines,$4.104,2026-09-13
Louisiana,LA,Pointe Coupee,$3.959,2026-09-13
Louisiana,LA,Rapides,$3.853,2026-09-13
Louisiana,LA,Red River,$3.910,2026-09-13
Louisiana,LA,Richland,$3.865,2026-09-13
Louisiana,LA,Sabine,$3.957,2026-09-13
Louisiana,LA,Saint Bernard,$3.790,2026-09-13
Louisiana,LA,Saint Charles,$3.927,2026-09-13
Louisiana,LA,Saint Helena,$3.862,2026-09-13
Louisiana,LA,Saint James,$4.067,2026-09-13
Louisiana,LA,St John the Baptist,$3.895,2026-09-13
Louisiana,LA,Saint Landry,$3.903,2026-09-13
Louisiana,LA,Saint Martin,$3.861,2026-09-13
Louisiana,LA,Saint Mary,$3.899,2026-09-13
Louisiana,LA,Saint Tammany,$3.891,2026-09-13
Louisiana,LA,Tangipahoa,$3.947,2026-09-13
Louisiana,LA,Tensas,$3.499,2026-09-13
Louisiana,LA,Terrebonne,$3.922,2026-09-13
Louisiana,LA,Union,$3.775,2026-09-13
Louisiana,LA,Vermilion,$3.934,2026-09-13
Louisiana,LA,Vernon,$3.961,2026-09-13
Louisiana,LA,Washington,$3.943,2026-09-13
Louisiana,LA,Webster,$4.000,2026-09-13
Louisiana,LA,West Baton Rouge,$3.836,2026-09-13
Louisiana,LA,West Carroll,$3.911,2026-09-13
Louisiana,LA,West Feliciana,$3.965,2026-09-13
Louisiana,LA,Winn,$3.919,2026-09-13
Maine,ME,Androscoggin,$4.367,2026-09-13
Maine,ME,Aroostook,$4.329,2026-09-13
Maine,ME,Cumberland,$4.302,2026-09-13
Maine,ME,Franklin,$4.335,2026-09-13
Maine,ME,Hancock,$4.374,2026-09-13
Maine,ME,Kennebec,$4.328,2026-09-13
Maine,ME,Knox,$4.212,2026-09-13
Maine,ME,Lincoln,$4.296,2026-09-13
Maine,ME,Oxford,$4.340,2026-09-13
Maine,ME,Penobscot,$4.286,2026-09-13
Maine,ME,Piscataquis,$4.281,2026-09-13
Maine,ME,Sagadahoc,$4.350,2026-09-13
Maine,ME,Somerset,$4.231,2026-09-13
Maine,ME,Waldo,$4.292,2026-09-13
Maine,ME,Washington,$4.394,2026-09-13
Maine,ME,York,$4.323,2026-09-13
Montana,MT,Beaverhead,$4.588,2026-09-13
Montana,MT,Big Horn,$4.355,2026-09-13
Montana,MT,Blaine,$4.460,2026-09-13
Montana,MT,Broadwater,$4.494,2026-09-13
Montana,MT,Carbon,$4.382,2026-09-13
Montana,MT,Carter,$4.549,2026-09-13
Montana,MT,Cascade,$4.406,2026-09-13
Montana,MT,Chouteau,$4.474,2026-09-13
Montana,MT,Custer,$4.399,2026-09-13
Montana,MT,Daniels,$4.552,2026-09-13
Montana,MT,Dawson,$4.246,2026-09-13
Montana,MT,Deer Lodge,$4.546,2026-09-13
Montana,MT,Fallon,$4.399,2026-09-13
Montana,MT,Fergus,$4.485,2026-09-13
Montana,MT,Flathead,$4.537,2026-09-13
Montana,MT,Gallatin,$4.557,2026-09-13
Montana,MT,Garfield,$4.274,2026-09-13
Montana,MT,Glacier,$4.607,2026-09-13
Montana,MT,Golden Valley,$4.824,2026-09-13
Montana,MT,Granite,$4.549,2026-09-13
Montana,MT,Hill,$4.477,2026-09-13
Montana,MT,Jefferson,$4.589,2026-09-13
Montana,MT,Judith Basin,$4.534,2026-09-13
Montana,MT,Lake,$4.452,2026-09-13
Montana,MT,Lewis and Clark,$4.509,2026-09-13
Montana,MT,Liberty,$4.459,2026-09-13
Montana,MT,Lincoln,$4.578,2026-09-13
Montana,MT,Madison,$4.477,2026-09-13
Montana,MT,McCone,$4.329,2026-09-13
Montana,MT,Meagher,$4.499,2026-09-13
Montana,MT,Mineral,$4.526,2026-09-13
Montana,MT,Missoula,$4.463,2026-09-13
Montana,MT,Musselshell,$4.566,2026-09-13
Montana,MT,Park,$4.691,2026-09-13
Montana,MT,Petroleum,$4.769,2026-09-13
Montana,MT,Phillips,$4.366,2026-09-13
Montana,MT,Pondera,$4.524,2026-09-13
Montana,MT,Powder River,$4.749,2026-09-13
Montana,MT,Powell,$4.509,2026-09-13
Montana,MT,Prairie,$4.259,2026-09-13
Montana,MT,Ravalli,$4.491,2026-09-13
Montana,MT,Richland,$4.225,2026-09-13
Montana,MT,Roosevelt,$4.257,2026-09-13
Montana,MT,Rosebud,$4.385,2026-09-13
Montana,MT,Sanders,$4.529,2026-09-13
Montana,MT,Sheridan,$4.285,2026-09-13
Montana,MT,Silver Bow,$4.524,2026-09-13
Montana,MT,Stillwater,$4.399,2026-09-13
Montana,MT,Sweet Grass,$4.392,2026-09-13
Montana,MT,Teton,$4.478,2026-09-13
Montana,MT,Toole,$4.449,2026-09-13
Montana,MT,Treasure,$4.289,2026-09-13
Montana,MT,Valley,$4.311,2026-09-13
Montana,MT,Wheatland,$4.652,2026-09-13
Montana,MT,Wibaux,$4.299,2026-09-13
Montana,MT,Yellowstone,$4.402,2026-09-13
Nebraska,NE,Adams,$4.105,2026-09-13
Nebraska,NE,Antelope,$4.249,2026-09-13
Nebraska,NE,Arthur,,2026-09-13
Nebraska,NE,Banner,,2026-09-13
Nebraska,NE,Blaine,$4.599,2026-09-13
Nebraska,NE,Boone,$4.124,2026-09-13
Nebraska,NE,Box Butte,$4.280,2026-09-13
Nebraska,NE,Boyd,$4.149,2026-09-13
Nebraska,NE,Brown,$4.099,2026-09-13
Nebraska,NE,Buffalo,$4.122,2026-09-13
Nebraska,NE,Burt,$4.328,2026-09-13
Nebraska,NE,Butler,$4.059,2026-09-13
Nebraska,NE,Cass,$4.073,2026-09-13
Nebraska,NE,Cedar,$4.349,2026-09-13
Nebraska,NE,Chase,$4.884,2026-09-13
Nebraska,NE,Cherry,$4.287,2026-09-13
Nebraska,NE,Cheyenne,$4.298,2026-09-13
Nebraska,NE,Clay,$4.117,2026-09-13
Nebraska,NE,Colfax,$4.209,2026-09-13
Nebraska,NE,Cuming,$4.180,2026-09-13
Nebraska,NE,Custer,$4.374,2026-09-13
Nebraska,NE,Dakota,$4.126,2026-09-13
Nebraska,NE,Dawes,$4.312,2026-09-13
Nebraska,NE,Dawson,$4.284,2026-09-13
Nebraska,NE,Deuel,$4.239,2026-09-13
Nebraska,NE,Dixon,$4.139,2026-09-13
Nebraska,NE,Dodge,$4.097,2026-09-13
Nebraska,NE,Douglas,$3.965,2026-09-13
Nebraska,NE,Dundy,$4.444,2026-09-13
Nebraska,NE,Fillmore,$4.099,2026-09-13
Nebraska,NE,Franklin,$4.126,2026-09-13
Nebraska,NE,Frontier,$4.549,2026-09-13
Nebraska,NE,Furnas,$4.213,2026-09-13
Nebraska,NE,Gage,$4.221,2026-09-13
Nebraska,NE,Garden,$4.199,2026-09-13
Nebraska,NE,Garfield,$4.699,2026-09-13
Nebraska,NE,Gosper,,2026-09-13
Nebraska,NE,Grant,$4.099,2026-09-13
Nebraska,NE,Greeley,$4.432,2026-09-13
Nebraska,NE,Hall,$4.107,2026-09-13
Nebraska,NE,Hamilton,$4.091,2026-09-13
Nebraska,NE,Harlan,$4.189,2026-09-13
Nebraska,NE,Hayes,,2026-09-13
Nebraska,NE,Hitchcock,$4.799,2026-09-13
Nebraska,NE,Holt,$4.099,2026-09-13
Nebraska,NE,Hooker,$3.999,2026-09-13
Nebraska,NE,Howard,$4.079,2026-09-13
Nebraska,NE,Jefferson,$4.049,2026-09-13
Nebraska,NE,Johnson,$4.092,2026-09-13
Nebraska,NE,Kearney,$4.129,2026-09-13
Nebraska,NE,Keith,$4.135,2026-09-13
Nebraska,NE,Keya Paha,,2026-09-13
Nebraska,NE,Kimball,$4.455,2026-09-13
Nebraska,NE,Knox,$4.011,2026-09-13
Nebraska,NE,Lancaster,$4.143,2026-09-13
Nebraska,NE,Lincoln,$4.241,2026-09-13
Nebraska,NE,Logan,$4.349,2026-09-13
Nebraska,NE,Loup,$4.599,2026-09-13
Nebraska,NE,Madison,$4.099,2026-09-13
Nebraska,NE,McPherson,,2026-09-13
Nebraska,NE,Merrick,$4.209,2026-09-13
Nebraska,NE,Morrill,$4.192,2026-09-13
Nebraska,NE,Nance,$4.074,2026-09-13
Nebraska,NE,Nemaha,$3.999,2026-09-13
Nebraska,NE,Nuckolls,$4.099,2026-09-13
Nebraska,NE,Otoe,$4.055,2026-09-13
Nebraska,NE,Pawnee,$3.999,2026-09-13
Nebraska,NE,Perkins,$4.589,2026-09-13
Nebraska,NE,Phelps,$4.201,2026-09-13
Nebraska,NE,Pierce,$4.055,2026-09-13
Nebraska,NE,Platte,$4.032,2026-09-13
Nebraska,NE,Polk,$4.099,2026-09-13
Nebraska,NE,Red Willow,$4.252,2026-09-13
Nebraska,NE,Richardson,$4.221,2026-09-13
Nebraska,NE,Rock,$4.099,2026-09-13
Nebraska,NE,Saline,$4.169,2026-09-13
Nebraska,NE,Sarpy,$4.021,2026-09-13
Nebraska,NE,Saunders,$4.216,2026-09-13
Nebraska,NE,Scotts Bluff,$4.085,2026-09-13
Nebraska,NE,Seward,$4.130,2026-09-13
Nebraska,NE,Sheridan,$4.311,2026-09-13
Nebraska,NE,Sherman,$4.399,2026-09-13
Nebraska,NE,Sioux,,2026-09-13
Nebraska,NE,Stanton,$3.999,2026-09-13
Nebraska,NE,Thayer,$4.099,2026-09-13
Nebraska,NE,Thomas,$5.099,2026-09-13
Nebraska,NE,Thurston,$4.286,2026-09-13
Nebraska,NE,Valley,$4.324,2026-09-13
Nebraska,NE,Washington,$4.074,2026-09-13
Nebraska,NE,Wayne,$4.284,2026-09-13
Nebraska,NE,Webster,$4.207,2026-09-13
Nebraska,NE,Wheeler,$4.599,2026-09-13
Nebraska,NE,York,$3.944,2026-09-13
Nevada,NV,Carson City,$4.914,2026-09-13
Nevada,NV,Churchill,$4.977,2026-09-13
Nevada,NV,Clark,$5.056,2026-09-13
Nevada,NV,Douglas,$5.106,2026-09-13
Nevada,NV,Elko,$4.792,2026-09-13
Nevada,NV,Esmeralda,$5.189,2026-09-13
Nevada,NV,Eureka,$4.829,2026-09-13
Nevada,NV,Humboldt,$4.970,2026-09-13
Nevada,NV,Lander,$4.653,2026-09-13
Nevada,NV,Lincoln,$4.949,2026-09-13
Nevada,NV,Lyon,$4.840,2026-09-13
Nevada,NV,Mineral,$5.574,2026-09-13
Nevada,NV,Nye,$4.780,2026-09-13
Nevada,NV,Pershing,$5.066,2026-09-13
Nevada,NV,Storey,$5.019,2026-09-13
Nevada,NV,Washoe,$5.515,2026-09-13
Nevada,NV,White Pine,$4.681,2026-09-13
New Hampshire,NH,Belknap,$4.272,2026-09-13
New Hampshire,NH,Carroll,$4.275,2026-09-13
New Hampshire,NH,Cheshire,$4.251,2026-09-13
New Hampshire,NH,Coos,$4.281,2026-09-13
New Hampshire,NH,Grafton,$4.262,2026-09-13
New Hampshire,NH,Hillsborough,$4.265,2026-09-13
New Hampshire,NH,Merrimack,$4.265,2026-09-13
New Hampshire,NH,Rockingham,$4.282,2026-09-13
New Hampshire,NH,Strafford,$4.310,2026-09-13
New Hampshire,NH,Sullivan,$4.228,2026-09-13
New Jersey,NJ,Atlantic,$4.418,2026-09-13
New Jersey,NJ,Bergen,$4.391,2026-09-13
New Jersey,NJ,Burlington,$4.401,2026-09-13
New Jersey,NJ,Camden,$4.394,2026-09-13
New Jersey,NJ,Cape May,$4.543,2026-09-13
New Jersey,NJ,Cumberland,$4.408,2026-09-13
New Jersey,NJ,Essex,$4.475,2026-09-13
New Jersey,NJ,Gloucester,$4.431,2026-09-13
New Jersey,NJ,Hudson,$4.401,2026-09-13
New Jersey,NJ,Hunterdon,$4.436,2026-09-13
New Jersey,NJ,Mercer,$4.367,2026-09-13
New Jersey,NJ,Middlesex,$4.414,2026-09-13
New Jersey,NJ,Monmouth,$4.434,2026-09-13
New Jersey,NJ,Morris,$4.409,2026-09-13
New Jersey,NJ,Ocean,$4.446,2026-09-13
New Jersey,NJ,Passaic,$4.424,2026-09-13
New Jersey,NJ,Salem,$4.387,2026-09-13
New Jersey,NJ,Somerset,$4.477,2026-09-13
New Jersey,NJ,Sussex,$4.400,2026-09-13
New Jersey,NJ,Union,$4.426,2026-09-13
New Jersey,NJ,Warren,$4.394,2026-09-13
New Mexico,NM,Bernalillo,$4.295,2026-09-13
New Mexico,NM,Catron,$4.813,2026-09-13
New Mexico,NM,Chaves,$4.237,2026-09-13
New Mexico,NM,Cibola,$4.384,2026-09-13
New Mexico,NM,Colfax,$4.310,2026-09-13
New Mexico,NM,Curry,$4.070,2026-09-13
New Mexico,NM,De Baca,$4.299,2026-09-13
New Mexico,NM,Dona Ana,$4.207,2026-09-13
New Mexico,NM,Eddy,$4.269,2026-09-13
New Mexico,NM,Grant,$4.361,2026-09-13
New Mexico,NM,Guadalupe,$4.435,2026-09-13
New Mexico,NM,Harding,$5.209,2026-09-13
New Mexico,NM,Hidalgo,$4.113,2026-09-13
New Mexico,NM,Lea,$4.070,2026-09-13
New Mexico,NM,Lincoln,$4.325,2026-09-13
New Mexico,NM,Los Alamos,$4.294,2026-09-13
New Mexico,NM,Luna,$4.378,2026-09-13
New Mexico,NM,McKinley,$4.298,2026-09-13
New Mexico,NM,Mora,$4.532,2026-09-13
New Mexico,NM,Otero,$4.196,2026-09-13
New Mexico,NM,Quay,$4.189,2026-09-13
New Mexico,NM,Rio Arriba,$4.351,2026-09-13
New Mexico,NM,Roosevelt,$4.141,2026-09-13
New Mexico,NM,San Juan,$4.764,2026-09-13
New Mexico,NM,San Miguel,$4.375,2026-09-13
New Mexico,NM,Sandoval,$4.290,2026-09-13
New Mexico,NM,Santa Fe,$4.307,2026-09-13
New Mexico,NM,Sierra,$4.412,2026-09-13
New Mexico,NM,Socorro,$4.280,2026-09-13
New Mexico,NM,Taos,$4.384,2026-09-13
New Mexico,NM,Torrance,$4.170,2026-09-13
New Mexico,NM,Union,$4.127,2026-09-13
New Mexico,NM,Valencia,$4.284,2026-09-13
New York,NY,Albany,$4.328,2026-09-13
New York,NY,Allegany,$4.350,2026-09-13
New York,NY,Bronx,$4.468,2026-09-13
New York,NY,Broome,$4.353,2026-09-13
New York,NY,Cattaraugus,$4.319,2026-09-13
New York,NY,Cayuga,$4.243,2026-09-13
New York,NY,Chautauqua,$4.387,2026-09-13
New York,NY,Chemung,$4.251,2026-09-13
New York,NY,Chenango,$4.360,2026-09-13
New York,NY,Clinton,$4.498,2026-09-13
New York,NY,Columbia,$4.316,2026-09-13
New York,NY,Cortland,$4.318,2026-09-13
New York,NY,Delaware,$4.429,2026-09-13
New York,NY,Dutchess,$4.392,2026-09-13
New York,NY,Erie,$4.319,2026-09-13
New York,NY,Essex,$4.679,2026-09-13
New York,NY,Franklin,$4.694,2026-09-13
New York,NY,Fulton,$4.403,2026-09-13
New York,NY,Genesee,$4.314,2026-09-13
New York,NY,Greene,$4.288,2026-09-13
New York,NY,Hamilton,$4.869,2026-09-13
New York,NY,Herkimer,$4.359,2026-09-13
New York,NY,Jefferson,$4.422,2026-09-13
New York,NY,Kings,$4.455,2026-09-13
New York,NY,Lewis,$4.510,2026-09-13
New York,NY,Livingston,$4.335,2026-09-13
New York,NY,Madison,$4.251,2026-09-13
New York,NY,Monroe,$4.300,2026-09-13
New York,NY,Montgomery,$4.342,2026-09-13
New York,NY,Nassau,$4.389,2026-09-13
New York,NY,New York,$4.881,2026-09-13
New York,NY,Niagara,$4.315,2026-09-13
New York,NY,Oneida,$4.349,2026-09-13
New York,NY,Onondaga,$4.261,2026-09-13
New York,NY,Ontario,$4.296,2026-09-13
New York,NY,Orange,$4.351,2026-09-13
New York,NY,Orleans,$4.387,2026-09-13
New York,NY,Oswego,$4.267,2026-09-13
New York,NY,Otsego,$4.400,2026-09-13
New York,NY,Putnam,$4.448,2026-09-13
New York,NY,Queens,$4.479,2026-09-13
New York,NY,Rensselaer,$4.324,2026-09-13
New York,NY,Richmond,$4.468,2026-09-13
New York,NY,Rockland,$4.567,2026-09-13
New York,NY,Saratoga,$4.351,2026-09-13
New York,NY,Schenectady,$4.294,2026-09-13
New York,NY,Schoharie,$4.376,2026-09-13
New York,NY,Schuyler,$4.308,2026-09-13
New York,NY,Seneca,$4.246,2026-09-13
New York,NY,Saint Lawrence,$4.695,2026-09-13
New York,NY,Steuben,$4.295,2026-09-13
New York,NY,Suffolk,$4.404,2026-09-13
New York,NY,Sullivan,$4.379,2026-09-13
New York,NY,Tioga,$4.334,2026-09-13
New York,NY,Tompkins,$4.327,2026-09-13
New York,NY,Ulster,$4.310,2026-09-13
New York,NY,Warren,$4.374,2026-09-13
New York,NY,Washington,$4.308,2026-09-13
New York,NY,Wayne,$4.316,2026-09-13
New York,NY,Westchester,$4.584,2026-09-13
New York,NY,Wyoming,$4.341,2026-09-13
New York,NY,Yates,$4.299,2026-09-13
North Carolina,NC,Alamance,$3.973,2026-09-13
North Carolina,NC,Alexander,$3.971,2026-09-13
North Carolina,NC,Alleghany,$3.943,2026-09-13
North Carolina,NC,Anson,$4.020,2026-09-13
North Carolina,NC,Ashe,$3.799,2026-09-13
North Carolina,NC,Avery,$4.056,2026-09-13
North Carolina,NC,Beaufort,$3.971,2026-09-13
North Carolina,NC,Bertie,$4.031,2026-09-13
North Carolina,NC,Bladen,$3.885,2026-09-13
North Carolina,NC,Brunswick,$3.925,2026-09-13
North Carolina,NC,Buncombe,$4.032,2026-09-13
North Carolina,NC,Burke,$3.963,2026-09-13
North Carolina,NC,Cabarrus,$3.947,2026-09-13
North Carolina,NC,Caldwell,$3.964,2026-09-13
North Carolina,NC,Camden,$3.989,2026-09-13
North Carolina,NC,Carteret,$3.991,2026-09-13
North Carolina,NC,Caswell,$3.993,2026-09-13
North Carolina,NC,Catawba,$3.898,2026-09-13
North Carolina,NC,Chatham,$3.988,2026-09-13
North Carolina,NC,Cherokee,$4.010,2026-09-13
North Carolina,NC,Chowan,$4.004,2026-09-13
North Carolina,NC,Clay,$3.899,2026-09-13
North Carolina,NC,Cleveland,$4.031,2026-09-13
North Carolina,NC,Columbus,$3.912,2026-09-13
North Carolina,NC,Craven,$3.964,2026-09-13
North Carolina,NC,Cumberland,$3.934,2026-09-13
North Carolina,NC,Currituck,$3.996,2026-09-13
North Carolina,NC,Dare,$4.021,2026-09-13
North Carolina,NC,Davidson,$3.929,2026-09-13
North Carolina,NC,Davie,$3.963,2026-09-13
North Carolina,NC,Duplin,$3.945,2026-09-13
North Carolina,NC,Durham,$3.979,2026-09-13
North Carolina,NC,Edgecombe,$3.963,2026-09-13
North Carolina,NC,Forsyth,$3.973,2026-09-13
North Carolina,NC,Franklin,$3.942,2026-09-13
North Carolina,NC,Gaston,$4.002,2026-09-13
North Carolina,NC,Gates,$4.107,2026-09-13
North Carolina,NC,Graham,$3.939,2026-09-13
North Carolina,NC,Granville,$4.028,2026-09-13
North Carolina,NC,Greene,$3.964,2026-09-13
North Carolina,NC,Guilford,$3.986,2026-09-13
North Carolina,NC,Halifax,$3.908,2026-09-13
North Carolina,NC,Harnett,$3.950,2026-09-13
North Carolina,NC,Haywood,$4.024,2026-09-13
North Carolina,NC,Henderson,$3.971,2026-09-13
North Carolina,NC,Hertford,$3.976,2026-09-13
North Carolina,NC,Hoke,$3.963,2026-09-13
North Carolina,NC,Hyde,$4.299,2026-09-13
North Carolina,NC,Iredell,$3.972,2026-09-13
North Carolina,NC,Jackson,$4.120,2026-09-13
North Carolina,NC,Johnston,$3.952,2026-09-13
North Carolina,NC,Jones,$4.029,2026-09-13
North Carolina,NC,Lee,$3.972,2026-09-13
North Carolina,NC,Lenoir,$3.966,2026-09-13
North Carolina,NC,Lincoln,$3.953,2026-09-13
North Carolina,NC,Macon,$4.102,2026-09-13
North Carolina,NC,Madison,$3.975,2026-09-13
North Carolina,NC,Martin,$3.959,2026-09-13
North Carolina,NC,McDowell,$3.942,2026-09-13
North Carolina,NC,Mecklenburg,$3.974,2026-09-13
North Carolina,NC,Mitchell,$3.979,2026-09-13
North Carolina,NC,Montgomery,$4.009,2026-09-13
North Carolina,NC,Moore,$3.974,2026-09-13
North Carolina,NC,Nash,$3.956,2026-09-13
North Carolina,NC,New Hanover,$3.985,2026-09-13
North Carolina,NC,Northampton,$3.978,2026-09-13
North Carolina,NC,Onslow,$3.987,2026-09-13
North Carolina,NC,Orange,$3.987,2026-09-13
North Carolina,NC,Pamlico,$3.939,2026-09-13
North Carolina,NC,Pasquotank,$3.963,2026-09-13
North Carolina,NC,Pender,$3.989,2026-09-13
North Carolina,NC,Perquimans,$4.002,2026-09-13
North Carolina,NC,Person,$4.040,2026-09-13
North Carolina,NC,Pitt,$3.954,2026-09-13
North Carolina,NC,Polk,$4.168,2026-09-13
North Carolina,NC,Randolph,$3.987,2026-09-13
North Carolina,NC,Richmond,$3.970,2026-09-13
North Carolina,NC,Robeson,$3.929,2026-09-13
North Carolina,NC,Rockingham,$3.926,2026-09-13
North Carolina,NC,Rowan,$3.978,2026-09-13
North Carolina,NC,Rutherford,$4.074,2026-09-13
North Carolina,NC,Sampson,$3.894,2026-09-13
North Carolina,NC,Scotland,$3.956,2026-09-13
North Carolina,NC,Stanly,$3.980,2026-09-13
North Carolina,NC,Stokes,$3.981,2026-09-13
North Carolina,NC,Surry,$3.917,2026-09-13
North Carolina,NC,Swain,$4.070,2026-09-13
North Carolina,NC,Transylvania,$4.046,2026-09-13
North Carolina,NC,Tyrrell,$4.003,2026-09-13
North Carolina,NC,Union,$3.996,2026-09-13
North Carolina,NC,Vance,$4.008,2026-09-13
North Carolina,NC,Wake,$3.968,2026-09-13
North Carolina,NC,Warren,$3.951,2026-09-13
North Carolina,NC,Washington,$3.981,2026-09-13
North Carolina,NC,Watauga,$3.947,2026-09-13
North Carolina,NC,Wayne,$3.937,2026-09-13
North Carolina,NC,Wilkes,$3.972,2026-09-13
North Carolina,NC,Wilson,$3.961,2026-09-13
North Carolina,NC,Yadkin,$3.957,2026-09-13
North Carolina,NC,Yancey,$3.969,2026-09-13
North Dakota,ND,Adams,$4.194,2026-09-13
North Dakota,ND,Barnes,$4.097,2026-09-13
North Dakota,ND,Benson,$4.111,2026-09-13
North Dakota,ND,Billings,$4.099,2026-09-13
North Dakota,ND,Bottineau,$4.254,2026-09-13
North Dakota,ND,Bowman,$4.372,2026-09-13
North Dakota,ND,Burke,$4.649,2026-09-13
North Dakota,ND,Burleigh,$4.291,2026-09-13
North Dakota,ND,Cass,$3.997,2026-09-13
North Dakota,ND,Cavalier,$4.054,2026-09-13
North Dakota,ND,Dickey,$4.099,2026-09-13
North Dakota,ND,Divide,$4.199,2026-09-13
North Dakota,ND,Dunn,$4.491,2026-09-13
North Dakota,ND,Eddy,$4.099,2026-09-13
North Dakota,ND,Emmons,$4.199,2026-09-13
North Dakota,ND,Foster,$4.099,2026-09-13
North Dakota,ND,Golden Valley,$4.279,2026-09-13
North Dakota,ND,Grand Forks,$4.080,2026-09-13
North Dakota,ND,Grant,,2026-09-13
North Dakota,ND,Griggs,$4.244,2026-09-13
North Dakota,ND,Hettinger,$4.274,2026-09-13
North Dakota,ND,Kidder,$4.289,2026-09-13
North Dakota,ND,LaMoure,$4.049,2026-09-13
North Dakota,ND,Logan,$4.099,2026-09-13
North Dakota,ND,McHenry,$4.319,2026-09-13
North Dakota,ND,McIntosh,$4.099,2026-09-13
North Dakota,ND,McKenzie,$4.362,2026-09-13
North Dakota,ND,McLean,$4.257,2026-09-13
North Dakota,ND,Mercer,$4.244,2026-09-13
North Dakota,ND,Morton,$4.207,2026-09-13
North Dakota,ND,Mountrail,$4.241,2026-09-13
North Dakota,ND,Nelson,$4.099,2026-09-13
North Dakota,ND,Oliver,$4.099,2026-09-13
North Dakota,ND,Pembina,$4.112,2026-09-13
North Dakota,ND,Pierce,$4.266,2026-09-13
North Dakota,ND,Ramsey,$4.109,2026-09-13
North Dakota,ND,Ransom,$4.092,2026-09-13
North Dakota,ND,Renville,$4.299,2026-09-13
North Dakota,ND,Richland,$4.101,2026-09-13
North Dakota,ND,Rolette,$4.140,2026-09-13
North Dakota,ND,Sargent,$3.989,2026-09-13
North Dakota,ND,Sheridan,$4.099,2026-09-13
North Dakota,ND,Sioux,$4.374,2026-09-13
North Dakota,ND,Slope,,2026-09-13
North Dakota,ND,Stark,$4.373,2026-09-13
North Dakota,ND,Steele,$4.336,2026-09-13
North Dakota,ND,Stutsman,$4.104,2026-09-13
North Dakota,ND,Towner,$4.059,2026-09-13
North Dakota,ND,Traill,$4.061,2026-09-13
North Dakota,ND,Walsh,$4.130,2026-09-13
North Dakota,ND,Ward,$4.265,2026-09-13
North Dakota,ND,Wells,$4.186,2026-09-13
North Dakota,ND,Williams,$4.287,2026-09-13
Ohio,OH,Adams,$4.175,2026-09-13
Ohio,OH,Allen,$4.133,2026-09-13
Ohio,OH,Ashland,$4.219,2026-09-13
Ohio,OH,Ashtabula,$4.201,2026-09-13
Ohio,OH,Athens,$4.204,2026-09-13
Ohio,OH,Auglaize,$4.094,2026-09-13
Ohio,OH,Belmont,$4.169,2026-09-13
Ohio,OH,Brown,$4.192,2026-09-13
Ohio,OH,Butler,$3.992,2026-09-13
Ohio,OH,Carroll,$4.233,2026-09-13
Ohio,OH,Champaign,$4.224,2026-09-13
Ohio,OH,Clark,$4.136,2026-09-13
Ohio,OH,Clermont,$4.173,2026-09-13
Ohio,OH,Clinton,$4.179,2026-09-13
Ohio,OH,Columbiana,$4.152,2026-09-13
Ohio,OH,Coshocton,$4.210,2026-09-13
Ohio,OH,Crawford,$4.196,2026-09-13
Ohio,OH,Cuyahoga,$4.227,2026-09-13
Ohio,OH,Darke,$4.053,2026-09-13
Ohio,OH,Defiance,$4.174,2026-09-13
Ohio,OH,Delaware,$4.228,2026-09-13
Ohio,OH,Erie,$4.260,2026-09-13
Ohio,OH,Fairfield,$4.194,2026-09-13
Ohio,OH,Fayette,$4.182,2026-09-13
Ohio,OH,Franklin,$4.222,2026-09-13
Ohio,OH,Fulton,$4.131,2026-09-13
Ohio,OH,Gallia,$4.211,2026-09-13
Ohio,OH,Geauga,$4.272,2026-09-13
Ohio,OH,Greene,$4.207,2026-09-13
Ohio,OH,Guernsey,$4.127,2026-09-13
Ohio,OH,Hamilton,$4.126,2026-09-13
Ohio,OH,Hancock,$4.193,2026-09-13
Ohio,OH,Hardin,$4.007,2026-09-13
Ohio,OH,Harrison,$4.125,2026-09-13
Ohio,OH,Henry,$4.053,2026-09-13
Ohio,OH,Highland,$4.181,2026-09-13
Ohio,OH,Hocking,$4.184,2026-09-13
Ohio,OH,Holmes,$4.057,2026-09-13
Ohio,OH,Huron,$4.251,2026-09-13
Ohio,OH,Jackson,$4.216,2026-09-13
Ohio,OH,Jefferson,$4.233,2026-09-13
Ohio,OH,Knox,$4.243,2026-09-13
Ohio,OH,Lake,$4.233,2026-09-13
Ohio,OH,Lawrence,$4.202,2026-09-13
Ohio,OH,Licking,$4.223,2026-09-13
Ohio,OH,Logan,$4.024,2026-09-13
Ohio,OH,Lorain,$4.170,2026-09-13
Ohio,OH,Lucas,$4.201,2026-09-13
Ohio,OH,Madison,$4.222,2026-09-13
Ohio,OH,Mahoning,$4.177,2026-09-13
Ohio,OH,Marion,$4.152,2026-09-13
Ohio,OH,Medina,$4.208,2026-09-13
Ohio,OH,Meigs,$4.004,2026-09-13
Ohio,OH,Mercer,$4.127,2026-09-13
Ohio,OH,Miami,$4.086,2026-09-13
Ohio,OH,Monroe,$4.149,2026-09-13
Ohio,OH,Montgomery,$4.060,2026-09-13
Ohio,OH,Morgan,$4.099,2026-09-13
Ohio,OH,Morrow,$4.256,2026-09-13
Ohio,OH,Muskingum,$4.148,2026-09-13
Ohio,OH,Noble,$4.275,2026-09-13
Ohio,OH,Ottawa,$4.246,2026-09-13
Ohio,OH,Paulding,$4.159,2026-09-13
Ohio,OH,Perry,$4.207,2026-09-13
Ohio,OH,Pickaway,$4.219,2026-09-13
Ohio,OH,Pike,$4.056,2026-09-13
Ohio,OH,Portage,$4.226,2026-09-13
Ohio,OH,Preble,$3.982,2026-09-13
Ohio,OH,Putnam,$4.154,2026-09-13
Ohio,OH,Richland,$4.172,2026-09-13
Ohio,OH,Ross,$4.221,2026-09-13
Ohio,OH,Sandusky,$4.230,2026-09-13
Ohio,OH,Scioto,$4.054,2026-09-13
Ohio,OH,Seneca,$4.165,2026-09-13
Ohio,OH,Shelby,$4.039,2026-09-13
Ohio,OH,Stark,$4.209,2026-09-13
Ohio,OH,Summit,$4.202,2026-09-13
Ohio,OH,Trumbull,$4.154,2026-09-13
Ohio,OH,Tuscarawas,$4.220,2026-09-13
Ohio,OH,Union,$4.257,2026-09-13
Ohio,OH,Van Wert,$4.099,2026-09-13
Ohio,OH,Vinton,$4.178,2026-09-13
Ohio,OH,Warren,$4.054,2026-09-13
Ohio,OH,Washington,$4.227,2026-09-13
Ohio,OH,Wayne,$4.195,2026-09-13
Ohio,OH,Williams,$4.112,2026-09-13
Ohio,OH,Wood,$4.178,2026-09-13
Ohio,OH,Wyandot,$4.124,2026-09-13
Oklahoma,OK,Adair,$3.827,2026-09-13
Oklahoma,OK,Alfalfa,$3.989,2026-09-13
Oklahoma,OK,Atoka,$3.891,2026-09-13
Oklahoma,OK,Beaver,$3.989,2026-09-13
Oklahoma,OK,Beckham,$3.827,2026-09-13
Oklahoma,OK,Blaine,$4.070,2026-09-13
Oklahoma,OK,Bryan,$3.785,2026-09-13
Oklahoma,OK,Caddo,$3.969,2026-09-13
Oklahoma,OK,Canadian,$3.871,2026-09-13
Oklahoma,OK,Carter,$3.959,2026-09-13
Oklahoma,OK,Cherokee,$3.956,2026-09-13
Oklahoma,OK,Choctaw,$3.896,2026-09-13
Oklahoma,OK,Cimarron,$3.909,2026-09-13
Oklahoma,OK,Cleveland,$3.885,2026-09-13
Oklahoma,OK,Coal,$4.571,2026-09-13
Oklahoma,OK,Comanche,$3.793,2026-09-13
Oklahoma,OK,Cotton,$3.917,2026-09-13
Oklahoma,OK,Craig,$4.004,2026-09-13
Oklahoma,OK,Creek,$3.844,2026-09-13
Oklahoma,OK,Custer,$4.066,2026-09-13
Oklahoma,OK,Delaware,$3.953,2026-09-13
Oklahoma,OK,Dewey,$4.311,2026-09-13
Oklahoma,OK,Ellis,$4.337,2026-09-13
Oklahoma,OK,Garfield,$3.950,2026-09-13
Oklahoma,OK,Garvin,$3.976,2026-09-13
Oklahoma,OK,Grady,$3.917,2026-09-13
Oklahoma,OK,Grant,$4.009,2026-09-13
Oklahoma,OK,Greer,$3.829,2026-09-13
Oklahoma,OK,Harmon,$4.119,2026-09-13
Oklahoma,OK,Harper,$4.086,2026-09-13
Oklahoma,OK,Haskell,$3.922,2026-09-13
Oklahoma,OK,Hughes,$4.097,2026-09-13
Oklahoma,OK,Jackson,$3.879,2026-09-13
Oklahoma,OK,Jefferson,$3.979,2026-09-13
Oklahoma,OK,Johnston,$3.949,2026-09-13
Oklahoma,OK,Kay,$3.931,2026-09-13
Oklahoma,OK,Kingfisher,$3.956,2026-09-13
Oklahoma,OK,Kiowa,$4.045,2026-09-13
Oklahoma,OK,Latimer,$3.911,2026-09-13
Oklahoma,OK,Le Flore,$3.879,2026-09-13
Oklahoma,OK,Lincoln,$4.045,2026-09-13
Oklahoma,OK,Logan,$4.178,2026-09-13
Oklahoma,OK,Love,$4.036,2026-09-13
Oklahoma,OK,Major,$3.835,2026-09-13
Oklahoma,OK,Marshall,$4.123,2026-09-13
Oklahoma,OK,Mayes,$3.904,2026-09-13
Oklahoma,OK,McClain,$4.186,2026-09-13
Oklahoma,OK,McCurtain,$3.996,2026-09-13
Oklahoma,OK,McIntosh,$3.962,2026-09-13
Oklahoma,OK,Murray,$4.019,2026-09-13
Oklahoma,OK,Muskogee,$3.830,2026-09-13
Oklahoma,OK,Noble,$4.148,2026-09-13
Oklahoma,OK,Nowata,$3.866,2026-09-13
Oklahoma,OK,Okfuskee,$3.716,2026-09-13
Oklahoma,OK,Oklahoma,$3.841,2026-09-13
Oklahoma,OK,Okmulgee,$3.781,2026-09-13
Oklahoma,OK,Osage,$4.048,2026-09-13
Oklahoma,OK,Ottawa,$3.889,2026-09-13
Oklahoma,OK,Pawnee,$4.027,2026-09-13
Oklahoma,OK,Payne,$3.890,2026-09-13
Oklahoma,OK,Pittsburg,$3.813,2026-09-13
Oklahoma,OK,Pontotoc,$3.956,2026-09-13
Oklahoma,OK,Pottawatomie,$3.909,2026-09-13
Oklahoma,OK,Pushmataha,$3.963,2026-09-13
Oklahoma,OK,Roger Mills,$4.218,2026-09-13
Oklahoma,OK,Rogers,$3.816,2026-09-13
Oklahoma,OK,Seminole,$3.874,2026-09-13
Oklahoma,OK,Sequoyah,$3.818,2026-09-13
Oklahoma,OK,Stephens,$3.936,2026-09-13
Oklahoma,OK,Texas,$3.962,2026-09-13
Oklahoma,OK,Tillman,$3.831,2026-09-13
Oklahoma,OK,Tulsa,$3.804,2026-09-13
Oklahoma,OK,Wagoner,$3.812,2026-09-13
Oklahoma,OK,Washington,$3.863,2026-09-13
Oklahoma,OK,Washita,$3.915,2026-09-13
Oklahoma,OK,Woods,$3.998,2026-09-13
Oklahoma,OK,Woodward,$3.830,2026-09-13
Oregon,OR,Baker,$4.982,2026-09-13
Oregon,OR,Benton,$4.874,2026-09-13
Oregon,OR,Clackamas,$5.096,2026-09-13
Oregon,OR,Clatsop,$5.219,2026-09-13
Oregon,OR,Columbia,$5.178,2026-09-13
Oregon,OR,Coos,$5.065,2026-09-13
Oregon,OR,Crook,$5.208,2026-09-13
Oregon,OR,Curry,$5.343,2026-09-13
Oregon,OR,Deschutes,$5.042,2026-09-13
Oregon,OR,Douglas,$5.101,2026-09-13
Oregon,OR,Gilliam,$5.059,2026-09-13
Oregon,OR,Grant,$5.125,2026-09-13
Oregon,OR,Harney,$5.164,2026-09-13
Oregon,OR,Hood River,$5.235,2026-09-13
Oregon,OR,Jackson,$5.197,2026-09-13
Oregon,OR,Jefferson,$5.005,2026-09-13
Oregon,OR,Josephine,$5.299,2026-09-13
Oregon,OR,Klamath,$5.046,2026-09-13
Oregon,OR,Lake,$5.095,2026-09-13
Oregon,OR,Lane,$5.100,2026-09-13
Oregon,OR,Lincoln,$4.916,2026-09-13
Oregon,OR,Linn,$4.992,2026-09-13
Oregon,OR,Malheur,$5.105,2026-09-13
Oregon,OR,Marion,$4.907,2026-09-13
Oregon,OR,Morrow,$4.909,2026-09-13
Oregon,OR,Multnomah,$5.152,2026-09-13
Oregon,OR,Polk,$4.901,2026-09-13
Oregon,OR,Sherman,$4.890,2026-09-13
Oregon,OR,Tillamook,$5.359,2026-09-13
Oregon,OR,Umatilla,$5.125,2026-09-13
Oregon,OR,Union,$5.260,2026-09-13
Oregon,OR,Wallowa,$5.349,2026-09-13
Oregon,OR,Wasco,$5.140,2026-09-13
Oregon,OR,Washington,$5.110,2026-09-13
Oregon,OR,Wheeler,,2026-09-13
Oregon,OR,Yamhill,$5.100,2026-09-13
Maryland,MD,Allegany,$4.228,2026-09-13
Maryland,MD,Anne Arundel,$4.188,2026-09-13
Maryland,MD,Baltimore City,$4.179,2026-09-13
Maryland,MD,Baltimore,$4.177,2026-09-13
Maryland,MD,Calvert,$4.184,2026-09-13
Maryland,MD,Cecil,$4.191,2026-09-13
Maryland,MD,Charles,$4.181,2026-09-13
Maryland,MD,Carroll,$4.158,2026-09-13
Maryland,MD,Caroline,$4.192,2026-09-13
Maryland,MD,Dorchester,$4.190,2026-09-13
Maryland,MD,Frederick,$4.190,2026-09-13
Maryland,MD,Garrett,$4.241,2026-09-13
Maryland,MD,Harford,$4.193,2026-09-13
Maryland,MD,Howard,$4.256,2026-09-13
Maryland,MD,Kent,$4.241,2026-09-13
Maryland,MD,Montgomery,$4.269,2026-09-13
Maryland,MD,Prince Georges,$4.203,2026-09-13
Maryland,MD,Queen Annes,$4.158,2026-09-13
Maryland,MD,Saint Marys,$4.177,2026-09-13
Maryland,MD,Somerset,$4.261,2026-09-13
Maryland,MD,Talbot,$4.210,2026-09-13
Maryland,MD,Washington,$4.171,2026-09-13
Maryland,MD,Wicomico,$4.180,2026-09-13
Maryland,MD,Worcester,$4.178,2026-09-13
Massachusetts,MA,Barnstable,$4.341,2026-09-13
Massachusetts,MA,Berkshire,$4.339,2026-09-13
Massachusetts,MA,Bristol,$4.228,2026-09-13
Massachusetts,MA,Dukes,$5.399,2026-09-13
Massachusetts,MA,Essex,$4.355,2026-09-13
Massachusetts,MA,Franklin,$4.317,2026-09-13
Massachusetts,MA,Hampden,$4.224,2026-09-13
Massachusetts,MA,Hampshire,$4.303,2026-09-13
Massachusetts,MA,Middlesex,$4.363,2026-09-13
Massachusetts,MA,Nantucket,$5.677,2026-09-13
Massachusetts,MA,Norfolk,$4.344,2026-09-13
Massachusetts,MA,Plymouth,$4.285,2026-09-13
Massachusetts,MA,Suffolk,$4.489,2026-09-13
Massachusetts,MA,Worcester,$4.339,2026-09-13
Michigan,MI,Alcona,$4.293,2026-09-13
Michigan,MI,Alger,$4.342,2026-09-13
Michigan,MI,Allegan,$4.321,2026-09-13
Michigan,MI,Alpena,$4.238,2026-09-13
Michigan,MI,Antrim,$4.382,2026-09-13
Michigan,MI,Arenac,$4.382,2026-09-13
Michigan,MI,Baraga,$4.094,2026-09-13
Michigan,MI,Barry,$4.385,2026-09-13
Michigan,MI,Bay,$4.336,2026-09-13
Michigan,MI,Benzie,$4.379,2026-09-13
Michigan,MI,Berrien,$4.339,2026-09-13
Michigan,MI,Branch,$4.346,2026-09-13
Michigan,MI,Calhoun,$4.324,2026-09-13
Michigan,MI,Cass,$4.298,2026-09-13
Michigan,MI,Charlevoix,$4.370,2026-09-13
Michigan,MI,Cheboygan,$4.382,2026-09-13
Michigan,MI,Chippewa,$4.467,2026-09-13
Michigan,MI,Clare,$4.353,2026-09-13
Michigan,MI,Clinton,$4.330,2026-09-13
Michigan,MI,Crawford,$4.367,2026-09-13
Michigan,MI,Delta,$4.317,2026-09-13
Michigan,MI,Dickinson,$4.338,2026-09-13
Michigan,MI,Eaton,$4.327,2026-09-13
Michigan,MI,Emmet,$4.392,2026-09-13
Michigan,MI,Genesee,$4.270,2026-09-13
Michigan,MI,Gladwin,$4.277,2026-09-13
Michigan,MI,Gogebic,$4.417,2026-09-13
Michigan,MI,Grand Traverse,$4.283,2026-09-13
Michigan,MI,Gratiot,$4.339,2026-09-13
Michigan,MI,Hillsdale,$4.243,2026-09-13
Michigan,MI,Houghton,$4.297,2026-09-13
Michigan,MI,Huron,$4.409,2026-09-13
Michigan,MI,Ingham,$4.349,2026-09-13
Michigan,MI,Ionia,$4.329,2026-09-13
Michigan,MI,Iosco,$4.325,2026-09-13
Michigan,MI,Iron,$4.295,2026-09-13
Michigan,MI,Isabella,$4.297,2026-09-13
Michigan,MI,Jackson,$4.352,2026-09-13
Michigan,MI,Kalamazoo,$4.345,2026-09-13
Michigan,MI,Kalkaska,$4.405,2026-09-13
Michigan,MI,Kent,$4.316,2026-09-13
Michigan,MI,Keweenaw,$4.399,2026-09-13
Michigan,MI,Lake,$4.243,2026-09-13
Michigan,MI,Lapeer,$4.277,2026-09-13
Michigan,MI,Leelanau,$4.385,2026-09-13
Michigan,MI,Lenawee,$4.281,2026-09-13
Michigan,MI,Livingston,$4.379,2026-09-13
Michigan,MI,Luce,$4.309,2026-09-13
Michigan,MI,Mackinac,$4.481,2026-09-13
Michigan,MI,Macomb,$4.298,2026-09-13
Michigan,MI,Manistee,$4.368,2026-09-13
Michigan,MI,Marquette,$4.334,2026-09-13
Michigan,MI,Mason,$4.315,2026-09-13
Michigan,MI,Mecosta,$4.318,2026-09-13
Michigan,MI,Menominee,$4.214,2026-09-13
Michigan,MI,Midland,$4.275,2026-09-13
Michigan,MI,Missaukee,$4.379,2026-09-13
Michigan,MI,Monroe,$4.311,2026-09-13
Michigan,MI,Montcalm,$4.282,2026-09-13
Michigan,MI,Montmorency,$4.245,2026-09-13
Michigan,MI,Muskegon,$4.303,2026-09-13
Michigan,MI,Newaygo,$4.303,2026-09-13
Michigan,MI,Oakland,$4.347,2026-09-13
Michigan,MI,Oceana,$4.353,2026-09-13
Michigan,MI,Ogemaw,$4.329,2026-09-13
Michigan,MI,Ontonagon,$4.386,2026-09-13
Michigan,MI,Osceola,$4.385,2026-09-13
Michigan,MI,Oscoda,$4.349,2026-09-13
Michigan,MI,Otsego,$4.280,2026-09-13
Michigan,MI,Ottawa,$4.281,2026-09-13
Michigan,MI,Presque Isle,$4.396,2026-09-13
Michigan,MI,Roscommon,$4.289,2026-09-13
Michigan,MI,Saginaw,$4.294,2026-09-13
Michigan,MI,Sanilac,$4.334,2026-09-13
Michigan,MI,Schoolcraft,$4.313,2026-09-13
Michigan,MI,Shiawassee,$4.275,2026-09-13
Michigan,MI,Saint Clair,$4.295,2026-09-13
Michigan,MI,Saint Joseph,$4.319,2026-09-13
Michigan,MI,Tuscola,$4.321,2026-09-13
Michigan,MI,Van Buren,$4.257,2026-09-13
Michigan,MI,Washtenaw,$4.361,2026-09-13
Michigan,MI,Wayne,$4.266,2026-09-13
Michigan,MI,Wexford,$4.260,2026-09-13
Minnesota,MN,Aitkin,$4.168,2026-09-13
Minnesota,MN,Anoka,$4.205,2026-09-13
Minnesota,MN,Becker,$4.192,2026-09-13
Minnesota,MN,Beltrami,$4.173,2026-09-13
Minnesota,MN,Benton,$4.253,2026-09-13
Minnesota,MN,Big Stone,$3.899,2026-09-13
Minnesota,MN,Blue Earth,$4.233,2026-09-13
Minnesota,MN,Brown,$4.215,2026-09-13
Minnesota,MN,Carlton,$4.162,2026-09-13
Minnesota,MN,Carver,$4.264,2026-09-13
Minnesota,MN,Cass,$4.111,2026-09-13
Minnesota,MN,Chippewa,$4.299,2026-09-13
Minnesota,MN,Chisago,$4.276,2026-09-13
Minnesota,MN,Clay,$4.022,2026-09-13
Minnesota,MN,Clearwater,$4.102,2026-09-13
Minnesota,MN,Cook,$4.381,2026-09-13
Minnesota,MN,Cottonwood,$4.287,2026-09-13
Minnesota,MN,Crow Wing,$4.138,2026-09-13
Minnesota,MN,Dakota,$4.287,2026-09-13
Minnesota,MN,Dodge,$4.299,2026-09-13
Minnesota,MN,Douglas,$4.099,2026-09-13
Minnesota,MN,Faribault,$4.265,2026-09-13
Minnesota,MN,Fillmore,$4.199,2026-09-13
Minnesota,MN,Freeborn,$4.230,2026-09-13
Minnesota,MN,Goodhue,$4.263,2026-09-13
Minnesota,MN,Grant,$4.026,2026-09-13
Minnesota,MN,Hennepin,$4.314,2026-09-13
Minnesota,MN,Houston,$4.222,2026-09-13
Minnesota,MN,Hubbard,$4.191,2026-09-13
Minnesota,MN,Isanti,$4.207,2026-09-13
Minnesota,MN,Itasca,$4.171,2026-09-13
Minnesota,MN,Jackson,$4.236,2026-09-13
Minnesota,MN,Kanabec,$4.232,2026-09-13
Minnesota,MN,Kandiyohi,$4.245,2026-09-13
Minnesota,MN,Kittson,$4.139,2026-09-13
Minnesota,MN,Koochiching,$4.257,2026-09-13
Minnesota,MN,Lac Qui Parle,$4.207,2026-09-13
Minnesota,MN,Lake,$4.320,2026-09-13
Minnesota,MN,Lake of the Woods,$4.219,2026-09-13
Minnesota,MN,Le Sueur,$4.214,2026-09-13
Minnesota,MN,Lincoln,$4.159,2026-09-13
Minnesota,MN,Lyon,$4.239,2026-09-13
Minnesota,MN,Mahnomen,$4.199,2026-09-13
Minnesota,MN,Marshall,$4.082,2026-09-13
Minnesota,MN,Martin,$4.208,2026-09-13
Minnesota,MN,McLeod,$4.212,2026-09-13
Minnesota,MN,Meeker,$4.212,2026-09-13
Minnesota,MN,Mille Lacs,$4.182,2026-09-13
Minnesota,MN,Morrison,$4.202,2026-09-13
Minnesota,MN,Mower,$4.155,2026-09-13
Minnesota,MN,Murray,$4.218,2026-09-13
Minnesota,MN,Nicollet,$4.224,2026-09-13
Minnesota,MN,Nobles,$4.163,2026-09-13
Minnesota,MN,Norman,$4.092,2026-09-13
Minnesota,MN,Olmsted,$4.290,2026-09-13
Minnesota,MN,Otter Tail,$4.180,2026-09-13
Minnesota,MN,Pennington,$4.154,2026-09-13
Minnesota,MN,Pine,$4.206,2026-09-13
Minnesota,MN,Pipestone,$4.182,2026-09-13
Minnesota,MN,Polk,$4.173,2026-09-13
Minnesota,MN,Pope,$4.128,2026-09-13
Minnesota,MN,Ramsey,$4.321,2026-09-13
Minnesota,MN,Red Lake,$4.189,2026-09-13
Minnesota,MN,Redwood,$4.162,2026-09-13
Minnesota,MN,Renville,$4.273,2026-09-13
Minnesota,MN,Rice,$4.254,2026-09-13
Minnesota,MN,Rock,$4.228,2026-09-13
Minnesota,MN,Roseau,$4.135,2026-09-13
Minnesota,MN,Scott,$4.257,2026-09-13
Minnesota,MN,Sherburne,$4.231,2026-09-13
Minnesota,MN,Sibley,$4.246,2026-09-13
Minnesota,MN,Saint Louis,$4.217,2026-09-13
Minnesota,MN,Stearns,$4.162,2026-09-13
Minnesota,MN,Steele,$4.169,2026-09-13
Minnesota,MN,Stevens,$4.199,2026-09-13
Minnesota,MN,Swift,$4.293,2026-09-13
Minnesota,MN,Todd,$4.169,2026-09-13
Minnesota,MN,Traverse,$4.049,2026-09-13
Minnesota,MN,Wabasha,$4.170,2026-09-13
Minnesota,MN,Wadena,$4.219,2026-09-13
Minnesota,MN,Waseca,$4.214,2026-09-13
Minnesota,MN,Washington,$4.240,2026-09-13
Minnesota,MN,Watonwan,$4.288,2026-09-13
Minnesota,MN,Wilkin,$4.016,2026-09-13
Minnesota,MN,Winona,$4.165,2026-09-13
Minnesota,MN,Wright,$4.242,2026-09-13
Minnesota,MN,Yellow Medicine,$4.263,2026-09-13
Mississippi,MS,Adams,$3.913,2026-09-13
Mississippi,MS,Alcorn,$3.754,2026-09-13
Mississippi,MS,Amite,$3.944,2026-09-13
Mississippi,MS,Attala,$3.950,2026-09-13
Mississippi,MS,Benton,$3.879,2026-09-13
Mississippi,MS,Bolivar,$3.885,2026-09-13
Mississippi,MS,Calhoun,$3.943,2026-09-13
Mississippi,MS,Carroll,$3.999,2026-09-13
Mississippi,MS,Chickasaw,$3.803,2026-09-13
Mississippi,MS,Choctaw,$3.851,2026-09-13
Mississippi,MS,Claiborne,$4.199,2026-09-13
Mississippi,MS,Clarke,$3.877,2026-09-13
Mississippi,MS,Clay,$3.856,2026-09-13
Mississippi,MS,Coahoma,$3.917,2026-09-13
Mississippi,MS,Copiah,$3.888,2026-09-13
Mississippi,MS,Covington,$3.842,2026-09-13
Mississippi,MS,De Soto,$3.890,2026-09-13
Mississippi,MS,Forrest,$3.764,2026-09-13
Mississippi,MS,Franklin,$3.929,2026-09-13
Mississippi,MS,George,$3.825,2026-09-13
Mississippi,MS,Greene,$3.779,2026-09-13
Mississippi,MS,Grenada,$3.900,2026-09-13
Mississippi,MS,Hancock,$3.860,2026-09-13
Mississippi,MS,Harrison,$3.801,2026-09-13
Mississippi,MS,Hinds,$3.856,2026-09-13
Mississippi,MS,Holmes,$3.928,2026-09-13
Mississippi,MS,Humphreys,$3.899,2026-09-13
Mississippi,MS,Issaquena,,2026-09-13
Mississippi,MS,Itawamba,$3.796,2026-09-13
Mississippi,MS,Jackson,$3.821,2026-09-13
Mississippi,MS,Jasper,$3.805,2026-09-13
Mississippi,MS,Jefferson,$3.949,2026-09-13
Mississippi,MS,Jefferson Davis,$3.855,2026-09-13
Mississippi,MS,Jones,$3.774,2026-09-13
Mississippi,MS,Kemper,$3.911,2026-09-13
Mississippi,MS,Lafayette,$4.049,2026-09-13
Mississippi,MS,Lamar,$3.890,2026-09-13
Mississippi,MS,Lauderdale,$3.897,2026-09-13
Mississippi,MS,Lawrence,$3.932,2026-09-13
Mississippi,MS,Leake,$3.735,2026-09-13
Mississippi,MS,Lee,$3.850,2026-09-13
Mississippi,MS,Leflore,$3.901,2026-09-13
Mississippi,MS,Lincoln,$3.943,2026-09-13
Mississippi,MS,Lowndes,$3.839,2026-09-13
Mississippi,MS,Madison,$3.870,2026-09-13
Mississippi,MS,Marion,$3.852,2026-09-13
Mississippi,MS,Marshall,$3.936,2026-09-13
Mississippi,MS,Monroe,$3.827,2026-09-13
Mississippi,MS,Montgomery,$3.832,2026-09-13
Mississippi,MS,Neshoba,$3.848,2026-09-13
Mississippi,MS,Newton,$3.936,2026-09-13
Mississippi,MS,Noxubee,$4.009,2026-09-13
Mississippi,MS,Oktibbeha,$3.835,2026-09-13
Mississippi,MS,Panola,$3.896,2026-09-13
Mississippi,MS,Pearl River,$3.846,2026-09-13
Mississippi,MS,Perry,$3.892,2026-09-13
Mississippi,MS,Pike,$3.901,2026-09-13
Mississippi,MS,Pontotoc,$3.900,2026-09-13
Mississippi,MS,Prentiss,$3.910,2026-09-13
Mississippi,MS,Quitman,$3.979,2026-09-13
Mississippi,MS,Rankin,$3.835,2026-09-13
Mississippi,MS,Scott,$3.901,2026-09-13
Mississippi,MS,Sharkey,$3.899,2026-09-13
Mississippi,MS,Simpson,$3.793,2026-09-13
Mississippi,MS,Smith,$3.906,2026-09-13
Mississippi,MS,Stone,$3.805,2026-09-13
Mississippi,MS,Sunflower,$3.933,2026-09-13
Mississippi,MS,Tallahatchie,$3.924,2026-09-13
Mississippi,MS,Tate,$3.960,2026-09-13
Mississippi,MS,Tippah,$3.842,2026-09-13
Mississippi,MS,Tishomingo,$3.911,2026-09-13
Mississippi,MS,Tunica,$4.010,2026-09-13
Mississippi,MS,Union,$3.861,2026-09-13
Mississippi,MS,Walthall,$3.959,2026-09-13
Mississippi,MS,Warren,$3.911,2026-09-13
Mississippi,MS,Washington,$3.898,2026-09-13
Mississippi,MS,Wayne,$3.823,2026-09-13
Mississippi,MS,Webster,$3.873,2026-09-13
Mississippi,MS,Wilkinson,$3.939,2026-09-13
Mississippi,MS,Winston,$3.879,2026-09-13
Mississippi,MS,Yalobusha,$3.933,2026-09-13
Mississippi,MS,Yazoo,$3.810,2026-09-13
Missouri,MO,Adair,$3.913,2026-09-13
Missouri,MO,Andrew,$3.966,2026-09-13
Missouri,MO,Atchison,$3.966,2026-09-13
Missouri,MO,Audrain,$3.953,2026-09-13
Missouri,MO,Barry,$3.979,2026-09-13
Missouri,MO,Barton,$3.993,2026-09-13
Missouri,MO,Bates,$3.972,2026-09-13
Missouri,MO,Benton,$4.041,2026-09-13
Missouri,MO,Bollinger,$4.032,2026-09-13
Missouri,MO,Boone,$4.083,2026-09-13
Missouri,MO,Buchanan,$3.966,2026-09-13
Missouri,MO,Butler,$3.972,2026-09-13
Missouri,MO,Caldwell,$3.959,2026-09-13
Missouri,MO,Callaway,$4.037,2026-09-13
Missouri,MO,Camden,$4.021,2026-09-13
Missouri,MO,Cape Girardeau,$3.985,2026-09-13
Missouri,MO,Carroll,$3.889,2026-09-13
Missouri,MO,Carter,$4.099,2026-09-13
Missouri,MO,Cass,$3.951,2026-09-13
Missouri,MO,Cedar,$4.013,2026-09-13
Missouri,MO,Chariton,$3.981,2026-09-13
Missouri,MO,Christian,$3.958,2026-09-13
Missouri,MO,Clark,$3.966,2026-09-13
Missouri,MO,Clay,$3.980,2026-09-13
Missouri,MO,Clinton,$4.008,2026-09-13
Missouri,MO,Cole,$4.090,2026-09-13
Missouri,MO,Cooper,$3.954,2026-09-13
Missouri,MO,Crawford,$4.039,2026-09-13
Missouri,MO,Dade,$3.839,2026-09-13
Missouri,MO,Dallas,$4.001,2026-09-13
Missouri,MO,Daviess,$3.905,2026-09-13
Missouri,MO,DeKalb,$3.999,2026-09-13
Missouri,MO,Dent,$4.108,2026-09-13
Missouri,MO,Douglas,$4.072,2026-09-13
Missouri,MO,Dunklin,$3.991,2026-09-13
Missouri,MO,Franklin,$3.965,2026-09-13
Missouri,MO,Gasconade,$3.974,2026-09-13
Missouri,MO,Gentry,$4.024,2026-09-13
Missouri,MO,Greene,$3.936,2026-09-13
Missouri,MO,Grundy,$3.993,2026-09-13
Missouri,MO,Harrison,$3.909,2026-09-13
Missouri,MO,Henry,$4.009,2026-09-13
Missouri,MO,Hickory,$4.027,2026-09-13
Missouri,MO,Holt,$3.996,2026-09-13
Missouri,MO,Howard,$4.063,2026-09-13
Missouri,MO,Howell,$4.024,2026-09-13
Missouri,MO,Iron,$4.070,2026-09-13
Missouri,MO,Jackson,$3.975,2026-09-13
Missouri,MO,Jasper,$3.920,2026-09-13
Missouri,MO,Jefferson,$3.976,2026-09-13
Missouri,MO,Johnson,$3.957,2026-09-13
Missouri,MO,Knox,$3.999,2026-09-13
Missouri,MO,Laclede,$3.993,2026-09-13
Missouri,MO,Lafayette,$3.909,2026-09-13
Missouri,MO,Lawrence,$4.020,2026-09-13
Missouri,MO,Lewis,$3.979,2026-09-13
Missouri,MO,Lincoln,$4.017,2026-09-13
Missouri,MO,Linn,$3.982,2026-09-13
Missouri,MO,Livingston,$3.957,2026-09-13
Missouri,MO,Macon,$3.980,2026-09-13
Missouri,MO,Madison,$3.820,2026-09-13
Missouri,MO,Maries,$4.079,2026-09-13
Missouri,MO,Marion,$3.952,2026-09-13
Missouri,MO,McDonald,$3.959,2026-09-13
Missouri,MO,Mercer,$3.879,2026-09-13
Missouri,MO,Miller,$4.092,2026-09-13
Missouri,MO,Mississippi,$3.990,2026-09-13
Missouri,MO,Moniteau,$4.099,2026-09-13
Missouri,MO,Monroe,$3.938,2026-09-13
Missouri,MO,Montgomery,$3.951,2026-09-13
Missouri,MO,Morgan,$4.055,2026-09-13
Missouri,MO,New Madrid,$4.006,2026-09-13
Missouri,MO,Newton,$3.954,2026-09-13
Missouri,MO,Nodaway,$3.941,2026-09-13
Missouri,MO,Oregon,$4.116,2026-09-13
Missouri,MO,Osage,$4.023,2026-09-13
Missouri,MO,Ozark,$4.099,2026-09-13
Missouri,MO,Pemiscot,$4.021,2026-09-13
Missouri,MO,Perry,$3.985,2026-09-13
Missouri,MO,Pettis,$3.988,2026-09-13
Missouri,MO,Phelps,$4.043,2026-09-13
Missouri,MO,Pike,$4.017,2026-09-13
Missouri,MO,Platte,$4.002,2026-09-13
Missouri,MO,Polk,$4.092,2026-09-13
Missouri,MO,Pulaski,$4.062,2026-09-13
Missouri,MO,Putnam,$3.949,2026-09-13
Missouri,MO,Ralls,$3.952,2026-09-13
Missouri,MO,Randolph,$3.975,2026-09-13
Missouri,MO,Ray,$3.963,2026-09-13
Missouri,MO,Reynolds,$4.036,2026-09-13
Missouri,MO,Ripley,$4.009,2026-09-13
Missouri,MO,Saline,$3.987,2026-09-13
Missouri,MO,Schuyler,$3.965,2026-09-13
Missouri,MO,Scotland,$3.982,2026-09-13
Missouri,MO,Scott,$4.033,2026-09-13
Missouri,MO,Shannon,$4.124,2026-09-13
Missouri,MO,Shelby,$3.965,2026-09-13
Missouri,MO,Saint Charles,$3.917,2026-09-13
Missouri,MO,Saint Clair,$4.013,2026-09-13
Missouri,MO,Saint Francois,$3.977,2026-09-13
Missouri,MO,Saint Louis,$3.936,2026-09-13
Missouri,MO,Saint Louis City,$3.932,2026-09-13
Missouri,MO,Sainte Genevieve,$3.978,2026-09-13
Missouri,MO,Stoddard,$3.995,2026-09-13
Missouri,MO,Stone,$4.023,2026-09-13
Missouri,MO,Sullivan,$3.999,2026-09-13
Missouri,MO,Taney,$4.067,2026-09-13
Missouri,MO,Texas,$4.066,2026-09-13
Missouri,MO,Vernon,$4.026,2026-09-13
Missouri,MO,Warren,$3.831,2026-09-13
Missouri,MO,Washington,$3.881,2026-09-13
Missouri,MO,Wayne,$4.059,2026-09-13
Missouri,MO,Webster,$4.031,2026-09-13
Missouri,MO,Worth,$3.919,2026-09-13
Missouri,MO,Wright,$4.047,2026-09-13
Pennsylvania,PA,Adams,$4.498,2026-09-13
Pennsylvania,PA,Allegheny,$4.547,2026-09-13
Pennsylvania,PA,Armstrong,$4.530,2026-09-13
Pennsylvania,PA,Beaver,$4.561,2026-09-13
Pennsylvania,PA,Bedford,$4.401,2026-09-13
Pennsylvania,PA,Berks,$4.514,2026-09-13
Pennsylvania,PA,Blair,$4.489,2026-09-13
Pennsylvania,PA,Bradford,$4.537,2026-09-13
Pennsylvania,PA,Bucks,$4.522,2026-09-13
Pennsylvania,PA,Butler,$4.563,2026-09-13
Pennsylvania,PA,Cambria,$4.525,2026-09-13
Pennsylvania,PA,Cameron,$4.474,2026-09-13
Pennsylvania,PA,Carbon,$4.334,2026-09-13
Pennsylvania,PA,Centre,$4.469,2026-09-13
Pennsylvania,PA,Chester,$4.521,2026-09-13
Pennsylvania,PA,Clarion,$4.480,2026-09-13
Pennsylvania,PA,Clearfield,$4.491,2026-09-13
Pennsylvania,PA,Clinton,$4.416,2026-09-13
Pennsylvania,PA,Columbia,$4.468,2026-09-13
Pennsylvania,PA,Crawford,$4.587,2026-09-13
Pennsylvania,PA,Cumberland,$4.454,2026-09-13
Pennsylvania,PA,Dauphin,$4.439,2026-09-13
Pennsylvania,PA,Delaware,$4.528,2026-09-13
Pennsylvania,PA,Elk,$4.483,2026-09-13
Pennsylvania,PA,Erie,$4.542,2026-09-13
Pennsylvania,PA,Fayette,$4.579,2026-09-13
Pennsylvania,PA,Forest,$4.574,2026-09-13
Pennsylvania,PA,Franklin,$4.218,2026-09-13
Pennsylvania,PA,Fulton,$4.283,2026-09-13
Pennsylvania,PA,Greene,$4.586,2026-09-13
Pennsylvania,PA,Huntingdon,$4.530,2026-09-13
Pennsylvania,PA,Indiana,$4.540,2026-09-13
Pennsylvania,PA,Jefferson,$4.470,2026-09-13
Pennsylvania,PA,Juniata,$4.416,2026-09-13
Pennsylvania,PA,Lackawanna,$4.436,2026-09-13
Pennsylvania,PA,Lancaster,$4.509,2026-09-13
Pennsylvania,PA,Lawrence,$4.491,2026-09-13
Pennsylvania,PA,Lebanon,$4.399,2026-09-13
Pennsylvania,PA,Lehigh,$4.416,2026-09-13
Pennsylvania,PA,Luzerne,$4.444,2026-09-13
Pennsylvania,PA,Lycoming,$4.509,2026-09-13
Pennsylvania,PA,McKean,$4.433,2026-09-13
Pennsylvania,PA,Mercer,$4.537,2026-09-13
Pennsylvania,PA,Mifflin,$4.590,2026-09-13
Pennsylvania,PA,Monroe,$4.445,2026-09-13
Pennsylvania,PA,Montgomery,$4.536,2026-09-13
Pennsylvania,PA,Montour,$4.482,2026-09-13
Pennsylvania,PA,Northampton,$4.387,2026-09-13
Pennsylvania,PA,Northumberland,$4.377,2026-09-13
Pennsylvania,PA,Perry,$4.521,2026-09-13
Pennsylvania,PA,Philadelphia,$4.561,2026-09-13
Pennsylvania,PA,Pike,$4.499,2026-09-13
Pennsylvania,PA,Potter,$4.542,2026-09-13
Pennsylvania,PA,Schuylkill,$4.433,2026-09-13
Pennsylvania,PA,Snyder,$4.418,2026-09-13
Pennsylvania,PA,Somerset,$4.534,2026-09-13
Pennsylvania,PA,Sullivan,$4.566,2026-09-13
Pennsylvania,PA,Susquehanna,$4.419,2026-09-13
Pennsylvania,PA,Tioga,$4.453,2026-09-13
Pennsylvania,PA,Union,$4.518,2026-09-13
Pennsylvania,PA,Venango,$4.543,2026-09-13
Pennsylvania,PA,Warren,$4.562,2026-09-13
Pennsylvania,PA,Washington,$4.559,2026-09-13
Pennsylvania,PA,Wayne,$4.410,2026-09-13
Pennsylvania,PA,Westmoreland,$4.533,2026-09-13
Pennsylvania,PA,Wyoming,$4.441,2026-09-13
Pennsylvania,PA,York,$4.484,2026-09-13
Rhode Island,RI,Bristol,$4.352,2026-09-13
Rhode Island,RI,Kent,$4.347,2026-09-13
Rhode Island,RI,Newport,$4.362,2026-09-13
Rhode Island,RI,Providence,$4.362,2026-09-13
Rhode Island,RI,Washington,$4.435,2026-09-13
South Carolina,SC,Abbeville,$3.940,2026-09-13
South Carolina,SC,Aiken,$3.901,2026-09-13
South Carolina,SC,Allendale,$3.949,2026-09-13
South Carolina,SC,Anderson,$3.931,2026-09-13
South Carolina,SC,Bamberg,$4.055,2026-09-13
South Carolina,SC,Barnwell,$3.990,2026-09-13
South Carolina,SC,Beaufort,$3.940,2026-09-13
South Carolina,SC,Berkeley,$3.923,2026-09-13
South Carolina,SC,Calhoun,$4.048,2026-09-13
South Carolina,SC,Charleston,$3.957,2026-09-13
South Carolina,SC,Cherokee,$3.942,2026-09-13
South Carolina,SC,Chester,$3.964,2026-09-13
South Carolina,SC,Chesterfield,$3.995,2026-09-13
South Carolina,SC,Clarendon,$3.961,2026-09-13
South Carolina,SC,Colleton,$3.978,2026-09-13
South Carolina,SC,Darlington,$3.977,2026-09-13
South Carolina,SC,Dillon,$3.828,2026-09-13
South Carolina,SC,Dorchester,$3.927,2026-09-13
South Carolina,SC,Edgefield,$3.834,2026-09-13
South Carolina,SC,Fairfield,$3.953,2026-09-13
South Carolina,SC,Florence,$3.922,2026-09-13
South Carolina,SC,Georgetown,$3.919,2026-09-13
South Carolina,SC,Greenville,$3.953,2026-09-13
South Carolina,SC,Greenwood,$3.939,2026-09-13
South Carolina,SC,Hampton,$4.013,2026-09-13
South Carolina,SC,Horry,$3.824,2026-09-13
South Carolina,SC,Jasper,$3.946,2026-09-13
South Carolina,SC,Kershaw,$3.919,2026-09-13
South Carolina,SC,Lancaster,$3.938,2026-09-13
South Carolina,SC,Laurens,$3.962,2026-09-13
South Carolina,SC,Lee,$3.957,2026-09-13
South Carolina,SC,Lexington,$3.906,2026-09-13
South Carolina,SC,Marion,$3.884,2026-09-13
South Carolina,SC,Marlboro,$3.934,2026-09-13
South Carolina,SC,McCormick,$3.956,2026-09-13
South Carolina,SC,Newberry,$3.982,2026-09-13
South Carolina,SC,Oconee,$3.906,2026-09-13
South Carolina,SC,Orangeburg,$3.975,2026-09-13
South Carolina,SC,Pickens,$3.889,2026-09-13
South Carolina,SC,Richland,$3.927,2026-09-13
South Carolina,SC,Saluda,$3.967,2026-09-13
South Carolina,SC,Spartanburg,$3.909,2026-09-13
South Carolina,SC,Sumter,$4.002,2026-09-13
South Carolina,SC,Union,$3.991,2026-09-13
South Carolina,SC,Williamsburg,$3.947,2026-09-13
South Carolina,SC,York,$3.876,2026-09-13
South Dakota,SD,Aurora,$4.186,2026-09-13
South Dakota,SD,Beadle,$4.112,2026-09-13
South Dakota,SD,Bennett,$4.199,2026-09-13
South Dakota,SD,Bon Homme,$4.256,2026-09-13
South Dakota,SD,Brookings,$4.058,2026-09-13
South Dakota,SD,Brown,$4.152,2026-09-13
South Dakota,SD,Brule,$4.324,2026-09-13
South Dakota,SD,Buffalo,$4.399,2026-09-13
South Dakota,SD,Butte,$4.292,2026-09-13
South Dakota,SD,Campbell,,2026-09-13
South Dakota,SD,Charles Mix,$4.193,2026-09-13
South Dakota,SD,Clark,$4.319,2026-09-13
South Dakota,SD,Clay,$4.059,2026-09-13
South Dakota,SD,Codington,$4.137,2026-09-13
South Dakota,SD,Corson,$4.299,2026-09-13
South Dakota,SD,Custer,$4.382,2026-09-13
South Dakota,SD,Davison,$4.099,2026-09-13
South Dakota,SD,Day,$4.199,2026-09-13
South Dakota,SD,Deuel,$4.099,2026-09-13
South Dakota,SD,Dewey,$4.599,2026-09-13
South Dakota,SD,Douglas,$4.599,2026-09-13
South Dakota,SD,Edmunds,$4.119,2026-09-13
South Dakota,SD,Fall River,$4.341,2026-09-13
South Dakota,SD,Faulk,$4.354,2026-09-13
South Dakota,SD,Grant,$4.076,2026-09-13
South Dakota,SD,Gregory,$4.219,2026-09-13
South Dakota,SD,Haakon,$4.299,2026-09-13
South Dakota,SD,Hamlin,$4.024,2026-09-13
South Dakota,SD,Hand,$4.192,2026-09-13
South Dakota,SD,Hanson,$3.889,2026-09-13
South Dakota,SD,Harding,$4.399,2026-09-13
South Dakota,SD,Hughes,$4.388,2026-09-13
South Dakota,SD,Hutchinson,$3.965,2026-09-13
South Dakota,SD,Hyde,$4.086,2026-09-13
South Dakota,SD,Jackson,$4.299,2026-09-13
South Dakota,SD,Jerauld,,2026-09-13
South Dakota,SD,Jones,$4.029,2026-09-13
South Dakota,SD,Kingsbury,$4.192,2026-09-13
South Dakota,SD,Lake,$3.981,2026-09-13
South Dakota,SD,Lawrence,$4.348,2026-09-13
South Dakota,SD,Lincoln,$4.094,2026-09-13
South Dakota,SD,Lyman,$4.239,2026-09-13
South Dakota,SD,Marshall,$4.399,2026-09-13
South Dakota,SD,McCook,$3.899,2026-09-13
South Dakota,SD,McPherson,,2026-09-13
South Dakota,SD,Meade,$4.366,2026-09-13
South Dakota,SD,Mellette,$3.984,2026-09-13
South Dakota,SD,Miner,$4.059,2026-09-13
South Dakota,SD,Minnehaha,$4.045,2026-09-13
South Dakota,SD,Moody,$4.166,2026-09-13
South Dakota,SD,Pennington,$4.294,2026-09-13
South Dakota,SD,Perkins,$4.249,2026-09-13
South Dakota,SD,Potter,$4.022,2026-09-13
South Dakota,SD,Roberts,$3.949,2026-09-13
South Dakota,SD,Sanborn,,2026-09-13
South Dakota,SD,Shannon,$4.386,2026-09-13
South Dakota,SD,Spink,$4.111,2026-09-13
South Dakota,SD,Stanley,$4.449,2026-09-13
South Dakota,SD,Sully,,2026-09-13
South Dakota,SD,Todd,$4.134,2026-09-13
South Dakota,SD,Tripp,$4.099,2026-09-13
South Dakota,SD,Turner,$3.965,2026-09-13
South Dakota,SD,Union,$4.091,2026-09-13
South Dakota,SD,Walworth,$4.046,2026-09-13
South Dakota,SD,Yankton,$4.156,2026-09-13
South Dakota,SD,Ziebach,$4.309,2026-09-13
Tennessee,TN,Anderson,$3.880,2026-09-13
Tennessee,TN,Bedford,$3.893,2026-09-13
Tennessee,TN,Benton,$3.855,2026-09-13
Tennessee,TN,Bledsoe,$3.995,2026-09-13
Tennessee,TN,Blount,$3.958,2026-09-13
Tennessee,TN,Bradley,$3.944,2026-09-13
Tennessee,TN,Campbell,$3.841,2026-09-13
Tennessee,TN,Cannon,$3.939,2026-09-13
Tennessee,TN,Carroll,$3.953,2026-09-13
Tennessee,TN,Carter,$3.972,2026-09-13
Tennessee,TN,Cheatham,$3.910,2026-09-13
Tennessee,TN,Chester,$3.905,2026-09-13
Tennessee,TN,Claiborne,$3.844,2026-09-13
Tennessee,TN,Clay,$3.999,2026-09-13
Tennessee,TN,Cocke,$3.944,2026-09-13
Tennessee,TN,Coffee,$3.927,2026-09-13
Tennessee,TN,Crockett,$4.103,2026-09-13
Tennessee,TN,Cumberland,$3.926,2026-09-13
Tennessee,TN,Davidson,$3.952,2026-09-13
Tennessee,TN,Decatur,$3.826,2026-09-13
Tennessee,TN,DeKalb,$3.942,2026-09-13
Tennessee,TN,Dickson,$3.824,2026-09-13
Tennessee,TN,Dyer,$3.821,2026-09-13
Tennessee,TN,Fayette,$3.911,2026-09-13
Tennessee,TN,Fentress,$3.859,2026-09-13
Tennessee,TN,Franklin,$3.875,2026-09-13
Tennessee,TN,Gibson,$3.972,2026-09-13
Tennessee,TN,Giles,$3.878,2026-09-13
Tennessee,TN,Grainger,$3.997,2026-09-13
Tennessee,TN,Greene,$3.790,2026-09-13
Tennessee,TN,Grundy,$3.956,2026-09-13
Tennessee,TN,Hamblen,$3.863,2026-09-13
Tennessee,TN,Hamilton,$3.909,2026-09-13
Tennessee,TN,Hancock,$3.799,2026-09-13
Tennessee,TN,Hardeman,$3.995,2026-09-13
Tennessee,TN,Hardin,$3.895,2026-09-13
Tennessee,TN,Hawkins,$3.873,2026-09-13
Tennessee,TN,Haywood,$4.066,2026-09-13
Tennessee,TN,Henderson,$3.897,2026-09-13
Tennessee,TN,Henry,$3.886,2026-09-13
Tennessee,TN,Hickman,$3.964,2026-09-13
Tennessee,TN,Houston,$3.879,2026-09-13
Tennessee,TN,Humphreys,$3.881,2026-09-13
Tennessee,TN,Jackson,$3.891,2026-09-13
Tennessee,TN,Jefferson,$3.939,2026-09-13
Tennessee,TN,Johnson,$3.972,2026-09-13
Tennessee,TN,Knox,$3.909,2026-09-13
Tennessee,TN,Lake,$3.899,2026-09-13
Tennessee,TN,Lauderdale,$4.039,2026-09-13
Tennessee,TN,Lawrence,$3.897,2026-09-13
Tennessee,TN,Lewis,$3.908,2026-09-13
Tennessee,TN,Lincoln,$3.916,2026-09-13
Tennessee,TN,Loudon,$3.962,2026-09-13
Tennessee,TN,Macon,$3.911,2026-09-13
Tennessee,TN,Madison,$3.981,2026-09-13
Tennessee,TN,Marion,$3.922,2026-09-13
Tennessee,TN,Marshall,$3.923,2026-09-13
Tennessee,TN,Maury,$3.929,2026-09-13
Tennessee,TN,McMinn,$3.971,2026-09-13
Tennessee,TN,McNairy,$3.890,2026-09-13
Tennessee,TN,Meigs,$3.977,2026-09-13
Tennessee,TN,Monroe,$3.933,2026-09-13
Tennessee,TN,Montgomery,$3.894,2026-09-13
Tennessee,TN,Moore,$3.999,2026-09-13
Tennessee,TN,Morgan,$3.817,2026-09-13
Tennessee,TN,Obion,$3.963,2026-09-13
Tennessee,TN,Overton,$3.999,2026-09-13
Tennessee,TN,Perry,$3.859,2026-09-13
Tennessee,TN,Pickett,$3.986,2026-09-13
Tennessee,TN,Polk,$3.964,2026-09-13
Tennessee,TN,Putnam,$3.953,2026-09-13
Tennessee,TN,Rhea,$3.825,2026-09-13
Tennessee,TN,Roane,$3.873,2026-09-13
Tennessee,TN,Robertson,$3.968,2026-09-13
Tennessee,TN,Rutherford,$3.927,2026-09-13
Tennessee,TN,Scott,$3.825,2026-09-13
Tennessee,TN,Sequatchie,$4.038,2026-09-13
Tennessee,TN,Sevier,$3.908,2026-09-13
Tennessee,TN,Shelby,$3.954,2026-09-13
Tennessee,TN,Smith,$3.897,2026-09-13
Tennessee,TN,Stewart,$4.020,2026-09-13
Tennessee,TN,Sullivan,$3.915,2026-09-13
Tennessee,TN,Sumner,$3.946,2026-09-13
Tennessee,TN,Tipton,$3.887,2026-09-13
Tennessee,TN,Trousdale,$3.999,2026-09-13
Tennessee,TN,Unicoi,$3.932,2026-09-13
Tennessee,TN,Union,$3.921,2026-09-13
Tennessee,TN,Van Buren,$3.999,2026-09-13
Tennessee,TN,Warren,$3.952,2026-09-13
Tennessee,TN,Washington,$3.927,2026-09-13
Tennessee,TN,Wayne,$3.884,2026-09-13
Tennessee,TN,Weakley,$3.926,2026-09-13
Tennessee,TN,White,$3.939,2026-09-13
Tennessee,TN,Williamson,$4.072,2026-09-13
Tennessee,TN,Wilson,$3.825,2026-09-13
Texas,TX,Anderson,$3.829,2026-09-13
Texas,TX,Andrews,$3.920,2026-09-13
Texas,TX,Angelina,$3.842,2026-09-13
Texas,TX,Aransas,$3.872,2026-09-13
Texas,TX,Archer,$3.833,2026-09-13
Texas,TX,Armstrong,$3.899,2026-09-13
Texas,TX,Atascosa,$3.913,2026-09-13
Texas,TX,Austin,$3.830,2026-09-13
Texas,TX,Bailey,$3.933,2026-09-13
Texas,TX,Bandera,$3.979,2026-09-13
Texas,TX,Bastrop,$3.901,2026-09-13
Texas,TX,Baylor,$4.049,2026-09-13
Texas,TX,Bee,$3.979,2026-09-13
Texas,TX,Bell,$3.883,2026-09-13
Texas,TX,Bexar,$3.884,2026-09-13
Texas,TX,Blanco,$3.968,2026-09-13
Texas,TX,Borden,,2026-09-13
Texas,TX,Bosque,$3.884,2026-09-13
Texas,TX,Bowie,$3.853,2026-09-13
Texas,TX,Brazoria,$3.781,2026-09-13
Texas,TX,Brazos,$3.848,2026-09-13
Texas,TX,Brewster,$4.475,2026-09-13
Texas,TX,Briscoe,$3.989,2026-09-13
Texas,TX,Brooks,$3.879,2026-09-13
Texas,TX,Brown,$3.773,2026-09-13
Texas,TX,Burleson,$3.826,2026-09-13
Texas,TX,Burnet,$3.839,2026-09-13
Texas,TX,Caldwell,$3.858,2026-09-13
Texas,TX,Calhoun,$3.961,2026-09-13
Texas,TX,Callahan,$3.917,2026-09-13
Texas,TX,Cameron,$3.865,2026-09-13
Texas,TX,Camp,$3.793,2026-09-13
Texas,TX,Carson,$3.903,2026-09-13
Texas,TX,Cass,$3.833,2026-09-13
Texas,TX,Castro,$3.957,2026-09-13
Texas,TX,Chambers,$3.803,2026-09-13
Texas,TX,Cherokee,$3.829,2026-09-13
Texas,TX,Childress,$3.812,2026-09-13
Texas,TX,Clay,$3.898,2026-09-13
Texas,TX,Cochran,$3.912,2026-09-13
Texas,TX,Coke,$3.999,2026-09-13
Texas,TX,Coleman,$3.912,2026-09-13
Texas,TX,Collin,$3.860,2026-09-13
Texas,TX,Collingsworth,$3.989,2026-09-13
Texas,TX,Colorado,$3.877,2026-09-13
Texas,TX,Comal,$3.891,2026-09-13
Texas,TX,Comanche,$3.764,2026-09-13
Texas,TX,Concho,$4.039,2026-09-13
Texas,TX,Cooke,$3.930,2026-09-13
Texas,TX,Coryell,$3.861,2026-09-13
Texas,TX,Cottle,$4.099,2026-09-13
Texas,TX,Crane,$3.999,2026-09-13
Texas,TX,Crockett,$4.009,2026-09-13
Texas,TX,Crosby,$3.866,2026-09-13
Texas,TX,Culberson,$4.129,2026-09-13
Texas,TX,Dallam,$3.899,2026-09-13
Texas,TX,Dallas,$3.887,2026-09-13
Texas,TX,Dawson,$3.919,2026-09-13
Texas,TX,Deaf Smith,$3.796,2026-09-13
Texas,TX,Delta,$3.899,2026-09-13
Texas,TX,Denton,$3.862,2026-09-13
Texas,TX,De Witt,$3.923,2026-09-13
Texas,TX,Dickens,$4.079,2026-09-13
Texas,TX,Dimmit,$4.024,2026-09-13
Texas,TX,Donley,$3.899,2026-09-13
Texas,TX,Duval,$3.940,2026-09-13
Texas,TX,Eastland,$3.813,2026-09-13
Texas,TX,Ector,$3.906,2026-09-13
Texas,TX,Edwards,$4.099,2026-09-13
Texas,TX,El Paso,$4.173,2026-09-13
Texas,TX,Ellis,$3.867,2026-09-13
Texas,TX,Erath,$3.806,2026-09-13
Texas,TX,Falls,$3.914,2026-09-13
Texas,TX,Fannin,$3.840,2026-09-13
Texas,TX,Fayette,$3.888,2026-09-13
Texas,TX,Fisher,$3.949,2026-09-13
Texas,TX,Floyd,$3.899,2026-09-13
Texas,TX,Foard,$3.899,2026-09-13
Texas,TX,Fort Bend,$3.749,2026-09-13
Texas,TX,Franklin,$3.881,2026-09-13
Texas,TX,Freestone,$3.808,2026-09-13
Texas,TX,Frio,$3.992,2026-09-13
Texas,TX,Gaines,$3.967,2026-09-13
Texas,TX,Galveston,$3.784,2026-09-13
Texas,TX,Garza,$3.899,2026-09-13
Texas,TX,Gillespie,$3.989,2026-09-13
Texas,TX,Glasscock,$3.956,2026-09-13
Texas,TX,Goliad,$3.999,2026-09-13
Texas,TX,Gonzales,$3.855,2026-09-13
Texas,TX,Gray,$3.860,2026-09-13
Texas,TX,Grayson,$3.857,2026-09-13
Texas,TX,Gregg,$3.831,2026-09-13
Texas,TX,Grimes,$3.868,2026-09-13
Texas,TX,Guadalupe,$3.885,2026-09-13
Texas,TX,Hale,$3.853,2026-09-13
Texas,TX,Hall,$3.906,2026-09-13
Texas,TX,Hamilton,$3.783,2026-09-13
Texas,TX,Hansford,$3.942,2026-09-13
Texas,TX,Hardeman,$3.857,2026-09-13
Texas,TX,Hardin,$3.762,2026-09-13
Texas,TX,Harris,$3.751,2026-09-13
Texas,TX,Harrison,$3.894,2026-09-13
Texas,TX,Hartley,$3.849,2026-09-13
Texas,TX,Haskell,$3.862,2026-09-13
Texas,TX,Hays,$3.869,2026-09-13
Texas,TX,Hemphill,$4.074,2026-09-13
Texas,TX,Henderson,$3.834,2026-09-13
Texas,TX,Hidalgo,$3.861,2026-09-13
Texas,TX,Hill,$3.821,2026-09-13
Texas,TX,Hockley,$3.881,2026-09-13
Texas,TX,Hood,$3.940,2026-09-13
Texas,TX,Hopkins,$3.927,2026-09-13
Texas,TX,Houston,$3.902,2026-09-13
Texas,TX,Howard,$3.808,2026-09-13
Texas,TX,Hudspeth,$4.549,2026-09-13
Texas,TX,Hunt,$3.878,2026-09-13
Texas,TX,Hutchinson,$3.841,2026-09-13
Texas,TX,Irion,$3.886,2026-09-13
Texas,TX,Jack,$3.908,2026-09-13
Texas,TX,Jackson,$3.988,2026-09-13
Texas,TX,Jasper,$3.819,2026-09-13
Texas,TX,Jeff Davis,$4.269,2026-09-13
Texas,TX,Jefferson,$3.790,2026-09-13
Texas,TX,Jim Hogg,$3.869,2026-09-13
Texas,TX,Jim Wells,$3.915,2026-09-13
Texas,TX,Johnson,$3.840,2026-09-13
Texas,TX,Jones,$3.862,2026-09-13
Texas,TX,Karnes,$3.930,2026-09-13
Texas,TX,Kaufman,$3.889,2026-09-13
Texas,TX,Kendall,$3.936,2026-09-13
Texas,TX,Kenedy,,2026-09-13
Texas,TX,Kent,,2026-09-13
Texas,TX,Kerr,$3.968,2026-09-13
Texas,TX,Kimble,$3.830,2026-09-13
Texas,TX,King,$4.099,2026-09-13
Texas,TX,Kinney,$3.759,2026-09-13
Texas,TX,Kleberg,$3.913,2026-09-13
Texas,TX,Knox,$4.099,2026-09-13
Texas,TX,La Salle,$4.003,2026-09-13
Texas,TX,Lamar,$3.874,2026-09-13
Texas,TX,Lamb,$3.947,2026-09-13
Texas,TX,Lampasas,$3.897,2026-09-13
Texas,TX,Lavaca,$3.952,2026-09-13
Texas,TX,Lee,$3.835,2026-09-13
Texas,TX,Leon,$3.932,2026-09-13
Texas,TX,Liberty,$3.781,2026-09-13
Texas,TX,Limestone,$3.943,2026-09-13
Texas,TX,Lipscomb,$3.899,2026-09-13
Texas,TX,Live Oak,$3.973,2026-09-13
Texas,TX,Llano,$3.875,2026-09-13
Texas,TX,Loving,$4.329,2026-09-13
Texas,TX,Lubbock,$3.843,2026-09-13
Texas,TX,Lynn,$3.827,2026-09-13
Texas,TX,Madison,$3.869,2026-09-13
Texas,TX,Marion,$3.799,2026-09-13
Texas,TX,Martin,$4.085,2026-09-13
Texas,TX,Mason,$4.019,2026-09-13
Texas,TX,Matagorda,$3.756,2026-09-13
Texas,TX,Maverick,$3.982,2026-09-13
Texas,TX,McCulloch,$3.999,2026-09-13
Texas,TX,McLennan,$3.909,2026-09-13
Texas,TX,McMullen,$3.969,2026-09-13
Texas,TX,Medina,$3.900,2026-09-13
Texas,TX,Menard,$4.049,2026-09-13
Texas,TX,Midland,$3.913,2026-09-13
Texas,TX,Milam,$3.783,2026-09-13
Texas,TX,Mills,$3.899,2026-09-13
Texas,TX,Mitchell,$3.811,2026-09-13
Texas,TX,Montague,$3.953,2026-09-13
Texas,TX,Montgomery,$3.764,2026-09-13
Texas,TX,Moore,$3.862,2026-09-13
Texas,TX,Morris,$3.974,2026-09-13
Texas,TX,Motley,$4.099,2026-09-13
Texas,TX,Nacogdoches,$3.836,2026-09-13
Texas,TX,Navarro,$3.910,2026-09-13
Texas,TX,Newton,$3.921,2026-09-13
Texas,TX,Nolan,$3.854,2026-09-13
Texas,TX,Nueces,$3.873,2026-09-13
Texas,TX,Ochiltree,$3.915,2026-09-13
Texas,TX,Oldham,$4.243,2026-09-13
Texas,TX,Orange,$3.739,2026-09-13
Texas,TX,Palo Pinto,$3.937,2026-09-13
Texas,TX,Panola,$3.828,2026-09-13
Texas,TX,Parker,$3.867,2026-09-13
Texas,TX,Parmer,$4.012,2026-09-13
Texas,TX,Pecos,$3.931,2026-09-13
Texas,TX,Polk,$3.788,2026-09-13
Texas,TX,Potter,$3.804,2026-09-13
Texas,TX,Presidio,$4.291,2026-09-13
Texas,TX,Rains,$3.785,2026-09-13
Texas,TX,Randall,$3.793,2026-09-13
Texas,TX,Reagan,$3.999,2026-09-13
Texas,TX,Real,$4.029,2026-09-13
Texas,TX,Red River,$3.965,2026-09-13
Texas,TX,Reeves,$4.035,2026-09-13
Texas,TX,Refugio,$3.999,2026-09-13
Texas,TX,Roberts,$4.479,2026-09-13
Texas,TX,Robertson,$3.840,2026-09-13
Texas,TX,Rockwall,$3.868,2026-09-13
Texas,TX,Runnels,$3.922,2026-09-13
Texas,TX,Rusk,$3.819,2026-09-13
Texas,TX,Sabine,$3.883,2026-09-13
Texas,TX,San Augustine,$3.912,2026-09-13
Texas,TX,San Jacinto,$3.766,2026-09-13
Texas,TX,San Patricio,$3.907,2026-09-13
Texas,TX,San Saba,$3.995,2026-09-13
Texas,TX,Schleicher,$3.899,2026-09-13
Texas,TX,Scurry,$3.808,2026-09-13
Texas,TX,Shackelford,$3.767,2026-09-13
Texas,TX,Shelby,$3.910,2026-09-13
Texas,TX,Sherman,$3.849,2026-09-13
Texas,TX,Smith,$3.799,2026-09-13
Texas,TX,Somervell,$3.905,2026-09-13
Texas,TX,Starr,$3.915,2026-09-13
Texas,TX,Stephens,$3.772,2026-09-13
Texas,TX,Sterling,$3.999,2026-09-13
Texas,TX,Stonewall,$4.199,2026-09-13
Texas,TX,Sutton,$4.002,2026-09-13
Texas,TX,Swisher,$3.914,2026-09-13
Texas,TX,Tarrant,$3.869,2026-09-13
Texas,TX,Taylor,$3.787,2026-09-13
Texas,TX,Terrell,$4.279,2026-09-13
Texas,TX,Terry,$3.870,2026-09-13
Texas,TX,Throckmorton,$4.066,2026-09-13
Texas,TX,Titus,$3.917,2026-09-13
Texas,TX,Tom Green,$3.859,2026-09-13
Texas,TX,Travis,$3.896,2026-09-13
Texas,TX,Trinity,$3.769,2026-09-13
Texas,TX,Tyler,$3.726,2026-09-13
Texas,TX,Upshur,$3.836,2026-09-13
Texas,TX,Upton,$4.033,2026-09-13
Texas,TX,Uvalde,$3.961,2026-09-13
Texas,TX,Val Verde,$3.871,2026-09-13
Texas,TX,Van Zandt,$3.855,2026-09-13
Texas,TX,Victoria,$3.940,2026-09-13
Texas,TX,Walker,$3.793,2026-09-13
Texas,TX,Waller,$3.787,2026-09-13
Texas,TX,Ward,$4.035,2026-09-13
Texas,TX,Washington,$3.847,2026-09-13
Texas,TX,Webb,$3.884,2026-09-13
Texas,TX,Wharton,$3.735,2026-09-13
Texas,TX,Wheeler,$3.882,2026-09-13
Texas,TX,Wichita,$3.811,2026-09-13
Texas,TX,Wilbarger,$3.820,2026-09-13
Texas,TX,Willacy,$3.862,2026-09-13
Texas,TX,Williamson,$3.881,2026-09-13
Texas,TX,Wilson,$3.929,2026-09-13
Texas,TX,Winkler,$3.944,2026-09-13
Texas,TX,Wise,$3.886,2026-09-13
Texas,TX,Wood,$3.869,2026-09-13
Texas,TX,Yoakum,$3.978,2026-09-13
Texas,TX,Young,$3.955,2026-09-13
Texas,TX,Zapata,$3.937,2026-09-13
Texas,TX,Zavala,$3.954,2026-09-13
Utah,UT,Beaver,$4.820,2026-09-13
Utah,UT,Box Elder,$4.719,2026-09-13
Utah,UT,Cache,$4.645,2026-09-13
Utah,UT,Carbon,$4.742,2026-09-13
Utah,UT,Daggett,$4.599,2026-09-13
Utah,UT,Davis,$4.686,2026-09-13
Utah,UT,Duchesne,$4.833,2026-09-13
Utah,UT,Emery,$4.832,2026-09-13
Utah,UT,Garfield,$4.799,2026-09-13
Utah,UT,Grand,$4.825,2026-09-13
Utah,UT,Iron,$4.808,2026-09-13
Utah,UT,Juab,$4.623,2026-09-13
Utah,UT,Kane,$4.884,2026-09-13
Utah,UT,Millard,$4.747,2026-09-13
Utah,UT,Morgan,$4.799,2026-09-13
Utah,UT,Piute,$4.949,2026-09-13
Utah,UT,Rich,$5.001,2026-09-13
Utah,UT,Salt Lake,$4.648,2026-09-13
Utah,UT,San Juan,$4.731,2026-09-13
Utah,UT,Sanpete,$4.799,2026-09-13
Utah,UT,Sevier,$4.850,2026-09-13
Utah,UT,Summit,$4.817,2026-09-13
Utah,UT,Tooele,$4.703,2026-09-13
Utah,UT,Uintah,$4.769,2026-09-13
Utah,UT,Utah,$4.658,2026-09-13
Utah,UT,Wasatch,$4.748,2026-09-13
Utah,UT,Washington,$4.785,2026-09-13
Utah,UT,Wayne,$4.849,2026-09-13
Utah,UT,Weber,$4.639,2026-09-13
Vermont,VT,Addison,$4.362,2026-09-13
Vermont,VT,Bennington,$4.256,2026-09-13
Vermont,VT,Caledonia,$4.308,2026-09-13
Vermont,VT,Chittenden,$4.464,2026-09-13
Vermont,VT,Essex,$4.499,2026-09-13
Vermont,VT,Franklin,$4.487,2026-09-13
Vermont,VT,Grand Isle,$4.506,2026-09-13
Vermont,VT,Lamoille,$4.466,2026-09-13
Vermont,VT,Orange,$4.371,2026-09-13
Vermont,VT,Orleans,$4.364,2026-09-13
Vermont,VT,Rutland,$4.340,2026-09-13
Vermont,VT,Washington,$4.434,2026-09-13
Vermont,VT,Windham,$4.321,2026-09-13
Vermont,VT,Windsor,$4.391,2026-09-13
Virginia,VA,Accomack,$4.208,2026-09-13
Virginia,VA,Albemarle,$4.205,2026-09-13
Virginia,VA,Alexandria City,$4.222,2026-09-13
Virginia,VA,Alleghany,$3.979,2026-09-13
Virginia,VA,Amelia,$4.167,2026-09-13
Virginia,VA,Amherst,$4.122,2026-09-13
Virginia,VA,Appomattox,$4.036,2026-09-13
Virginia,VA,Arlington,$4.128,2026-09-13
Virginia,VA,Augusta,$4.125,2026-09-13
Virginia,VA,Bath,$4.124,2026-09-13
Virginia,VA,Bedford,$4.089,2026-09-13
Virginia,VA,Bedford City,$4.021,2026-09-13
Virginia,VA,Bland,$3.984,2026-09-13
Virginia,VA,Botetourt,$4.155,2026-09-13
Virginia,VA,Bristol,$4.024,2026-09-13
Virginia,VA,Brunswick,$3.958,2026-09-13
Virginia,VA,Buchanan,$3.909,2026-09-13
Virginia,VA,Buckingham,$4.040,2026-09-13
Virginia,VA,Buena Vista City,$4.171,2026-09-13
Virginia,VA,Campbell,$4.067,2026-09-13
Virginia,VA,Caroline,$4.076,2026-09-13
Virginia,VA,Carroll,$4.021,2026-09-13
Virginia,VA,Charles City,$4.254,2026-09-13
Virginia,VA,Charlotte,$4.155,2026-09-13
Virginia,VA,Charlottesville City,$4.192,2026-09-13
Virginia,VA,Chesapeake City,$4.163,2026-09-13
Virginia,VA,Chesterfield,$4.175,2026-09-13
Virginia,VA,Clarke,$4.163,2026-09-13
Virginia,VA,Clifton Forge City,$4.065,2026-09-13
Virginia,VA,Colonial Heights City,$4.159,2026-09-13
Virginia,VA,Covington City,$4.070,2026-09-13
Virginia,VA,Craig,$4.119,2026-09-13
Virginia,VA,Culpeper,$4.165,2026-09-13
Virginia,VA,Cumberland,$3.979,2026-09-13
Virginia,VA,Danville City,$3.973,2026-09-13
Virginia,VA,Dickenson,$4.019,2026-09-13
Virginia,VA,Dinwiddie,$3.999,2026-09-13
Virginia,VA,Emporia City,$3.937,2026-09-13
Virginia,VA,Essex,$4.163,2026-09-13
Virginia,VA,Fairfax,$4.221,2026-09-13
Virginia,VA,Fairfax City,$4.163,2026-09-13
Virginia,VA,Falls Church City,$4.184,2026-09-13
Virginia,VA,Fauquier,$4.202,2026-09-13
Virginia,VA,Floyd,$4.152,2026-09-13
Virginia,VA,Fluvanna,$4.204,2026-09-13
Virginia,VA,Franklin,$4.055,2026-09-13
Virginia,VA,Franklin City,$4.180,2026-09-13
Virginia,VA,Frederick,$4.131,2026-09-13
Virginia,VA,Fredericksburg City,$4.174,2026-09-13
Virginia,VA,Galax City,$4.010,2026-09-13
Virginia,VA,Giles,$4.108,2026-09-13
Virginia,VA,Gloucester,$4.150,2026-09-13
Virginia,VA,Goochland,$4.167,2026-09-13
Virginia,VA,Grayson,$4.013,2026-09-13
Virginia,VA,Greene,$4.193,2026-09-13
Virginia,VA,Greensville,$3.972,2026-09-13
Virginia,VA,Halifax,$4.128,2026-09-13
Virginia,VA,Hampton City,$4.154,2026-09-13
Virginia,VA,Hanover,$4.181,2026-09-13
Virginia,VA,Harrisonburg City,$4.127,2026-09-13
Virginia,VA,Henrico,$4.150,2026-09-13
Virginia,VA,Henry,$4.104,2026-09-13
Virginia,VA,Highland,$4.099,2026-09-13
Virginia,VA,Hopewell City,$4.112,2026-09-13
Virginia,VA,Isle of Wight,$4.215,2026-09-13
Virginia,VA,James City,$4.168,2026-09-13
Virginia,VA,King and Queen,$4.044,2026-09-13
Virginia,VA,King George,$4.137,2026-09-13
Virginia,VA,King William,$4.084,2026-09-13
Virginia,VA,Lancaster,$4.194,2026-09-13
Virginia,VA,Lee,$3.986,2026-09-13
Virginia,VA,Lexington City,$4.208,2026-09-13
Virginia,VA,Loudoun,$4.206,2026-09-13
Virginia,VA,Louisa,$4.158,2026-09-13
Virginia,VA,Lunenburg,$3.982,2026-09-13
Virginia,VA,Lynchburg City,$4.145,2026-09-13
Virginia,VA,Madison,$4.193,2026-09-13
Virginia,VA,Manassas City,$4.188,2026-09-13
Virginia,VA,Manassas Park City,,2026-09-13
Virginia,VA,Martinsville City,$4.120,2026-09-13
Virginia,VA,Mathews,$4.182,2026-09-13
Virginia,VA,Mecklenburg,$3.978,2026-09-13
Virginia,VA,Middlesex,$4.097,2026-09-13
Virginia,VA,Montgomery,$4.177,2026-09-13
Virginia,VA,Nelson,$4.294,2026-09-13
Virginia,VA,New Kent,$4.171,2026-09-13
Virginia,VA,Newport News City,$4.170,2026-09-13
Virginia,VA,Norfolk City,$4.173,2026-09-13
Virginia,VA,Northampton,$4.251,2026-09-13
Virginia,VA,Northumberland,$4.163,2026-09-13
Virginia,VA,Norton City,$4.039,2026-09-13
Virginia,VA,Nottoway,$4.013,2026-09-13
Virginia,VA,Orange,$4.214,2026-09-13
Virginia,VA,Page,$4.192,2026-09-13
Virginia,VA,Patrick,$4.094,2026-09-13
Virginia,VA,Petersburg City,$4.075,2026-09-13
Virginia,VA,Pittsylvania,$4.094,2026-09-13
Virginia,VA,Poquoson City,$4.199,2026-09-13
Virginia,VA,Portsmouth City,$4.162,2026-09-13
Virginia,VA,Powhatan,$4.017,2026-09-13
Virginia,VA,Prince Edward,$4.096,2026-09-13
Virginia,VA,Prince George,$4.144,2026-09-13
Virginia,VA,Prince William,$4.194,2026-09-13
Virginia,VA,Pulaski,$4.001,2026-09-13
Virginia,VA,Radford City,$4.135,2026-09-13
Virginia,VA,Rappahannock,$4.149,2026-09-13
Virginia,VA,Richmond,$4.176,2026-09-13
Virginia,VA,Richmond City,$4.175,2026-09-13
Virginia,VA,Roanoke,$4.085,2026-09-13
Virginia,VA,Roanoke City,$4.046,2026-09-13
Virginia,VA,Rockbridge,$4.148,2026-09-13
Virginia,VA,Rockingham,$4.127,2026-09-13
Virginia,VA,Russell,$4.101,2026-09-13
Virginia,VA,Salem,$4.152,2026-09-13
Virginia,VA,Scott,$4.102,2026-09-13
Virginia,VA,Shenandoah,$4.186,2026-09-13
Virginia,VA,Smyth,$4.060,2026-09-13
Virginia,VA,Southampton,$4.111,2026-09-13
Virginia,VA,Spotsylvania,$4.190,2026-09-13
Virginia,VA,Stafford,$4.191,2026-09-13
Virginia,VA,Staunton City,$4.104,2026-09-13
Virginia,VA,Suffolk City,$4.178,2026-09-13
Virginia,VA,Surry,$4.229,2026-09-13
Virginia,VA,Sussex,$4.156,2026-09-13
Virginia,VA,Tazewell,$4.113,2026-09-13
Virginia,VA,Virginia Beach City,$4.172,2026-09-13
Virginia,VA,Warren,$4.128,2026-09-13
Virginia,VA,Washington,$4.061,2026-09-13
Virginia,VA,Waynesboro City,$4.165,2026-09-13
Virginia,VA,Westmoreland,$4.177,2026-09-13
Virginia,VA,Williamsburg City,,2026-09-13
Virginia,VA,Winchester City,$4.141,2026-09-13
Virginia,VA,Wise,$4.038,2026-09-13
Virginia,VA,Wythe,$3.997,2026-09-13
Virginia,VA,York,$4.180,2026-09-13
Washington,WA,Adams,$5.487,2026-09-13
Washington,WA,Asotin,$5.199,2026-09-13
Washington,WA,Benton,$5.380,2026-09-13
Washington,WA,Chelan,$5.537,2026-09-13
Washington,WA,Clallam,$5.767,2026-09-13
Washington,WA,Clark,$5.449,2026-09-13
Washington,WA,Columbia,$5.599,2026-09-13
Washington,WA,Cowlitz,$5.469,2026-09-13
Washington,WA,Douglas,$5.474,2026-09-13
Washington,WA,Ferry,$5.463,2026-09-13
Washington,WA,Franklin,$5.328,2026-09-13
Washington,WA,Garfield,$5.602,2026-09-13
Washington,WA,Grant,$5.476,2026-09-13
Washington,WA,Grays Harbor,$5.746,2026-09-13
Washington,WA,Island,$5.462,2026-09-13
Washington,WA,Jefferson,$5.941,2026-09-13
Washington,WA,King,$5.775,2026-09-13
Washington,WA,Kitsap,$5.625,2026-09-13
Washington,WA,Kittitas,$5.465,2026-09-13
Washington,WA,Klickitat,$5.676,2026-09-13
Washington,WA,Lewis,$5.572,2026-09-13
Washington,WA,Lincoln,$5.423,2026-09-13
Washington,WA,Mason,$5.597,2026-09-13
Washington,WA,Okanogan,$5.557,2026-09-13
Washington,WA,Pacific,$5.939,2026-09-13
Washington,WA,Pend Oreille,$5.405,2026-09-13
Washington,WA,Pierce,$5.595,2026-09-13
Washington,WA,San Juan,$6.429,2026-09-13
Washington,WA,Skagit,$5.349,2026-09-13
Washington,WA,Skamania,$5.799,2026-09-13
Washington,WA,Snohomish,$5.568,2026-09-13
Washington,WA,Spokane,$5.311,2026-09-13
Washington,WA,Stevens,$5.417,2026-09-13
Washington,WA,Thurston,$5.500,2026-09-13
Washington,WA,Wahkiakum,$5.999,2026-09-13
Washington,WA,Walla Walla,$5.523,2026-09-13
Washington,WA,Whatcom,$5.395,2026-09-13
Washington,WA,Whitman,$5.490,2026-09-13
Washington,WA,Yakima,$5.367,2026-09-13
West Virginia,WV,Barbour,$3.987,2026-09-13
West Virginia,WV,Berkeley,$4.131,2026-09-13
West Virginia,WV,Boone,$4.034,2026-09-13
West Virginia,WV,Braxton,$3.909,2026-09-13
West Virginia,WV,Brooke,$4.072,2026-09-13
West Virginia,WV,Cabell,$4.182,2026-09-13
West Virginia,WV,Calhoun,$4.119,2026-09-13
West Virginia,WV,Clay,$4.016,2026-09-13
West Virginia,WV,Doddridge,$4.092,2026-09-13
West Virginia,WV,Fayette,$4.154,2026-09-13
West Virginia,WV,Gilmer,$3.969,2026-09-13
West Virginia,WV,Grant,$4.159,2026-09-13
West Virginia,WV,Greenbrier,$3.894,2026-09-13
West Virginia,WV,Hampshire,$4.197,2026-09-13
West Virginia,WV,Hancock,$4.021,2026-09-13
West Virginia,WV,Hardy,$4.177,2026-09-13
West Virginia,WV,Harrison,$4.187,2026-09-13
West Virginia,WV,Jackson,$4.110,2026-09-13
West Virginia,WV,Jefferson,$4.197,2026-09-13
West Virginia,WV,Kanawha,$4.184,2026-09-13
West Virginia,WV,Lewis,$4.157,2026-09-13
West Virginia,WV,Lincoln,$4.199,2026-09-13
West Virginia,WV,Logan,$4.192,2026-09-13
West Virginia,WV,Marion,$4.107,2026-09-13
West Virginia,WV,Marshall,$3.832,2026-09-13
West Virginia,WV,Mason,$4.119,2026-09-13
West Virginia,WV,McDowell,$4.062,2026-09-13
West Virginia,WV,Mercer,$4.103,2026-09-13
West Virginia,WV,Mineral,$4.154,2026-09-13
West Virginia,WV,Mingo,$4.152,2026-09-13
West Virginia,WV,Monongalia,$4.180,2026-09-13
West Virginia,WV,Monroe,$3.979,2026-09-13
West Virginia,WV,Morgan,$4.166,2026-09-13
West Virginia,WV,Nicholas,$4.177,2026-09-13
West Virginia,WV,Ohio,$4.130,2026-09-13
West Virginia,WV,Pendleton,$4.199,2026-09-13
West Virginia,WV,Pleasants,$3.979,2026-09-13
West Virginia,WV,Pocahontas,$4.070,2026-09-13
West Virginia,WV,Preston,$4.173,2026-09-13
West Virginia,WV,Putnam,$4.182,2026-09-13
West Virginia,WV,Raleigh,$4.194,2026-09-13
West Virginia,WV,Randolph,$4.000,2026-09-13
West Virginia,WV,Ritchie,$4.126,2026-09-13
West Virginia,WV,Roane,$4.079,2026-09-13
West Virginia,WV,Summers,$4.035,2026-09-13
West Virginia,WV,Taylor,$4.175,2026-09-13
West Virginia,WV,Tucker,$4.179,2026-09-13
West Virginia,WV,Tyler,$4.119,2026-09-13
West Virginia,WV,Upshur,$4.216,2026-09-13
West Virginia,WV,Wayne,$4.183,2026-09-13
West Virginia,WV,Webster,$4.049,2026-09-13
West Virginia,WV,Wetzel,$4.151,2026-09-13
West Virginia,WV,Wirt,$4.199,2026-09-13
West Virginia,WV,Wood,$4.206,2026-09-13
West Virginia,WV,Wyoming,$3.973,2026-09-13
Wisconsin,WI,Adams,$4.197,2026-09-13
Wisconsin,WI,Ashland,$4.251,2026-09-13
Wisconsin,WI,Barron,$4.259,2026-09-13
Wisconsin,WI,Bayfield,$4.287,2026-09-13
Wisconsin,WI,Brown,$4.194,2026-09-13
Wisconsin,WI,Buffalo,$4.133,2026-09-13
Wisconsin,WI,Burnett,$4.085,2026-09-13
Wisconsin,WI,Calumet,$4.228,2026-09-13
Wisconsin,WI,Chippewa,$4.199,2026-09-13
Wisconsin,WI,Clark,$4.202,2026-09-13
Wisconsin,WI,Columbia,$4.093,2026-09-13
Wisconsin,WI,Crawford,$4.099,2026-09-13
Wisconsin,WI,Dane,$4.010,2026-09-13
Wisconsin,WI,Dodge,$4.097,2026-09-13
Wisconsin,WI,Door,$4.175,2026-09-13
Wisconsin,WI,Douglas,$4.257,2026-09-13
Wisconsin,WI,Dunn,$4.261,2026-09-13
Wisconsin,WI,Eau Claire,$4.256,2026-09-13
Wisconsin,WI,Florence,$4.169,2026-09-13
Wisconsin,WI,Fond du Lac,$4.095,2026-09-13
Wisconsin,WI,Forest,$4.117,2026-09-13
Wisconsin,WI,Grant,$4.089,2026-09-13
Wisconsin,WI,Green,$4.143,2026-09-13
Wisconsin,WI,Green Lake,$4.150,2026-09-13
Wisconsin,WI,Iowa,$4.070,2026-09-13
Wisconsin,WI,Iron,$4.194,2026-09-13
Wisconsin,WI,Jackson,$4.211,2026-09-13
Wisconsin,WI,Jefferson,$4.082,2026-09-13
Wisconsin,WI,Juneau,$4.042,2026-09-13
Wisconsin,WI,Kenosha,$3.944,2026-09-13
Wisconsin,WI,Kewaunee,$4.194,2026-09-13
Wisconsin,WI,La Crosse,$4.180,2026-09-13
Wisconsin,WI,Lafayette,$4.101,2026-09-13
Wisconsin,WI,Langlade,$4.192,2026-09-13
Wisconsin,WI,Lincoln,$4.165,2026-09-13
Wisconsin,WI,Manitowoc,$4.146,2026-09-13
Wisconsin,WI,Marathon,$4.220,2026-09-13
Wisconsin,WI,Marinette,$4.119,2026-09-13
Wisconsin,WI,Marquette,$4.187,2026-09-13
Wisconsin,WI,Menominee,$4.299,2026-09-13
Wisconsin,WI,Milwaukee,$3.980,2026-09-13
Wisconsin,WI,Monroe,$4.211,2026-09-13
Wisconsin,WI,Oconto,$4.164,2026-09-13
Wisconsin,WI,Oneida,$4.235,2026-09-13
Wisconsin,WI,Outagamie,$4.078,2026-09-13
Wisconsin,WI,Ozaukee,$4.076,2026-09-13
Wisconsin,WI,Pepin,$4.174,2026-09-13
Wisconsin,WI,Pierce,$4.196,2026-09-13
Wisconsin,WI,Polk,$4.186,2026-09-13
Wisconsin,WI,Portage,$4.258,2026-09-13
Wisconsin,WI,Price,$4.238,2026-09-13
Wisconsin,WI,Racine,$3.966,2026-09-13
Wisconsin,WI,Richland,$3.990,2026-09-13
Wisconsin,WI,Rock,$4.130,2026-09-13
Wisconsin,WI,Rusk,$4.220,2026-09-13
Wisconsin,WI,Sauk,$4.052,2026-09-13
Wisconsin,WI,Sawyer,$4.243,2026-09-13
Wisconsin,WI,Shawano,$4.098,2026-09-13
Wisconsin,WI,Sheboygan,$4.053,2026-09-13
Wisconsin,WI,Saint Croix,$4.223,2026-09-13
Wisconsin,WI,Taylor,$4.144,2026-09-13
Wisconsin,WI,Trempealeau,$4.162,2026-09-13
Wisconsin,WI,Vernon,$4.151,2026-09-13
Wisconsin,WI,Vilas,$4.246,2026-09-13
Wisconsin,WI,Walworth,$4.101,2026-09-13
Wisconsin,WI,Washburn,$4.230,2026-09-13
Wisconsin,WI,Washington,$4.052,2026-09-13
Wisconsin,WI,Waukesha,$3.984,2026-09-13
Wisconsin,WI,Waupaca,$4.197,2026-09-13
Wisconsin,WI,Waushara,$4.284,2026-09-13
Wisconsin,WI,Winnebago,$4.096,2026-09-13
Wisconsin,WI,Wood,$4.194,2026-09-13
Wyoming,WY,Albany,$4.347,2026-09-13
Wyoming,WY,Big Horn,$4.432,2026-09-13
Wyoming,WY,Campbell,$4.266,2026-09-13
Wyoming,WY,Carbon,$4.448,2026-09-13
Wyoming,WY,Converse,$4.276,2026-09-13
Wyoming,WY,Crook,$4.282,2026-09-13
Wyoming,WY,Fremont,$4.604,2026-09-13
Wyoming,WY,Goshen,$4.177,2026-09-13
Wyoming,WY,Hot Springs,$4.459,2026-09-13
Wyoming,WY,Johnson,$4.503,2026-09-13
Wyoming,WY,Laramie,$4.320,2026-09-13
Wyoming,WY,Lincoln,$4.716,2026-09-13
Wyoming,WY,Natrona,$4.214,2026-09-13
Wyoming,WY,Niobrara,$4.274,2026-09-13
Wyoming,WY,Park,$4.802,2026-09-13
Wyoming,WY,Platte,$4.788,2026-09-13
Wyoming,WY,Sheridan,$4.484,2026-09-13
Wyoming,WY,Sublette,$4.600,2026-09-13
Wyoming,WY,Sweetwater,$4.477,2026-09-13
Wyoming,WY,Teton,$4.903,2026-09-13
Wyoming,WY,Uinta,$4.622,2026-09-13
Wyoming,WY,Washakie,$4.364,2026-09-13
Wyoming,WY,Weston,$4.338,2026-09-13
