state,abbreviation,name,price,date
Alabama,AL,Autauga,$4.076,2026-09-24
Alabama,AL,Baldwin,$4.049,2026-09-24
Alabama,AL,Barbour,$4.089,2026-09-24
Alabama,AL,Bibb,$4.075,2026-09-24
Alabama,AL,Blount,$4.076,2026-09-24
Alabama,AL,Bullock,$4.096,2026-09-24
Alabama,AL,Butler,$4.081,2026-09-24
Alabama,AL,Calhoun,$4.063,2026-09-24
Alabama,AL,Chambers,$4.096,2026-09-24
Alabama,AL,Cherokee,$4.093,2026-09-24
Alabama,AL,Chilton,$4.104,2026-09-24
Alabama,AL,Choctaw,$4.206,2026-09-24
Alabama,AL,Clarke,$4.188,2026-09-24
Alabama,AL,Clay,$4.059,2026-09-24
Alabama,AL,Cleburne,$4.108,2026-09-24
Alabama,AL,Coffee,$4.024,2026-09-24
Alabama,AL,Colbert,$4.146,2026-09-24
Alabama,AL,Conecuh,$4.119,2026-09-24
Alabama,AL,Coosa,$4.081,2026-09-24
Alabama,AL,Covington,$4.083,2026-09-24
Alabama,AL,Crenshaw,$4.084,2026-09-24
Alabama,AL,Cullman,$4.060,2026-09-24
Alabama,AL,Dale,$4.085,2026-09-24
Alabama,AL,Dallas,$4.118,2026-09-24
Alabama,AL,De Kalb,$4.101,2026-09-24
Alabama,AL,Elmore,$4.091,2026-09-24
Alabama,AL,Escambia,$4.143,2026-09-24
Alabama,AL,Etowah,$4.057,2026-09-24
Alabama,AL,Fayette,$4.238,2026-09-24
Alabama,AL,Franklin,$4.128,2026-09-24
Alabama,AL,Geneva,$4.082,2026-09-24
Alabama,AL,Greene,$4.273,2026-09-24
Alabama,AL,Hale,$4.130,2026-09-24
Alabama,AL,Henry,$4.070,2026-09-24
Alabama,AL,Houston,$4.092,2026-09-24
Alabama,AL,Jackson,$4.115,2026-09-24
Alabama,AL,Jefferson,$4.076,2026-09-24
Alabama,AL,Lamar,$4.141,2026-09-24
Alabama,AL,Lauderdale,$4.176,2026-09-24
Alabama,AL,Lawrence,$4.097,2026-09-24
Alabama,AL,Lee,$4.064,2026-09-24
Alabama,AL,Limestone,$4.107,2026-09-24
Alabama,AL,Lowndes,$4.099,2026-09-24
Alabama,AL,Macon,$4.139,2026-09-24
Alabama,AL,Madison,$4.101,2026-09-24
Alabama,AL,Marengo,$4.129,2026-09-24
Alabama,AL,Marion,$4.126,2026-09-24
Alabama,AL,Marshall,$4.063,2026-09-24
Alabama,AL,Mobile,$4.039,2026-09-24
Alabama,AL,Monroe,$4.069,2026-09-24
Alabama,AL,Montgomery,$4.097,2026-09-24
Alabama,AL,Morgan,$4.080,2026-09-24
Alabama,AL,Perry,$4.232,2026-09-24
Alabama,AL,Pickens,$4.101,2026-09-24
Alabama,AL,Pike,$4.120,2026-09-24
Alabama,AL,Randolph,$4.141,2026-09-24
Alabama,AL,Russell,$4.091,2026-09-24
Alabama,AL,Shelby,$4.078,2026-09-24
Alabama,AL,Saint Clair,$4.055,2026-09-24
Alabama,AL,Sumter,$4.284,2026-09-24
Alabama,AL,Talladega,$4.065,2026-09-24
Alabama,AL,Tallapoosa,$4.089,2026-09-24
Alabama,AL,Tuscaloosa,$4.076,2026-09-24
Alabama,AL,Walker,$4.031,2026-09-24
Alabama,AL,Washington,$4.157,2026-09-24
Alabama,AL,Wilcox,$4.274,2026-09-24
Alabama,AL,Winston,$4.140,2026-09-24
Alaska,AK,Aleutians East,,2026-09-24
Alaska,AK,Aleutians West,$5.649,2026-09-24
Alaska,AK,Anchorage,$5.071,2026-09-24
Alaska,AK,Bethel,,2026-09-24
Alaska,AK,Bristol Bay,,2026-09-24
Alaska,AK,Denali,$5.386,2026-09-24
Alaska,AK,Dillingham,,2026-09-24
Alaska,AK,Fairbanks North Star,$5.081,2026-09-24
Alaska,AK,Haines,,2026-09-24
Alaska,AK,Juneau,$4.775,2026-09-24
Alaska,AK,Kenai Peninsula,$5.112,2026-09-24
Alaska,AK,Ketchikan Gateway,$4.719,2026-09-24
Alaska,AK,Kodiak Island,$5.779,2026-09-24
Alaska,AK,Matanuska Susitna,$4.943,2026-09-24
Alaska,AK,Nome,,2026-09-24
Alaska,AK,North Slope,,2026-09-24
Alaska,AK,Northwest Arctic,,2026-09-24
Alaska,AK,Lake and Peninsula,,2026-09-24
Alaska,AK,Prince Wales Ketchikan,$5.766,2026-09-24
Alaska,AK,Sitka,$5.054,2026-09-24
Alaska,AK,Skagway Hoonah Angoon,,2026-09-24
Alaska,AK,Southeast Fairbanks,$5.146,2026-09-24
Alaska,AK,Valdez Cordova,$5.428,2026-09-24
Alaska,AK,Wade Hampton,,2026-09-24
Alaska,AK,Wrangell Petersburg,,2026-09-24
Alaska,AK,Yakutat,,2026-09-24
Alaska,AK,Yukon Koyukuk,$5.369,2026-09-24
Arizona,AZ,Apache,$4.791,2026-09-24
Arizona,AZ,Cochise,$4.468,2026-09-24
Arizona,AZ,Coconino,$4.868,2026-09-24
Arizona,AZ,Gila,$4.559,2026-09-24
Arizona,AZ,Graham,$4.729,2026-09-24
Arizona,AZ,Greenlee,$4.657,2026-09-24
Arizona,AZ,La Paz,$4.636,2026-09-24
Arizona,AZ,Maricopa,$4.871,2026-09-24
Arizona,AZ,Mohave,$4.862,2026-09-24
Arizona,AZ,Navajo,$4.642,2026-09-24
Arizona,AZ,Pima,$4.624,2026-09-24
Arizona,AZ,Pinal,$4.650,2026-09-24
Arizona,AZ,Santa Cruz,$4.708,2026-09-24
Arizona,AZ,Yavapai,$4.755,2026-09-24
Arizona,AZ,Yuma,$4.668,2026-09-24
Arkansas,AR,Arkansas,$4.041,2026-09-24
Arkansas,AR,Ashley,$4.062,2026-09-24
Arkansas,AR,Baxter,$4.094,2026-09-24
Arkansas,AR,Benton,$4.113,2026-09-24
Arkansas,AR,Boone,$4.250,2026-09-24
Arkansas,AR,Bradley,$3.975,2026-09-24
Arkansas,AR,Calhoun,$4.099,2026-09-24
Arkansas,AR,Carroll,$4.157,2026-09-24
Arkansas,AR,Chicot,$3.973,2026-09-24
Arkansas,AR,Clark,$4.076,2026-09-24
Arkansas,AR,Clay,$4.171,2026-09-24
Arkansas,AR,Cleburne,$4.091,2026-09-24
Arkansas,AR,Cleveland,$4.049,2026-09-24
Arkansas,AR,Columbia,$4.191,2026-09-24
Arkansas,AR,Conway,$4.076,2026-09-24
Arkansas,AR,Craighead,$3.977,2026-09-24
Arkansas,AR,Crawford,$4.129,2026-09-24
Arkansas,AR,Crittenden,$4.070,2026-09-24
Arkansas,AR,Cross,$4.091,2026-09-24
Arkansas,AR,Dallas,$4.132,2026-09-24
Arkansas,AR,Desha,$4.185,2026-09-24
Arkansas,AR,Drew,$4.150,2026-09-24
Arkansas,AR,Faulkner,$3.975,2026-09-24
Arkansas,AR,Franklin,$4.137,2026-09-24
Arkansas,AR,Fulton,$4.201,2026-09-24
Arkansas,AR,Garland,$3.973,2026-09-24
Arkansas,AR,Grant,$4.056,2026-09-24
Arkansas,AR,Greene,$3.876,2026-09-24
Arkansas,AR,Hempstead,$4.141,2026-09-24
Arkansas,AR,Hot Spring,$4.013,2026-09-24
Arkansas,AR,Howard,$4.193,2026-09-24
Arkansas,AR,Independence,$4.041,2026-09-24
Arkansas,AR,Izard,$4.129,2026-09-24
Arkansas,AR,Jackson,$4.051,2026-09-24
Arkansas,AR,Jefferson,$3.992,2026-09-24
Arkansas,AR,Johnson,$4.139,2026-09-24
Arkansas,AR,Lafayette,$4.219,2026-09-24
Arkansas,AR,Lawrence,$4.174,2026-09-24
Arkansas,AR,Lee,$4.224,2026-09-24
Arkansas,AR,Lincoln,$4.124,2026-09-24
Arkansas,AR,Little River,$4.111,2026-09-24
Arkansas,AR,Logan,$4.230,2026-09-24
Arkansas,AR,Lonoke,$3.976,2026-09-24
Arkansas,AR,Madison,$4.159,2026-09-24
Arkansas,AR,Marion,$4.157,2026-09-24
Arkansas,AR,Miller,$4.056,2026-09-24
Arkansas,AR,Mississippi,$4.099,2026-09-24
Arkansas,AR,Monroe,$4.023,2026-09-24
Arkansas,AR,Montgomery,$4.459,2026-09-24
Arkansas,AR,Nevada,$4.027,2026-09-24
Arkansas,AR,Newton,$4.174,2026-09-24
Arkansas,AR,Ouachita,$4.122,2026-09-24
Arkansas,AR,Perry,$4.055,2026-09-24
Arkansas,AR,Phillips,$4.183,2026-09-24
Arkansas,AR,Pike,$4.079,2026-09-24
Arkansas,AR,Poinsett,$4.057,2026-09-24
Arkansas,AR,Polk,$4.113,2026-09-24
Arkansas,AR,Pope,$4.184,2026-09-24
Arkansas,AR,Prairie,$3.955,2026-09-24
Arkansas,AR,Pulaski,$3.987,2026-09-24
Arkansas,AR,Randolph,$4.157,2026-09-24
Arkansas,AR,Saline,$4.000,2026-09-24
Arkansas,AR,Scott,$4.032,2026-09-24
Arkansas,AR,Searcy,$4.113,2026-09-24
Arkansas,AR,Sebastian,$4.080,2026-09-24
Arkansas,AR,Sevier,$4.275,2026-09-24
Arkansas,AR,Sharp,$4.011,2026-09-24
Arkansas,AR,Saint Francis,$4.061,2026-09-24
Arkansas,AR,Stone,$4.229,2026-09-24
Arkansas,AR,Union,$4.077,2026-09-24
Arkansas,AR,Van Buren,$3.961,2026-09-24
Arkansas,AR,Washington,$4.151,2026-09-24
Arkansas,AR,White,$3.996,2026-09-24
Arkansas,AR,Woodruff,$4.032,2026-09-24
Arkansas,AR,Yell,$4.093,2026-09-24
California,CA,Alameda,$6.317,2026-09-24
California,CA,Alpine,,2026-09-24
California,CA,Amador,$6.118,2026-09-24
California,CA,Butte,$5.987,2026-09-24
California,CA,Calaveras,$6.182,2026-09-24
California,CA,Colusa,$6.152,2026-09-24
California,CA,Contra Costa,$6.255,2026-09-24
California,CA,Del Norte,$6.144,2026-09-24
California,CA,El Dorado,$6.224,2026-09-24
California,CA,Fresno,$6.254,2026-09-24
California,CA,Glenn,$6.194,2026-09-24
California,CA,Humboldt,$6.631,2026-09-24
California,CA,Imperial,$5.989,2026-09-24
California,CA,Inyo,$6.412,2026-09-24
California,CA,Kern,$6.173,2026-09-24
California,CA,Kings,$6.189,2026-09-24
California,CA,Lake,$6.262,2026-09-24
California,CA,Lassen,$6.022,2026-09-24
California,CA,Los Angeles,$6.284,2026-09-24
California,CA,Madera,$6.219,2026-09-24
California,CA,Marin,$6.437,2026-09-24
California,CA,Mariposa,$6.366,2026-09-24
California,CA,Mendocino,$6.233,2026-09-24
California,CA,Merced,$6.108,2026-09-24
California,CA,Modoc,$6.122,2026-09-24
California,CA,Mono,$7.094,2026-09-24
California,CA,Monterey,$6.436,2026-09-24
California,CA,Napa,$6.416,2026-09-24
California,CA,Nevada,$6.402,2026-09-24
California,CA,Orange,$6.264,2026-09-24
California,CA,Placer,$6.259,2026-09-24
California,CA,Plumas,$6.174,2026-09-24
California,CA,Riverside,$6.176,2026-09-24
California,CA,Sacramento,$6.135,2026-09-24
California,CA,San Benito,$6.283,2026-09-24
California,CA,San Bernardino,$6.166,2026-09-24
California,CA,San Diego,$6.286,2026-09-24
California,CA,San Francisco,$6.370,2026-09-24
California,CA,San Joaquin,$6.098,2026-09-24
California,CA,San Luis Obispo,$6.436,2026-09-24
California,CA,San Mateo,$6.425,2026-09-24
California,CA,Santa Barbara,$6.227,2026-09-24
California,CA,Santa Clara,$6.233,2026-09-24
California,CA,Santa Cruz,$6.215,2026-09-24
California,CA,Shasta,$5.993,2026-09-24
California,CA,Sierra,$6.424,2026-09-24
California,CA,Siskiyou,$6.369,2026-09-24
California,CA,Solano,$6.187,2026-09-24
California,CA,Sonoma,$6.471,2026-09-24
California,CA,Stanislaus,$6.045,2026-09-24
California,CA,Sutter,$5.968,2026-09-24
California,CA,Tehama,$5.936,2026-09-24
California,CA,Trinity,$6.172,2026-09-24
California,CA,Tulare,$6.217,2026-09-24
California,CA,Tuolumne,$6.069,2026-09-24
California,CA,Ventura,$6.217,2026-09-24
California,CA,Yolo,$6.178,2026-09-24
California,CA,Yuba,$6.005,2026-09-24
Colorado,CO,Adams,$4.142,2026-09-24
Colorado,CO,Alamosa,$4.221,2026-09-24
Colorado,CO,Arapahoe,$4.197,2026-09-24
Colorado,CO,Archuleta,$4.684,2026-09-24
Colorado,CO,Baca,$4.215,2026-09-24
Colorado,CO,Bent,$4.092,2026-09-24
Colorado,CO,Boulder,$4.368,2026-09-24
Colorado,CO,Broomfield,$4.175,2026-09-24
Colorado,CO,Chaffee,$4.521,2026-09-24
Colorado,CO,Cheyenne,$4.099,2026-09-24
Colorado,CO,Clear Creek,$4.599,2026-09-24
Colorado,CO,Conejos,$4.349,2026-09-24
Colorado,CO,Costilla,$4.459,2026-09-24
Colorado,CO,Crowley,$4.099,2026-09-24
Colorado,CO,Custer,$4.299,2026-09-24
Colorado,CO,Delta,$4.647,2026-09-24
Colorado,CO,Denver,$4.256,2026-09-24
Colorado,CO,Dolores,$4.746,2026-09-24
Colorado,CO,Douglas,$4.272,2026-09-24
Colorado,CO,Eagle,$4.861,2026-09-24
Colorado,CO,El Paso,$4.200,2026-09-24
Colorado,CO,Elbert,$4.407,2026-09-24
Colorado,CO,Fremont,$4.274,2026-09-24
Colorado,CO,Garfield,$4.837,2026-09-24
Colorado,CO,Gilpin,$4.499,2026-09-24
Colorado,CO,Grand,$4.727,2026-09-24
Colorado,CO,Gunnison,$4.523,2026-09-24
Colorado,CO,Hinsdale,$5.849,2026-09-24
Colorado,CO,Huerfano,$4.256,2026-09-24
Colorado,CO,Jackson,$4.899,2026-09-24
Colorado,CO,Jefferson,$4.250,2026-09-24
Colorado,CO,Kiowa,$4.111,2026-09-24
Colorado,CO,Kit Carson,$4.211,2026-09-24
Colorado,CO,La Plata,$4.783,2026-09-24
Colorado,CO,Lake,$4.627,2026-09-24
Colorado,CO,Larimer,$4.285,2026-09-24
Colorado,CO,Las Animas,$4.277,2026-09-24
Colorado,CO,Lincoln,$4.139,2026-09-24
Colorado,CO,Logan,$4.438,2026-09-24
Colorado,CO,Mesa,$4.474,2026-09-24
Colorado,CO,Mineral,$4.799,2026-09-24
Colorado,CO,Moffat,$4.677,2026-09-24
Colorado,CO,Montezuma,$4.557,2026-09-24
Colorado,CO,Montrose,$4.720,2026-09-24
Colorado,CO,Morgan,$4.352,2026-09-24
Colorado,CO,Otero,$4.175,2026-09-24
Colorado,CO,Ouray,$4.991,2026-09-24
Colorado,CO,Park,$4.529,2026-09-24
Colorado,CO,Phillips,$5.056,2026-09-24
Colorado,CO,Pitkin,$5.785,2026-09-24
Colorado,CO,Prowers,$4.147,2026-09-24
Colorado,CO,Pueblo,$4.146,2026-09-24
Colorado,CO,Rio Blanco,$4.694,2026-09-24
Colorado,CO,Rio Grande,$4.384,2026-09-24
Colorado,CO,Routt,$4.985,2026-09-24
Colorado,CO,Saguache,$4.549,2026-09-24
Colorado,CO,San Juan,$4.999,2026-09-24
Colorado,CO,San Miguel,$5.096,2026-09-24
Colorado,CO,Sedgwick,$5.199,2026-09-24
Colorado,CO,Summit,$4.710,2026-09-24
Colorado,CO,Teller,$4.405,2026-09-24
Colorado,CO,Washington,$4.431,2026-09-24
Colorado,CO,Weld,$4.151,2026-09-24
Colorado,CO,Yuma,$4.469,2026-09-24
Connecticut,CT,Fairfield,$4.569,2026-09-24
Connecticut,CT,Hartford,$4.474,2026-09-24
Connecticut,CT,Litchfield,$4.509,2026-09-24
Connecticut,CT,Middlesex,$4.446,2026-09-24
Connecticut,CT,New Haven,$4.459,2026-09-24
Connecticut,CT,New London,$4.480,2026-09-24
Connecticut,CT,Tolland,$4.456,2026-09-24
Connecticut,CT,Windham,$4.511,2026-09-24
Delaware,DE,Kent,$4.374,2026-09-24
Delaware,DE,New castle,$4.333,2026-09-24
Delaware,DE,Sussex,$4.369,2026-09-24
Florida,FL,Alachua,$4.448,2026-09-24
Florida,FL,Baker,$4.305,2026-09-24
Florida,FL,Bay,$4.157,2026-09-24
Florida,FL,Bradford,$4.402,2026-09-24
Florida,FL,Brevard,$4.417,2026-09-24
Florida,FL,Broward,$4.401,2026-09-24
Florida,FL,Calhoun,$4.287,2026-09-24
Florida,FL,Charlotte,$4.406,2026-09-24
Florida,FL,Citrus,$4.434,2026-09-24
Florida,FL,Clay,$4.439,2026-09-24
Florida,FL,Collier,$4.478,2026-09-24
Florida,FL,Columbia,$4.371,2026-09-24
Florida,FL,De Soto,$4.435,2026-09-24
Florida,FL,Dixie,$4.338,2026-09-24
Florida,FL,Duval,$4.398,2026-09-24
Florida,FL,Escambia,$4.117,2026-09-24
Florida,FL,Flagler,$4.449,2026-09-24
Florida,FL,Franklin,$4.043,2026-09-24
Florida,FL,Gadsden,$4.206,2026-09-24
Florida,FL,Gilchrist,$4.339,2026-09-24
Florida,FL,Glades,$4.311,2026-09-24
Florida,FL,Gulf,$4.088,2026-09-24
Florida,FL,Hamilton,$4.179,2026-09-24
Florida,FL,Hardee,$4.350,2026-09-24
Florida,FL,Hendry,$4.425,2026-09-24
Florida,FL,Hernando,$4.435,2026-09-24
Florida,FL,Highlands,$4.359,2026-09-24
Florida,FL,Hillsborough,$4.411,2026-09-24
Florida,FL,Holmes,$4.191,2026-09-24
Florida,FL,Indian River,$4.400,2026-09-24
Florida,FL,Jackson,$4.134,2026-09-24
Florida,FL,Jefferson,$4.303,2026-09-24
Florida,FL,Lafayette,$4.469,2026-09-24
Florida,FL,Lake,$4.389,2026-09-24
Florida,FL,Lee,$4.424,2026-09-24
Florida,FL,Leon,$4.223,2026-09-24
Florida,FL,Levy,$4.408,2026-09-24
Florida,FL,Liberty,$4.299,2026-09-24
Florida,FL,Madison,$4.306,2026-09-24
Florida,FL,Manatee,$4.424,2026-09-24
Florida,FL,Marion,$4.431,2026-09-24
Florida,FL,Martin,$4.403,2026-09-24
Florida,FL,Miami Dade,$4.303,2026-09-24
Florida,FL,Monroe,$4.627,2026-09-24
Florida,FL,Nassau,$4.472,2026-09-24
Florida,FL,Okaloosa,$4.138,2026-09-24
Florida,FL,Okeechobee,$4.396,2026-09-24
Florida,FL,Orange,$4.429,2026-09-24
Florida,FL,Osceola,$4.433,2026-09-24
Florida,FL,Palm Beach,$4.506,2026-09-24
Florida,FL,Pasco,$4.406,2026-09-24
Florida,FL,Pinellas,$4.416,2026-09-24
Florida,FL,Polk,$4.382,2026-09-24
Florida,FL,Putnam,$4.397,2026-09-24
Florida,FL,Santa Rosa,$4.155,2026-09-24
Florida,FL,Sarasota,$4.413,2026-09-24
Florida,FL,Seminole,$4.431,2026-09-24
Florida,FL,Saint Johns,$4.452,2026-09-24
Florida,FL,Saint Lucie,$4.398,2026-09-24
Florida,FL,Sumter,$4.389,2026-09-24
Florida,FL,Suwannee,$4.427,2026-09-24
Florida,FL,Taylor,$4.231,2026-09-24
Florida,FL,Union,$4.499,2026-09-24
Florida,FL,Volusia,$4.421,2026-09-24
Florida,FL,Wakulla,$4.237,2026-09-24
Florida,FL,Walton,$4.146,2026-09-24
Florida,FL,Washington,$4.157,2026-09-24
Georgia,GA,Appling,$4.105,2026-09-24
Georgia,GA,Atkinson,$4.209,2026-09-24
Georgia,GA,Bacon,$4.213,2026-09-24
Georgia,GA,Bibb,$4.131,2026-09-24
Georgia,GA,Bulloch,$4.117,2026-09-24
Georgia,GA,Baldwin,$4.057,2026-09-24
Georgia,GA,Brantley,$4.164,2026-09-24
Georgia,GA,Ben Hill,$4.107,2026-09-24
Georgia,GA,Berrien,$4.235,2026-09-24
Georgia,GA,Baker,$4.349,2026-09-24
Georgia,GA,Bleckley,$4.200,2026-09-24
Georgia,GA,Banks,$4.083,2026-09-24
Georgia,GA,Brooks,$4.206,2026-09-24
Georgia,GA,Bryan,$4.261,2026-09-24
Georgia,GA,Butts,$4.091,2026-09-24
Georgia,GA,Bartow,$4.039,2026-09-24
Georgia,GA,Burke,$4.170,2026-09-24
Georgia,GA,Barrow,$4.074,2026-09-24
Georgia,GA,Chatham,$4.174,2026-09-24
Georgia,GA,Cobb,$4.052,2026-09-24
Georgia,GA,Chattahoochee,$4.166,2026-09-24
Georgia,GA,Crawford,$4.212,2026-09-24
Georgia,GA,Cherokee,$4.038,2026-09-24
Georgia,GA,Coffee,$4.124,2026-09-24
Georgia,GA,Chattooga,$4.138,2026-09-24
Georgia,GA,Charlton,$4.092,2026-09-24
Georgia,GA,Clinch,$4.322,2026-09-24
Georgia,GA,Clarke,$4.079,2026-09-24
Georgia,GA,Calhoun,$4.399,2026-09-24
Georgia,GA,Camden,$4.147,2026-09-24
Georgia,GA,Candler,$4.235,2026-09-24
Georgia,GA,Cook,$4.111,2026-09-24
Georgia,GA,Crisp,$4.046,2026-09-24
Georgia,GA,Colquitt,$4.202,2026-09-24
Georgia,GA,Carroll,$4.112,2026-09-24
Georgia,GA,Catoosa,$4.046,2026-09-24
Georgia,GA,Clayton,$4.072,2026-09-24
Georgia,GA,Columbia,$4.116,2026-09-24
Georgia,GA,Coweta,$4.107,2026-09-24
Georgia,GA,Clay,$4.399,2026-09-24
Georgia,GA,Dade,$4.125,2026-09-24
Georgia,GA,Decatur,$4.096,2026-09-24
Georgia,GA,Douglas,$4.053,2026-09-24
Georgia,GA,DeKalb,$4.107,2026-09-24
Georgia,GA,Dooly,$4.155,2026-09-24
Georgia,GA,Dodge,$4.132,2026-09-24
Georgia,GA,Dougherty,$4.082,2026-09-24
Georgia,GA,Dawson,$4.123,2026-09-24
Georgia,GA,Early,$4.296,2026-09-24
Georgia,GA,Echols,$4.099,2026-09-24
Georgia,GA,Effingham,$4.091,2026-09-24
Georgia,GA,Elbert,$4.087,2026-09-24
Georgia,GA,Emanuel,$4.359,2026-09-24
Georgia,GA,Evans,$4.229,2026-09-24
Georgia,GA,Fannin,$4.101,2026-09-24
Georgia,GA,Floyd,$4.098,2026-09-24
Georgia,GA,Forsyth,$4.055,2026-09-24
Georgia,GA,Franklin,$4.097,2026-09-24
Georgia,GA,Fulton,$4.218,2026-09-24
Georgia,GA,Fayette,$4.118,2026-09-24
Georgia,GA,Greene,$4.154,2026-09-24
Georgia,GA,Gilmer,$4.128,2026-09-24
Georgia,GA,Glascock,$4.199,2026-09-24
Georgia,GA,Gordon,$4.131,2026-09-24
Georgia,GA,Grady,$4.235,2026-09-24
Georgia,GA,Gwinnett,$4.055,2026-09-24
Georgia,GA,Glynn,$4.084,2026-09-24
Georgia,GA,Habersham,$4.078,2026-09-24
Georgia,GA,Heard,$4.202,2026-09-24
Georgia,GA,Harris,$4.157,2026-09-24
Georgia,GA,Hall,$4.057,2026-09-24
Georgia,GA,Hancock,$4.199,2026-09-24
Georgia,GA,Houston,$4.059,2026-09-24
Georgia,GA,Haralson,$4.103,2026-09-24
Georgia,GA,Hart,$4.083,2026-09-24
Georgia,GA,Henry,$4.053,2026-09-24
Georgia,GA,Irwin,$4.162,2026-09-24
Georgia,GA,Jackson,$4.034,2026-09-24
Georgia,GA,Jeff Davis,$4.046,2026-09-24
Georgia,GA,Jefferson,$4.174,2026-09-24
Georgia,GA,Jenkins,$4.091,2026-09-24
Georgia,GA,Jones,$4.132,2026-09-24
Georgia,GA,Johnson,$4.099,2026-09-24
Georgia,GA,Jasper,$4.147,2026-09-24
Georgia,GA,Lamar,$4.261,2026-09-24
Georgia,GA,Lincoln,$4.186,2026-09-24
Georgia,GA,Lee,$4.010,2026-09-24
Georgia,GA,Liberty,$4.096,2026-09-24
Georgia,GA,Lanier,$4.166,2026-09-24
Georgia,GA,Long,$4.116,2026-09-24
Georgia,GA,Lumpkin,$4.152,2026-09-24
Georgia,GA,Laurens,$4.047,2026-09-24
Georgia,GA,Lowndes,$4.083,2026-09-24
Georgia,GA,Macon,$4.149,2026-09-24
Georgia,GA,Mcduffie,$4.080,2026-09-24
Georgia,GA,Madison,$4.065,2026-09-24
Georgia,GA,Meriwether,$4.147,2026-09-24
Georgia,GA,Montgomery,$4.159,2026-09-24
Georgia,GA,Mcintosh,$4.156,2026-09-24
Georgia,GA,Miller,$4.177,2026-09-24
Georgia,GA,Morgan,$4.017,2026-09-24
Georgia,GA,Monroe,$4.199,2026-09-24
Georgia,GA,Marion,$4.199,2026-09-24
Georgia,GA,Muscogee,$4.111,2026-09-24
Georgia,GA,Mitchell,$4.207,2026-09-24
Georgia,GA,Murray,$4.173,2026-09-24
Georgia,GA,Newton,$4.075,2026-09-24
Georgia,GA,Oconee,$4.060,2026-09-24
Georgia,GA,Oglethorpe,$4.155,2026-09-24
Georgia,GA,Peach,$4.073,2026-09-24
Georgia,GA,Pickens,$4.023,2026-09-24
Georgia,GA,Paulding,$4.062,2026-09-24
Georgia,GA,Pierce,$4.158,2026-09-24
Georgia,GA,Pike,$4.103,2026-09-24
Georgia,GA,Pulaski,$4.298,2026-09-24
Georgia,GA,Polk,$4.078,2026-09-24
Georgia,GA,Putnam,$4.116,2026-09-24
Georgia,GA,Quitman,$4.059,2026-09-24
Georgia,GA,Randolph,$4.124,2026-09-24
Georgia,GA,Rabun,$3.994,2026-09-24
Georgia,GA,Richmond,$4.171,2026-09-24
Georgia,GA,Rockdale,$4.052,2026-09-24
Georgia,GA,Schley,$4.064,2026-09-24
Georgia,GA,Stephens,$4.009,2026-09-24
Georgia,GA,Seminole,$4.283,2026-09-24
Georgia,GA,Spalding,$4.134,2026-09-24
Georgia,GA,Screven,$4.201,2026-09-24
Georgia,GA,Stewart,$4.179,2026-09-24
Georgia,GA,Sumter,$4.049,2026-09-24
Georgia,GA,Taliaferro,$4.199,2026-09-24
Georgia,GA,Talbot,$4.304,2026-09-24
Georgia,GA,Treutlen,$4.100,2026-09-24
Georgia,GA,Telfair,$4.119,2026-09-24
Georgia,GA,Thomas,$4.201,2026-09-24
Georgia,GA,Tift,$4.103,2026-09-24
Georgia,GA,Terrell,$4.060,2026-09-24
Georgia,GA,Toombs,$4.113,2026-09-24
Georgia,GA,Towns,$4.138,2026-09-24
Georgia,GA,Troup,$4.102,2026-09-24
Georgia,GA,Tattnall,$4.199,2026-09-24
Georgia,GA,Turner,$4.185,2026-09-24
Georgia,GA,Twiggs,$4.386,2026-09-24
Georgia,GA,Taylor,$4.248,2026-09-24
Georgia,GA,Union,$4.070,2026-09-24
Georgia,GA,Upson,$4.082,2026-09-24
Georgia,GA,Ware,$4.039,2026-09-24
Georgia,GA,Wilcox,$4.166,2026-09-24
Georgia,GA,Wheeler,$4.164,2026-09-24
Georgia,GA,Washington,$4.082,2026-09-24
Georgia,GA,Whitfield,$4.128,2026-09-24
Georgia,GA,Wilkinson,$4.153,2026-09-24
Georgia,GA,Walker,$4.163,2026-09-24
Georgia,GA,Wilkes,$4.162,2026-09-24
Georgia,GA,Walton,$4.089,2026-09-24
Georgia,GA,Worth,$4.085,2026-09-24
Georgia,GA,Warren,$4.199,2026-09-24
Georgia,GA,Webster,$4.199,2026-09-24
Georgia,GA,White,$4.179,2026-09-24
Georgia,GA,Wayne,$4.061,2026-09-24
Hawaii,HI,Hawaii,$5.668,2026-09-24
Hawaii,HI,Honolulu,$5.512,2026-09-24
Hawaii,HI,Kalawao,,2026-09-24
Hawaii,HI,Kauai,$5.802,2026-09-24
Hawaii,HI,Maui,$5.657,2026-09-24
Idaho,ID,Ada,$5.085,2026-09-24
Idaho,ID,Adams,$5.131,2026-09-24
Idaho,ID,Bannock,$5.079,2026-09-24
Idaho,ID,Bear Lake,$5.117,2026-09-24
Idaho,ID,Benewah,$4.771,2026-09-24
Idaho,ID,Bingham,$5.069,2026-09-24
Idaho,ID,Blaine,$5.243,2026-09-24
Idaho,ID,Boise,$5.339,2026-09-24
Idaho,ID,Bonner,$4.754,2026-09-24
Idaho,ID,Bonneville,$5.019,2026-09-24
Idaho,ID,Boundary,$4.766,2026-09-24
Idaho,ID,Butte,$5.232,2026-09-24
Idaho,ID,Camas,$5.449,2026-09-24
Idaho,ID,Canyon,$5.086,2026-09-24
Idaho,ID,Caribou,$5.091,2026-09-24
Idaho,ID,Cassia,$5.110,2026-09-24
Idaho,ID,Clark,$5.699,2026-09-24
Idaho,ID,Clearwater,$4.799,2026-09-24
Idaho,ID,Custer,$5.250,2026-09-24
Idaho,ID,Elmore,$5.096,2026-09-24
Idaho,ID,Franklin,$4.977,2026-09-24
Idaho,ID,Fremont,$5.311,2026-09-24
Idaho,ID,Gem,$5.096,2026-09-24
Idaho,ID,Gooding,$5.143,2026-09-24
Idaho,ID,Idaho,$4.806,2026-09-24
Idaho,ID,Jefferson,$5.079,2026-09-24
Idaho,ID,Jerome,$5.086,2026-09-24
Idaho,ID,Kootenai,$4.621,2026-09-24
Idaho,ID,Latah,$4.774,2026-09-24
Idaho,ID,Lemhi,$4.912,2026-09-24
Idaho,ID,Lewis,$4.755,2026-09-24
Idaho,ID,Lincoln,$5.099,2026-09-24
Idaho,ID,Madison,$5.026,2026-09-24
Idaho,ID,Minidoka,$5.074,2026-09-24
Idaho,ID,Nez perce,$4.637,2026-09-24
Idaho,ID,Oneida,$5.099,2026-09-24
Idaho,ID,Owyhee,$5.092,2026-09-24
Idaho,ID,Payette,$5.162,2026-09-24
Idaho,ID,Power,$5.097,2026-09-24
Idaho,ID,Shoshone,$4.994,2026-09-24
Idaho,ID,Teton,$5.106,2026-09-24
Idaho,ID,Twin falls,$5.101,2026-09-24
Idaho,ID,Valley,$5.242,2026-09-24
Idaho,ID,Washington,$5.139,2026-09-24
Illinois,IL,Adams,$4.763,2026-09-24
Illinois,IL,Alexander,$4.899,2026-09-24
Illinois,IL,Bond,$4.719,2026-09-24
Illinois,IL,Boone,$4.824,2026-09-24
Illinois,IL,Brown,$4.732,2026-09-24
Illinois,IL,Bureau,$4.711,2026-09-24
Illinois,IL,Calhoun,$4.799,2026-09-24
Illinois,IL,Carroll,$4.758,2026-09-24
Illinois,IL,Cass,$4.785,2026-09-24
Illinois,IL,Champaign,$4.703,2026-09-24
Illinois,IL,Christian,$4.784,2026-09-24
Illinois,IL,Clark,$4.797,2026-09-24
Illinois,IL,Clay,$4.737,2026-09-24
Illinois,IL,Clinton,$4.734,2026-09-24
Illinois,IL,Coles,$4.725,2026-09-24
Illinois,IL,Cook,$5.056,2026-09-24
Illinois,IL,Crawford,$4.756,2026-09-24
Illinois,IL,Cumberland,$4.786,2026-09-24
Illinois,IL,Dewitt,$4.782,2026-09-24
Illinois,IL,De Kalb,$4.816,2026-09-24
Illinois,IL,Douglas,$4.628,2026-09-24
Illinois,IL,Du Page,$4.855,2026-09-24
Illinois,IL,Edgar,$4.724,2026-09-24
Illinois,IL,Edwards,$4.799,2026-09-24
Illinois,IL,Effingham,$4.644,2026-09-24
Illinois,IL,Fayette,$4.746,2026-09-24
Illinois,IL,Ford,$4.751,2026-09-24
Illinois,IL,Franklin,$4.733,2026-09-24
Illinois,IL,Fulton,$4.777,2026-09-24
Illinois,IL,Gallatin,$4.999,2026-09-24
Illinois,IL,Greene,$4.720,2026-09-24
Illinois,IL,Grundy,$4.701,2026-09-24
Illinois,IL,Hamilton,$4.787,2026-09-24
Illinois,IL,Hancock,$4.780,2026-09-24
Illinois,IL,Hardin,$4.799,2026-09-24
Illinois,IL,Henderson,$4.799,2026-09-24
Illinois,IL,Henry,$4.765,2026-09-24
Illinois,IL,Iroquois,$4.704,2026-09-24
Illinois,IL,Jackson,$4.807,2026-09-24
Illinois,IL,Jasper,$4.732,2026-09-24
Illinois,IL,Jefferson,$4.736,2026-09-24
Illinois,IL,Jersey,$4.662,2026-09-24
Illinois,IL,Jo Daviess,$4.684,2026-09-24
Illinois,IL,Johnson,$4.486,2026-09-24
Illinois,IL,Kane,$4.855,2026-09-24
Illinois,IL,Kankakee,$4.785,2026-09-24
Illinois,IL,Kendall,$4.803,2026-09-24
Illinois,IL,Knox,$4.716,2026-09-24
Illinois,IL,La Salle,$4.723,2026-09-24
Illinois,IL,Lake,$4.817,2026-09-24
Illinois,IL,Lawrence,$4.669,2026-09-24
Illinois,IL,Lee,$4.774,2026-09-24
Illinois,IL,Livingston,$4.768,2026-09-24
Illinois,IL,Logan,$4.683,2026-09-24
Illinois,IL,Macon,$4.728,2026-09-24
Illinois,IL,Macoupin,$4.753,2026-09-24
Illinois,IL,Madison,$4.736,2026-09-24
Illinois,IL,Marion,$4.757,2026-09-24
Illinois,IL,Marshall,$4.782,2026-09-24
Illinois,IL,Mason,$4.766,2026-09-24
Illinois,IL,Massac,$4.681,2026-09-24
Illinois,IL,McDonough,$4.734,2026-09-24
Illinois,IL,McHenry,$4.789,2026-09-24
Illinois,IL,McLean,$4.711,2026-09-24
Illinois,IL,Menard,$4.742,2026-09-24
Illinois,IL,Mercer,$4.787,2026-09-24
Illinois,IL,Monroe,$4.799,2026-09-24
Illinois,IL,Montgomery,$4.721,2026-09-24
Illinois,IL,Morgan,$4.699,2026-09-24
Illinois,IL,Moultrie,$4.774,2026-09-24
Illinois,IL,Ogle,$4.715,2026-09-24
Illinois,IL,Peoria,$4.895,2026-09-24
Illinois,IL,Perry,$4.799,2026-09-24
Illinois,IL,Piatt,$4.775,2026-09-24
Illinois,IL,Pike,$4.761,2026-09-24
Illinois,IL,Pope,$4.699,2026-09-24
Illinois,IL,Pulaski,$4.649,2026-09-24
Illinois,IL,Putnam,$4.799,2026-09-24
Illinois,IL,Randolph,$4.740,2026-09-24
Illinois,IL,Richland,$4.399,2026-09-24
Illinois,IL,Rock Island,$4.770,2026-09-24
Illinois,IL,Saline,$4.717,2026-09-24
Illinois,IL,Sangamon,$4.694,2026-09-24
Illinois,IL,Schuyler,$4.665,2026-09-24
Illinois,IL,Scott,$4.599,2026-09-24
Illinois,IL,Shelby,$4.736,2026-09-24
Illinois,IL,Saint Clair,$4.778,2026-09-24
Illinois,IL,Stark,$4.719,2026-09-24
Illinois,IL,Stephenson,$4.775,2026-09-24
Illinois,IL,Tazewell,$4.748,2026-09-24
Illinois,IL,Union,$4.813,2026-09-24
Illinois,IL,Vermilion,$4.764,2026-09-24
Illinois,IL,Wabash,$4.661,2026-09-24
Illinois,IL,Warren,$4.803,2026-09-24
Illinois,IL,Washington,$4.810,2026-09-24
Illinois,IL,Wayne,$4.646,2026-09-24
Illinois,IL,White,$4.728,2026-09-24
Illinois,IL,Whiteside,$4.636,2026-09-24
Illinois,IL,Will,$4.825,2026-09-24
Illinois,IL,Williamson,$4.754,2026-09-24
Illinois,IL,Winnebago,$4.776,2026-09-24
Illinois,IL,Woodford,$4.795,2026-09-24
Indiana,IN,Adams,$4.122,2026-09-24
Indiana,IN,Allen,$3.938,2026-09-24
Indiana,IN,Bartholomew,$3.935,2026-09-24
Indiana,IN,Benton,$3.994,2026-09-24
Indiana,IN,Blackford,$3.966,2026-09-24
Indiana,IN,Boone,$3.939,2026-09-24
Indiana,IN,Brown,$3.999,2026-09-24
Indiana,IN,Carroll,$4.181,2026-09-24
Indiana,IN,Cass,$4.023,2026-09-24
Indiana,IN,Clark,$3.904,2026-09-24
Indiana,IN,Clay,$3.898,2026-09-24
Indiana,IN,Clinton,$3.956,2026-09-24
Indiana,IN,Crawford,$3.913,2026-09-24
Indiana,IN,Daviess,$3.940,2026-09-24
Indiana,IN,De Kalb,$4.001,2026-09-24
Indiana,IN,Dearborn,$4.036,2026-09-24
Indiana,IN,Decatur,$3.989,2026-09-24
Indiana,IN,Delaware,$3.921,2026-09-24
Indiana,IN,Dubois,$3.856,2026-09-24
Indiana,IN,Elkhart,$3.980,2026-09-24
Indiana,IN,Fayette,$3.971,2026-09-24
Indiana,IN,Floyd,$3.991,2026-09-24
Indiana,IN,Fountain,$4.066,2026-09-24
Indiana,IN,Franklin,$4.113,2026-09-24
Indiana,IN,Fulton,$4.007,2026-09-24
Indiana,IN,Gibson,$3.878,2026-09-24
Indiana,IN,Grant,$3.943,2026-09-24
Indiana,IN,Greene,$3.940,2026-09-24
Indiana,IN,Hamilton,$3.941,2026-09-24
Indiana,IN,Hancock,$3.922,2026-09-24
Indiana,IN,Harrison,$3.945,2026-09-24
Indiana,IN,Hendricks,$3.897,2026-09-24
Indiana,IN,Henry,$3.974,2026-09-24
Indiana,IN,Howard,$3.970,2026-09-24
Indiana,IN,Huntington,$4.026,2026-09-24
Indiana,IN,Jackson,$3.936,2026-09-24
Indiana,IN,Jasper,$4.187,2026-09-24
Indiana,IN,Jay,$3.966,2026-09-24
Indiana,IN,Jefferson,$3.996,2026-09-24
Indiana,IN,Jennings,$3.979,2026-09-24
Indiana,IN,Johnson,$3.900,2026-09-24
Indiana,IN,Knox,$3.920,2026-09-24
Indiana,IN,Kosciusko,$3.935,2026-09-24
Indiana,IN,La Porte,$4.028,2026-09-24
Indiana,IN,Lagrange,$4.093,2026-09-24
Indiana,IN,Lake,$4.020,2026-09-24
Indiana,IN,Lawrence,$3.934,2026-09-24
Indiana,IN,Madison,$3.941,2026-09-24
Indiana,IN,Marion,$3.941,2026-09-24
Indiana,IN,Marshall,$3.940,2026-09-24
Indiana,IN,Martin,$3.794,2026-09-24
Indiana,IN,Miami,$3.977,2026-09-24
Indiana,IN,Monroe,$3.965,2026-09-24
Indiana,IN,Montgomery,$4.004,2026-09-24
Indiana,IN,Morgan,$3.946,2026-09-24
Indiana,IN,Newton,$4.004,2026-09-24
Indiana,IN,Noble,$3.979,2026-09-24
Indiana,IN,Ohio,$3.999,2026-09-24
Indiana,IN,Orange,$3.829,2026-09-24
Indiana,IN,Owen,$4.016,2026-09-24
Indiana,IN,Parke,$3.936,2026-09-24
Indiana,IN,Perry,$3.804,2026-09-24
Indiana,IN,Pike,$3.899,2026-09-24
Indiana,IN,Porter,$4.064,2026-09-24
Indiana,IN,Posey,$3.875,2026-09-24
Indiana,IN,Pulaski,$4.299,2026-09-24
Indiana,IN,Putnam,$3.959,2026-09-24
Indiana,IN,Randolph,$4.053,2026-09-24
Indiana,IN,Ripley,$4.025,2026-09-24
Indiana,IN,Rush,$3.990,2026-09-24
Indiana,IN,Scott,$3.786,2026-09-24
Indiana,IN,Shelby,$3.885,2026-09-24
Indiana,IN,Spencer,$3.813,2026-09-24
Indiana,IN,St Joseph,$3.984,2026-09-24
Indiana,IN,Starke,$4.188,2026-09-24
Indiana,IN,Steuben,$3.822,2026-09-24
Indiana,IN,Sullivan,$3.914,2026-09-24
Indiana,IN,Switzerland,$4.034,2026-09-24
Indiana,IN,Tippecanoe,$4.008,2026-09-24
Indiana,IN,Tipton,$3.996,2026-09-24
Indiana,IN,Union,$4.074,2026-09-24
Indiana,IN,Vanderburgh,$3.854,2026-09-24
Indiana,IN,Vermillion,$3.995,2026-09-24
Indiana,IN,Vigo,$3.927,2026-09-24
Indiana,IN,Wabash,$4.000,2026-09-24
Indiana,IN,Warren,$4.024,2026-09-24
Indiana,IN,Warrick,$3.911,2026-09-24
Indiana,IN,Washington,$4.003,2026-09-24
Indiana,IN,Wayne,$3.952,2026-09-24
Indiana,IN,Wells,$3.914,2026-09-24
Indiana,IN,White,$4.280,2026-09-24
Indiana,IN,Whitley,$3.968,2026-09-24
Iowa,IA,Adair,$4.434,2026-09-24
Iowa,IA,Adams,$4.249,2026-09-24
Iowa,IA,Allamakee,$4.450,2026-09-24
Iowa,IA,Appanoose,$4.364,2026-09-24
Iowa,IA,Audubon,$4.349,2026-09-24
Iowa,IA,Benton,$4.281,2026-09-24
Iowa,IA,Black Hawk,$4.272,2026-09-24
Iowa,IA,Boone,$4.479,2026-09-24
Iowa,IA,Bremer,$4.449,2026-09-24
Iowa,IA,Buchanan,$4.424,2026-09-24
Iowa,IA,Buena Vista,$4.216,2026-09-24
Iowa,IA,Butler,$4.379,2026-09-24
Iowa,IA,Calhoun,$4.287,2026-09-24
Iowa,IA,Carroll,$4.539,2026-09-24
Iowa,IA,Cass,$4.301,2026-09-24
Iowa,IA,Cedar,$4.395,2026-09-24
Iowa,IA,Cerro Gordo,$4.039,2026-09-24
Iowa,IA,Cherokee,$4.330,2026-09-24
Iowa,IA,Chickasaw,$4.389,2026-09-24
Iowa,IA,Clarke,$4.359,2026-09-24
Iowa,IA,Clay,$4.237,2026-09-24
Iowa,IA,Clayton,$4.405,2026-09-24
Iowa,IA,Clinton,$4.271,2026-09-24
Iowa,IA,Crawford,$4.386,2026-09-24
Iowa,IA,Dallas,$4.329,2026-09-24
Iowa,IA,Davis,$4.336,2026-09-24
Iowa,IA,Decatur,$4.342,2026-09-24
Iowa,IA,Delaware,$4.424,2026-09-24
Iowa,IA,Des Moines,$4.440,2026-09-24
Iowa,IA,Dickinson,$4.394,2026-09-24
Iowa,IA,Dubuque,$4.410,2026-09-24
Iowa,IA,Emmet,$4.299,2026-09-24
Iowa,IA,Fayette,$4.446,2026-09-24
Iowa,IA,Floyd,$4.258,2026-09-24
Iowa,IA,Franklin,$4.349,2026-09-24
Iowa,IA,Fremont,$4.416,2026-09-24
Iowa,IA,Greene,$4.361,2026-09-24
Iowa,IA,Grundy,$4.416,2026-09-24
Iowa,IA,Guthrie,$4.370,2026-09-24
Iowa,IA,Hamilton,$4.290,2026-09-24
Iowa,IA,Hancock,$4.185,2026-09-24
Iowa,IA,Hardin,$4.436,2026-09-24
Iowa,IA,Harrison,$4.393,2026-09-24
Iowa,IA,Henry,$4.107,2026-09-24
Iowa,IA,Howard,$4.415,2026-09-24
Iowa,IA,Humboldt,$4.389,2026-09-24
Iowa,IA,Ida,$4.230,2026-09-24
Iowa,IA,Iowa,$4.308,2026-09-24
Iowa,IA,Jackson,$4.410,2026-09-24
Iowa,IA,Jasper,$4.172,2026-09-24
Iowa,IA,Jefferson,$4.424,2026-09-24
Iowa,IA,Johnson,$4.371,2026-09-24
Iowa,IA,Jones,$4.391,2026-09-24
Iowa,IA,Keokuk,$4.294,2026-09-24
Iowa,IA,Kossuth,$4.311,2026-09-24
Iowa,IA,Lee,$4.464,2026-09-24
Iowa,IA,Linn,$4.285,2026-09-24
Iowa,IA,Louisa,$4.449,2026-09-24
Iowa,IA,Lucas,$4.399,2026-09-24
Iowa,IA,Lyon,$4.237,2026-09-24
Iowa,IA,Madison,$4.502,2026-09-24
Iowa,IA,Mahaska,$4.148,2026-09-24
Iowa,IA,Marion,$4.213,2026-09-24
Iowa,IA,Marshall,$4.378,2026-09-24
Iowa,IA,Mills,$4.264,2026-09-24
Iowa,IA,Mitchell,$4.309,2026-09-24
Iowa,IA,Monona,$4.269,2026-09-24
Iowa,IA,Monroe,$4.457,2026-09-24
Iowa,IA,Montgomery,$4.332,2026-09-24
Iowa,IA,Muscatine,$4.455,2026-09-24
Iowa,IA,O'Brien,,2026-09-24
Iowa,IA,Osceola,$4.399,2026-09-24
Iowa,IA,Page,$4.382,2026-09-24
Iowa,IA,Palo Alto,$4.299,2026-09-24
Iowa,IA,Plymouth,$4.514,2026-09-24
Iowa,IA,Pocahontas,$4.332,2026-09-24
Iowa,IA,Polk,$4.296,2026-09-24
Iowa,IA,Pottawattamie,$4.373,2026-09-24
Iowa,IA,Poweshiek,$4.296,2026-09-24
Iowa,IA,Ringgold,$4.349,2026-09-24
Iowa,IA,Sac,$4.226,2026-09-24
Iowa,IA,Scott,$4.329,2026-09-24
Iowa,IA,Shelby,$4.369,2026-09-24
Iowa,IA,Sioux,$4.328,2026-09-24
Iowa,IA,Story,$4.338,2026-09-24
Iowa,IA,Tama,$4.372,2026-09-24
Iowa,IA,Taylor,$4.392,2026-09-24
Iowa,IA,Union,$4.341,2026-09-24
Iowa,IA,Van Buren,$4.401,2026-09-24
Iowa,IA,Wapello,$4.345,2026-09-24
Iowa,IA,Warren,$4.284,2026-09-24
Iowa,IA,Washington,$4.401,2026-09-24
Iowa,IA,Wayne,$4.411,2026-09-24
Iowa,IA,Webster,$4.190,2026-09-24
Iowa,IA,Winnebago,$4.320,2026-09-24
Iowa,IA,Winneshiek,$4.522,2026-09-24
Iowa,IA,Woodbury,$4.220,2026-09-24
Iowa,IA,Worth,$4.236,2026-09-24
Iowa,IA,Wright,$4.408,2026-09-24
Kansas,KS,Allen,$4.199,2026-09-24
Kansas,KS,Anderson,$4.193,2026-09-24
Kansas,KS,Atchison,$4.215,2026-09-24
Kansas,KS,Barber,$4.279,2026-09-24
Kansas,KS,Barton,$3.970,2026-09-24
Kansas,KS,Bourbon,$4.197,2026-09-24
Kansas,KS,Brown,$4.148,2026-09-24
Kansas,KS,Butler,$4.183,2026-09-24
Kansas,KS,Chase,$4.186,2026-09-24
Kansas,KS,Chautauqua,$4.266,2026-09-24
Kansas,KS,Cherokee,$4.104,2026-09-24
Kansas,KS,Cheyenne,$4.406,2026-09-24
Kansas,KS,Clark,$4.229,2026-09-24
Kansas,KS,Clay,$4.199,2026-09-24
Kansas,KS,Cloud,$4.069,2026-09-24
Kansas,KS,Coffey,$4.205,2026-09-24
Kansas,KS,Comanche,$4.152,2026-09-24
Kansas,KS,Cowley,$4.146,2026-09-24
Kansas,KS,Crawford,$4.132,2026-09-24
Kansas,KS,Decatur,$4.269,2026-09-24
Kansas,KS,Dickinson,$4.005,2026-09-24
Kansas,KS,Doniphan,$4.193,2026-09-24
Kansas,KS,Douglas,$4.206,2026-09-24
Kansas,KS,Edwards,$4.173,2026-09-24
Kansas,KS,Elk,$4.199,2026-09-24
Kansas,KS,Ellis,$4.215,2026-09-24
Kansas,KS,Ellsworth,$4.274,2026-09-24
Kansas,KS,Finney,$4.055,2026-09-24
Kansas,KS,Ford,$4.082,2026-09-24
Kansas,KS,Franklin,$4.167,2026-09-24
Kansas,KS,Geary,$4.178,2026-09-24
Kansas,KS,Gove,$4.299,2026-09-24
Kansas,KS,Graham,$4.299,2026-09-24
Kansas,KS,Grant,$4.260,2026-09-24
Kansas,KS,Gray,$4.162,2026-09-24
Kansas,KS,Greeley,$4.399,2026-09-24
Kansas,KS,Greenwood,$4.169,2026-09-24
Kansas,KS,Hamilton,$4.266,2026-09-24
Kansas,KS,Harper,$4.267,2026-09-24
Kansas,KS,Harvey,$4.036,2026-09-24
Kansas,KS,Haskell,$4.189,2026-09-24
Kansas,KS,Hodgeman,$4.174,2026-09-24
Kansas,KS,Jackson,$4.135,2026-09-24
Kansas,KS,Jefferson,$4.244,2026-09-24
Kansas,KS,Jewell,$4.299,2026-09-24
Kansas,KS,Johnson,$4.249,2026-09-24
Kansas,KS,Kearny,$4.127,2026-09-24
Kansas,KS,Kingman,$4.137,2026-09-24
Kansas,KS,Kiowa,$4.201,2026-09-24
Kansas,KS,Labette,$4.090,2026-09-24
Kansas,KS,Lane,$3.962,2026-09-24
Kansas,KS,Leavenworth,$4.136,2026-09-24
Kansas,KS,Lincoln,,2026-09-24
Kansas,KS,Linn,$4.233,2026-09-24
Kansas,KS,Logan,$4.239,2026-09-24
Kansas,KS,Lyon,$4.053,2026-09-24
Kansas,KS,Marion,$4.110,2026-09-24
Kansas,KS,Marshall,$4.212,2026-09-24
Kansas,KS,Mcpherson,$4.150,2026-09-24
Kansas,KS,Meade,$4.176,2026-09-24
Kansas,KS,Miami,$4.208,2026-09-24
Kansas,KS,Mitchell,$4.207,2026-09-24
Kansas,KS,Montgomery,$4.127,2026-09-24
Kansas,KS,Morris,$3.976,2026-09-24
Kansas,KS,Morton,$4.269,2026-09-24
Kansas,KS,Nemaha,$4.216,2026-09-24
Kansas,KS,Neosho,$4.201,2026-09-24
Kansas,KS,Ness,$4.171,2026-09-24
Kansas,KS,Norton,$4.282,2026-09-24
Kansas,KS,Osage,$4.100,2026-09-24
Kansas,KS,Osborne,$4.262,2026-09-24
Kansas,KS,Ottawa,$4.199,2026-09-24
Kansas,KS,Pawnee,$4.199,2026-09-24
Kansas,KS,Phillips,$4.486,2026-09-24
Kansas,KS,Pottawatomie,$4.191,2026-09-24
Kansas,KS,Pratt,$4.203,2026-09-24
Kansas,KS,Rawlins,$4.299,2026-09-24
Kansas,KS,Reno,$3.919,2026-09-24
Kansas,KS,Republic,$4.134,2026-09-24
Kansas,KS,Rice,$4.172,2026-09-24
Kansas,KS,Riley,$4.203,2026-09-24
Kansas,KS,Rooks,$4.119,2026-09-24
Kansas,KS,Rush,$4.119,2026-09-24
Kansas,KS,Russell,$4.085,2026-09-24
Kansas,KS,Saline,$4.135,2026-09-24
Kansas,KS,Scott,$4.112,2026-09-24
Kansas,KS,Sedgwick,$4.166,2026-09-24
Kansas,KS,Seward,$4.207,2026-09-24
Kansas,KS,Shawnee,$4.066,2026-09-24
Kansas,KS,Sheridan,$4.196,2026-09-24
Kansas,KS,Sherman,$4.227,2026-09-24
Kansas,KS,Smith,$4.169,2026-09-24
Kansas,KS,Stafford,$4.279,2026-09-24
Kansas,KS,Stanton,$4.274,2026-09-24
Kansas,KS,Stevens,$4.174,2026-09-24
Kansas,KS,Sumner,$4.150,2026-09-24
Kansas,KS,Thomas,$4.145,2026-09-24
Kansas,KS,Trego,$4.169,2026-09-24
Kansas,KS,Wabaunsee,$4.146,2026-09-24
Kansas,KS,Wallace,$4.369,2026-09-24
Kansas,KS,Washington,$4.202,2026-09-24
Kansas,KS,Wichita,$4.082,2026-09-24
Kansas,KS,Wilson,$4.194,2026-09-24
Kansas,KS,Woodson,$4.199,2026-09-24
Kansas,KS,Wyandotte,$4.269,2026-09-24
Kentucky,KY,Adair,$4.170,2026-09-24
Kentucky,KY,Allen,$4.171,2026-09-24
Kentucky,KY,Anderson,$4.167,2026-09-24
Kentucky,KY,Ballard,$4.139,2026-09-24
Kentucky,KY,Barren,$4.051,2026-09-24
Kentucky,KY,Bath,$4.277,2026-09-24
Kentucky,KY,Bell,$3.989,2026-09-24
Kentucky,KY,Boone,$4.453,2026-09-24
Kentucky,KY,Bourbon,$4.137,2026-09-24
Kentucky,KY,Boyd,$4.292,2026-09-24
Kentucky,KY,Boyle,$4.072,2026-09-24
Kentucky,KY,Bracken,$4.267,2026-09-24
Kentucky,KY,Breathitt,$4.270,2026-09-24
Kentucky,KY,Breckinridge,$4.125,2026-09-24
Kentucky,KY,Bullitt,$4.058,2026-09-24
Kentucky,KY,Butler,$4.163,2026-09-24
Kentucky,KY,Caldwell,$4.099,2026-09-24
Kentucky,KY,Calloway,$4.140,2026-09-24
Kentucky,KY,Campbell,$4.479,2026-09-24
Kentucky,KY,Carlisle,$4.167,2026-09-24
Kentucky,KY,Carroll,$4.178,2026-09-24
Kentucky,KY,Carter,$4.240,2026-09-24
Kentucky,KY,Casey,$4.152,2026-09-24
Kentucky,KY,Christian,$3.946,2026-09-24
Kentucky,KY,Clark,$4.193,2026-09-24
Kentucky,KY,Clay,$4.260,2026-09-24
Kentucky,KY,Clinton,$4.182,2026-09-24
Kentucky,KY,Crittenden,$3.999,2026-09-24
Kentucky,KY,Cumberland,$4.202,2026-09-24
Kentucky,KY,Daviess,$3.980,2026-09-24
Kentucky,KY,Edmonson,$4.199,2026-09-24
Kentucky,KY,Elliott,$4.299,2026-09-24
Kentucky,KY,Estill,$4.195,2026-09-24
Kentucky,KY,Fayette,$4.236,2026-09-24
Kentucky,KY,Fleming,$4.195,2026-09-24
Kentucky,KY,Floyd,$4.231,2026-09-24
Kentucky,KY,Franklin,$4.240,2026-09-24
Kentucky,KY,Fulton,$4.045,2026-09-24
Kentucky,KY,Gallatin,$4.389,2026-09-24
Kentucky,KY,Garrard,$4.117,2026-09-24
Kentucky,KY,Grant,$4.263,2026-09-24
Kentucky,KY,Graves,$4.075,2026-09-24
Kentucky,KY,Grayson,$4.100,2026-09-24
Kentucky,KY,Green,$4.172,2026-09-24
Kentucky,KY,Greenup,$4.287,2026-09-24
Kentucky,KY,Hancock,$4.080,2026-09-24
Kentucky,KY,Hardin,$4.064,2026-09-24
Kentucky,KY,Harlan,$4.125,2026-09-24
Kentucky,KY,Harrison,$4.228,2026-09-24
Kentucky,KY,Hart,$4.137,2026-09-24
Kentucky,KY,Henderson,$3.849,2026-09-24
Kentucky,KY,Henry,$4.149,2026-09-24
Kentucky,KY,Hickman,,2026-09-24
Kentucky,KY,Hopkins,$4.158,2026-09-24
Kentucky,KY,Jackson,$4.179,2026-09-24
Kentucky,KY,Jefferson,$4.121,2026-09-24
Kentucky,KY,Jessamine,$4.106,2026-09-24
Kentucky,KY,Johnson,$4.298,2026-09-24
Kentucky,KY,Kenton,$4.528,2026-09-24
Kentucky,KY,Knott,$4.081,2026-09-24
Kentucky,KY,Knox,$4.074,2026-09-24
Kentucky,KY,Larue,$4.097,2026-09-24
Kentucky,KY,Laurel,$4.062,2026-09-24
Kentucky,KY,Lawrence,$4.219,2026-09-24
Kentucky,KY,Lee,$4.242,2026-09-24
Kentucky,KY,Leslie,$4.149,2026-09-24
Kentucky,KY,Letcher,$4.099,2026-09-24
Kentucky,KY,Lewis,$4.272,2026-09-24
Kentucky,KY,Lincoln,$4.141,2026-09-24
Kentucky,KY,Livingston,$4.019,2026-09-24
Kentucky,KY,Logan,$4.095,2026-09-24
Kentucky,KY,Lyon,$4.027,2026-09-24
Kentucky,KY,Madison,$4.256,2026-09-24
Kentucky,KY,Magoffin,$4.299,2026-09-24
Kentucky,KY,Marion,$3.953,2026-09-24
Kentucky,KY,Marshall,$4.018,2026-09-24
Kentucky,KY,Martin,$4.249,2026-09-24
Kentucky,KY,Mason,$4.203,2026-09-24
Kentucky,KY,McCracken,$3.989,2026-09-24
Kentucky,KY,McCreary,$4.059,2026-09-24
Kentucky,KY,McLean,$4.129,2026-09-24
Kentucky,KY,Meade,$4.118,2026-09-24
Kentucky,KY,Menifee,$4.174,2026-09-24
Kentucky,KY,Mercer,$4.103,2026-09-24
Kentucky,KY,Metcalfe,$4.037,2026-09-24
Kentucky,KY,Monroe,$4.049,2026-09-24
Kentucky,KY,Montgomery,$4.136,2026-09-24
Kentucky,KY,Morgan,$4.275,2026-09-24
Kentucky,KY,Muhlenberg,$4.282,2026-09-24
Kentucky,KY,Nelson,$4.107,2026-09-24
Kentucky,KY,Nicholas,$4.181,2026-09-24
Kentucky,KY,Ohio,$4.142,2026-09-24
Kentucky,KY,Oldham,$4.135,2026-09-24
Kentucky,KY,Owen,$4.359,2026-09-24
Kentucky,KY,Owsley,$4.299,2026-09-24
Kentucky,KY,Pendleton,$4.587,2026-09-24
Kentucky,KY,Perry,$4.119,2026-09-24
Kentucky,KY,Pike,$4.177,2026-09-24
Kentucky,KY,Powell,$4.222,2026-09-24
Kentucky,KY,Pulaski,$4.070,2026-09-24
Kentucky,KY,Robertson,$4.159,2026-09-24
Kentucky,KY,Rockcastle,$4.250,2026-09-24
Kentucky,KY,Rowan,$4.201,2026-09-24
Kentucky,KY,Russell,$4.182,2026-09-24
Kentucky,KY,Scott,$4.119,2026-09-24
Kentucky,KY,Shelby,$4.051,2026-09-24
Kentucky,KY,Simpson,$3.922,2026-09-24
Kentucky,KY,Spencer,$4.202,2026-09-24
Kentucky,KY,Taylor,$4.060,2026-09-24
Kentucky,KY,Todd,$4.119,2026-09-24
Kentucky,KY,Trigg,$4.066,2026-09-24
Kentucky,KY,Trimble,$4.179,2026-09-24
Kentucky,KY,Union,$4.056,2026-09-24
Kentucky,KY,Warren,$4.083,2026-09-24
Kentucky,KY,Washington,$4.166,2026-09-24
Kentucky,KY,Wayne,$4.074,2026-09-24
Kentucky,KY,Webster,$4.087,2026-09-24
Kentucky,KY,Whitley,$4.152,2026-09-24
Kentucky,KY,Wolfe,$4.207,2026-09-24
Kentucky,KY,Woodford,$4.291,2026-09-24
Louisiana,LA,Acadia,$4.046,2026-09-24
Louisiana,LA,Allen,$4.123,2026-09-24
Louisiana,LA,Ascension,$4.020,2026-09-24
Louisiana,LA,Assumption,$3.989,2026-09-24
Louisiana,LA,Avoyelles,$4.028,2026-09-24
Louisiana,LA,Beauregard,$3.970,2026-09-24
Louisiana,LA,Bienville,$4.128,2026-09-24
Louisiana,LA,Bossier,$3.970,2026-09-24
Louisiana,LA,Caddo,$4.023,2026-09-24
Louisiana,LA,Calcasieu,$4.005,2026-09-24
Louisiana,LA,Caldwell,$4.072,2026-09-24
Louisiana,LA,Cameron,$4.424,2026-09-24
Louisiana,LA,Catahoula,$4.076,2026-09-24
Louisiana,LA,Claiborne,$4.105,2026-09-24
Louisiana,LA,Concordia,$3.854,2026-09-24
Louisiana,LA,De Soto,$4.018,2026-09-24
Louisiana,LA,East Baton Rouge,$4.035,2026-09-24
Louisiana,LA,East Carroll,$4.029,2026-09-24
Louisiana,LA,East Feliciana,$4.186,2026-09-24
Louisiana,LA,Evangeline,$4.089,2026-09-24
Louisiana,LA,Franklin,$4.127,2026-09-24
Louisiana,LA,Grant,$4.070,2026-09-24
Louisiana,LA,Iberia,$4.012,2026-09-24
Louisiana,LA,Iberville,$4.089,2026-09-24
Louisiana,LA,Jackson,$4.060,2026-09-24
Louisiana,LA,Jefferson,$4.007,2026-09-24
Louisiana,LA,Jefferson Davis,$4.182,2026-09-24
Louisiana,LA,La Salle,$4.089,2026-09-24
Louisiana,LA,Lafayette,$4.040,2026-09-24
Louisiana,LA,Lafourche,$4.003,2026-09-24
Louisiana,LA,Lincoln,$3.992,2026-09-24
Louisiana,LA,Livingston,$4.010,2026-09-24
Louisiana,LA,Madison,$4.011,2026-09-24
Louisiana,LA,Morehouse,$4.024,2026-09-24
Louisiana,LA,Natchitoches,$4.031,2026-09-24
Louisiana,LA,Orleans,$3.977,2026-09-24
Louisiana,LA,Ouachita,$3.989,2026-09-24
Louisiana,LA,Plaquemines,$4.192,2026-09-24
Louisiana,LA,Pointe Coupee,$4.057,2026-09-24
Louisiana,LA,Rapides,$4.032,2026-09-24
Louisiana,LA,Red River,$3.999,2026-09-24
Louisiana,LA,Richland,$4.028,2026-09-24
Louisiana,LA,Sabine,$4.161,2026-09-24
Louisiana,LA,Saint Bernard,$3.934,2026-09-24
Louisiana,LA,Saint Charles,$4.046,2026-09-24
Louisiana,LA,Saint Helena,$4.052,2026-09-24
Louisiana,LA,Saint James,$4.096,2026-09-24
Louisiana,LA,St John the Baptist,$4.095,2026-09-24
Louisiana,LA,Saint Landry,$4.063,2026-09-24
Louisiana,LA,Saint Martin,$3.972,2026-09-24
Louisiana,LA,Saint Mary,$4.061,2026-09-24
Louisiana,LA,Saint Tammany,$3.999,2026-09-24
Louisiana,LA,Tangipahoa,$4.054,2026-09-24
Louisiana,LA,Tensas,$4.499,2026-09-24
Louisiana,LA,Terrebonne,$4.032,2026-09-24
Louisiana,LA,Union,$4.052,2026-09-24
Louisiana,LA,Vermilion,$4.127,2026-09-24
Louisiana,LA,Vernon,$4.132,2026-09-24
Louisiana,LA,Washington,$4.047,2026-09-24
Louisiana,LA,Webster,$4.175,2026-09-24
Louisiana,LA,West Baton Rouge,$4.007,2026-09-24
Louisiana,LA,West Carroll,$3.999,2026-09-24
Louisiana,LA,West Feliciana,$4.273,2026-09-24
Louisiana,LA,Winn,$4.043,2026-09-24
Maine,ME,Androscoggin,$4.481,2026-09-24
Maine,ME,Aroostook,$4.473,2026-09-24
Maine,ME,Cumberland,$4.393,2026-09-24
Maine,ME,Franklin,$4.430,2026-09-24
Maine,ME,Hancock,$4.500,2026-09-24
Maine,ME,Kennebec,$4.407,2026-09-24
Maine,ME,Knox,$4.320,2026-09-24
Maine,ME,Lincoln,$4.401,2026-09-24
Maine,ME,Oxford,$4.436,2026-09-24
Maine,ME,Penobscot,$4.438,2026-09-24
Maine,ME,Piscataquis,$4.392,2026-09-24
Maine,ME,Sagadahoc,$4.418,2026-09-24
Maine,ME,Somerset,$4.363,2026-09-24
Maine,ME,Waldo,$4.443,2026-09-24
Maine,ME,Washington,$4.508,2026-09-24
Maine,ME,York,$4.432,2026-09-24
Montana,MT,Beaverhead,$4.748,2026-09-24
Montana,MT,Big Horn,$4.475,2026-09-24
Montana,MT,Blaine,$4.559,2026-09-24
Montana,MT,Broadwater,$4.544,2026-09-24
Montana,MT,Carbon,$4.562,2026-09-24
Montana,MT,Carter,$4.549,2026-09-24
Montana,MT,Cascade,$4.572,2026-09-24
Montana,MT,Chouteau,$4.649,2026-09-24
Montana,MT,Custer,$4.275,2026-09-24
Montana,MT,Daniels,$4.752,2026-09-24
Montana,MT,Dawson,$4.299,2026-09-24
Montana,MT,Deer Lodge,$4.671,2026-09-24
Montana,MT,Fallon,$4.409,2026-09-24
Montana,MT,Fergus,$4.660,2026-09-24
Montana,MT,Flathead,$4.675,2026-09-24
Montana,MT,Gallatin,$4.706,2026-09-24
Montana,MT,Garfield,$4.489,2026-09-24
Montana,MT,Glacier,$4.797,2026-09-24
Montana,MT,Golden Valley,$4.829,2026-09-24
Montana,MT,Granite,$4.706,2026-09-24
Montana,MT,Hill,$4.611,2026-09-24
Montana,MT,Jefferson,$4.703,2026-09-24
Montana,MT,Judith Basin,$4.794,2026-09-24
Montana,MT,Lake,$4.614,2026-09-24
Montana,MT,Lewis and Clark,$4.665,2026-09-24
Montana,MT,Liberty,$4.509,2026-09-24
Montana,MT,Lincoln,$4.690,2026-09-24
Montana,MT,Madison,$4.673,2026-09-24
Montana,MT,McCone,$4.476,2026-09-24
Montana,MT,Meagher,$4.649,2026-09-24
Montana,MT,Mineral,$4.692,2026-09-24
Montana,MT,Missoula,$4.585,2026-09-24
Montana,MT,Musselshell,$4.666,2026-09-24
Montana,MT,Park,$4.817,2026-09-24
Montana,MT,Petroleum,$4.989,2026-09-24
Montana,MT,Phillips,$4.499,2026-09-24
Montana,MT,Pondera,$4.624,2026-09-24
Montana,MT,Powder River,$4.714,2026-09-24
Montana,MT,Powell,$4.692,2026-09-24
Montana,MT,Prairie,$4.369,2026-09-24
Montana,MT,Ravalli,$4.604,2026-09-24
Montana,MT,Richland,$4.235,2026-09-24
Montana,MT,Roosevelt,$4.291,2026-09-24
Montana,MT,Rosebud,$4.601,2026-09-24
Montana,MT,Sanders,$4.710,2026-09-24
Montana,MT,Sheridan,$4.384,2026-09-24
Montana,MT,Silver Bow,$4.662,2026-09-24
Montana,MT,Stillwater,$4.595,2026-09-24
Montana,MT,Sweet Grass,$4.632,2026-09-24
Montana,MT,Teton,$4.616,2026-09-24
Montana,MT,Toole,$4.544,2026-09-24
Montana,MT,Treasure,$4.459,2026-09-24
Montana,MT,Valley,$4.489,2026-09-24
Montana,MT,Wheatland,$4.856,2026-09-24
Montana,MT,Wibaux,$4.359,2026-09-24
Montana,MT,Yellowstone,$4.593,2026-09-24
Nebraska,NE,Adams,$4.266,2026-09-24
Nebraska,NE,Antelope,$4.324,2026-09-24
Nebraska,NE,Arthur,,2026-09-24
Nebraska,NE,Banner,,2026-09-24
Nebraska,NE,Blaine,,2026-09-24
Nebraska,NE,Boone,$4.192,2026-09-24
Nebraska,NE,Box Butte,$4.398,2026-09-24
Nebraska,NE,Boyd,$4.249,2026-09-24
Nebraska,NE,Brown,$4.599,2026-09-24
Nebraska,NE,Buffalo,$4.393,2026-09-24
Nebraska,NE,Burt,$4.579,2026-09-24
Nebraska,NE,Butler,$4.421,2026-09-24
Nebraska,NE,Cass,$4.403,2026-09-24
Nebraska,NE,Cedar,$4.316,2026-09-24
Nebraska,NE,Chase,$4.969,2026-09-24
Nebraska,NE,Cherry,$4.350,2026-09-24
Nebraska,NE,Cheyenne,$4.468,2026-09-24
Nebraska,NE,Clay,$4.316,2026-09-24
Nebraska,NE,Colfax,$4.149,2026-09-24
Nebraska,NE,Cuming,$4.209,2026-09-24
Nebraska,NE,Custer,$4.779,2026-09-24
Nebraska,NE,Dakota,$4.295,2026-09-24
Nebraska,NE,Dawes,$4.391,2026-09-24
Nebraska,NE,Dawson,$4.474,2026-09-24
Nebraska,NE,Deuel,$4.474,2026-09-24
Nebraska,NE,Dixon,$4.516,2026-09-24
Nebraska,NE,Dodge,$4.353,2026-09-24
Nebraska,NE,Douglas,$4.392,2026-09-24
Nebraska,NE,Dundy,,2026-09-24
Nebraska,NE,Fillmore,$4.358,2026-09-24
Nebraska,NE,Franklin,$4.332,2026-09-24
Nebraska,NE,Frontier,$4.574,2026-09-24
Nebraska,NE,Furnas,$4.527,2026-09-24
Nebraska,NE,Gage,$4.387,2026-09-24
Nebraska,NE,Garden,,2026-09-24
Nebraska,NE,Garfield,$4.774,2026-09-24
Nebraska,NE,Gosper,$4.199,2026-09-24
Nebraska,NE,Grant,$4.299,2026-09-24
Nebraska,NE,Greeley,,2026-09-24
Nebraska,NE,Hall,$4.415,2026-09-24
Nebraska,NE,Hamilton,$4.136,2026-09-24
Nebraska,NE,Harlan,$4.479,2026-09-24
Nebraska,NE,Hayes,$4.229,2026-09-24
Nebraska,NE,Hitchcock,$4.669,2026-09-24
Nebraska,NE,Holt,$4.312,2026-09-24
Nebraska,NE,Hooker,$4.399,2026-09-24
Nebraska,NE,Howard,$4.399,2026-09-24
Nebraska,NE,Jefferson,$4.679,2026-09-24
Nebraska,NE,Johnson,$4.376,2026-09-24
Nebraska,NE,Kearney,$4.516,2026-09-24
Nebraska,NE,Keith,$4.350,2026-09-24
Nebraska,NE,Keya Paha,,2026-09-24
Nebraska,NE,Kimball,$4.524,2026-09-24
Nebraska,NE,Knox,$4.419,2026-09-24
Nebraska,NE,Lancaster,$4.419,2026-09-24
Nebraska,NE,Lincoln,$4.471,2026-09-24
Nebraska,NE,Logan,$4.934,2026-09-24
Nebraska,NE,Loup,$4.799,2026-09-24
Nebraska,NE,Madison,$4.255,2026-09-24
Nebraska,NE,McPherson,,2026-09-24
Nebraska,NE,Merrick,$4.509,2026-09-24
Nebraska,NE,Morrill,$4.759,2026-09-24
Nebraska,NE,Nance,$4.199,2026-09-24
Nebraska,NE,Nemaha,$4.399,2026-09-24
Nebraska,NE,Nuckolls,$4.366,2026-09-24
Nebraska,NE,Otoe,$4.317,2026-09-24
Nebraska,NE,Pawnee,$4.399,2026-09-24
Nebraska,NE,Perkins,$4.746,2026-09-24
Nebraska,NE,Phelps,$4.512,2026-09-24
Nebraska,NE,Pierce,$4.124,2026-09-24
Nebraska,NE,Platte,$4.179,2026-09-24
Nebraska,NE,Polk,$4.299,2026-09-24
Nebraska,NE,Red Willow,$4.620,2026-09-24
Nebraska,NE,Richardson,$4.366,2026-09-24
Nebraska,NE,Rock,$4.299,2026-09-24
Nebraska,NE,Saline,$4.445,2026-09-24
Nebraska,NE,Sarpy,$4.381,2026-09-24
Nebraska,NE,Saunders,$4.442,2026-09-24
Nebraska,NE,Scotts Bluff,$4.254,2026-09-24
Nebraska,NE,Seward,$4.295,2026-09-24
Nebraska,NE,Sheridan,$4.424,2026-09-24
Nebraska,NE,Sherman,$4.499,2026-09-24
Nebraska,NE,Sioux,,2026-09-24
Nebraska,NE,Stanton,$4.179,2026-09-24
Nebraska,NE,Thayer,$4.399,2026-09-24
Nebraska,NE,Thomas,$5.299,2026-09-24
Nebraska,NE,Thurston,$4.404,2026-09-24
Nebraska,NE,Valley,$4.299,2026-09-24
Nebraska,NE,Washington,$4.424,2026-09-24
Nebraska,NE,Wayne,$4.301,2026-09-24
Nebraska,NE,Webster,$4.499,2026-09-24
Nebraska,NE,Wheeler,,2026-09-24
Nebraska,NE,York,$4.228,2026-09-24
Nevada,NV,Carson City,$5.123,2026-09-24
Nevada,NV,Churchill,$5.123,2026-09-24
Nevada,NV,Clark,$5.365,2026-09-24
Nevada,NV,Douglas,$5.301,2026-09-24
Nevada,NV,Elko,$5.042,2026-09-24
Nevada,NV,Esmeralda,$5.489,2026-09-24
Nevada,NV,Eureka,$5.099,2026-09-24
Nevada,NV,Humboldt,$5.136,2026-09-24
Nevada,NV,Lander,$5.152,2026-09-24
Nevada,NV,Lincoln,$5.291,2026-09-24
Nevada,NV,Lyon,$5.080,2026-09-24
Nevada,NV,Mineral,$5.761,2026-09-24
Nevada,NV,Nye,$5.114,2026-09-24
Nevada,NV,Pershing,$5.128,2026-09-24
Nevada,NV,Storey,$4.999,2026-09-24
Nevada,NV,Washoe,$5.738,2026-09-24
Nevada,NV,White Pine,$5.001,2026-09-24
New Hampshire,NH,Belknap,$4.370,2026-09-24
New Hampshire,NH,Carroll,$4.346,2026-09-24
New Hampshire,NH,Cheshire,$4.384,2026-09-24
New Hampshire,NH,Coos,$4.416,2026-09-24
New Hampshire,NH,Grafton,$4.357,2026-09-24
New Hampshire,NH,Hillsborough,$4.349,2026-09-24
New Hampshire,NH,Merrimack,$4.387,2026-09-24
New Hampshire,NH,Rockingham,$4.390,2026-09-24
New Hampshire,NH,Strafford,$4.399,2026-09-24
New Hampshire,NH,Sullivan,$4.343,2026-09-24
New Jersey,NJ,Atlantic,$4.395,2026-09-24
New Jersey,NJ,Bergen,$4.374,2026-09-24
New Jersey,NJ,Burlington,$4.374,2026-09-24
New Jersey,NJ,Camden,$4.361,2026-09-24
New Jersey,NJ,Cape May,$4.533,2026-09-24
New Jersey,NJ,Cumberland,$4.419,2026-09-24
New Jersey,NJ,Essex,$4.493,2026-09-24
New Jersey,NJ,Gloucester,$4.419,2026-09-24
New Jersey,NJ,Hudson,$4.412,2026-09-24
New Jersey,NJ,Hunterdon,$4.433,2026-09-24
New Jersey,NJ,Mercer,$4.353,2026-09-24
New Jersey,NJ,Middlesex,$4.394,2026-09-24
New Jersey,NJ,Monmouth,$4.391,2026-09-24
New Jersey,NJ,Morris,$4.380,2026-09-24
New Jersey,NJ,Ocean,$4.396,2026-09-24
New Jersey,NJ,Passaic,$4.406,2026-09-24
New Jersey,NJ,Salem,$4.354,2026-09-24
New Jersey,NJ,Somerset,$4.451,2026-09-24
New Jersey,NJ,Sussex,$4.343,2026-09-24
New Jersey,NJ,Union,$4.409,2026-09-24
New Jersey,NJ,Warren,$4.329,2026-09-24
New Mexico,NM,Bernalillo,$4.583,2026-09-24
New Mexico,NM,Catron,$4.905,2026-09-24
New Mexico,NM,Chaves,$4.391,2026-09-24
New Mexico,NM,Cibola,$4.526,2026-09-24
New Mexico,NM,Colfax,$4.455,2026-09-24
New Mexico,NM,Curry,$4.293,2026-09-24
New Mexico,NM,De Baca,$4.399,2026-09-24
New Mexico,NM,Dona Ana,$4.545,2026-09-24
New Mexico,NM,Eddy,$4.394,2026-09-24
New Mexico,NM,Grant,$4.567,2026-09-24
New Mexico,NM,Guadalupe,$4.476,2026-09-24
New Mexico,NM,Harding,$5.209,2026-09-24
New Mexico,NM,Hidalgo,$4.393,2026-09-24
New Mexico,NM,Lea,$4.259,2026-09-24
New Mexico,NM,Lincoln,$4.465,2026-09-24
New Mexico,NM,Los Alamos,$4.732,2026-09-24
New Mexico,NM,Luna,$4.507,2026-09-24
New Mexico,NM,McKinley,$4.583,2026-09-24
New Mexico,NM,Mora,$4.599,2026-09-24
New Mexico,NM,Otero,$4.186,2026-09-24
New Mexico,NM,Quay,$4.218,2026-09-24
New Mexico,NM,Rio Arriba,$4.602,2026-09-24
New Mexico,NM,Roosevelt,$4.361,2026-09-24
New Mexico,NM,San Juan,$4.920,2026-09-24
New Mexico,NM,San Miguel,$4.644,2026-09-24
New Mexico,NM,Sandoval,$4.599,2026-09-24
New Mexico,NM,Santa Fe,$4.593,2026-09-24
New Mexico,NM,Sierra,$4.553,2026-09-24
New Mexico,NM,Socorro,$4.425,2026-09-24
New Mexico,NM,Taos,$4.711,2026-09-24
New Mexico,NM,Torrance,$4.409,2026-09-24
New Mexico,NM,Union,$4.239,2026-09-24
New Mexico,NM,Valencia,$4.458,2026-09-24
New York,NY,Albany,$4.439,2026-09-24
New York,NY,Allegany,$4.418,2026-09-24
New York,NY,Bronx,$4.575,2026-09-24
New York,NY,Broome,$4.483,2026-09-24
New York,NY,Cattaraugus,$4.354,2026-09-24
New York,NY,Cayuga,$4.344,2026-09-24
New York,NY,Chautauqua,$4.438,2026-09-24
New York,NY,Chemung,$4.380,2026-09-24
New York,NY,Chenango,$4.472,2026-09-24
New York,NY,Clinton,$4.599,2026-09-24
New York,NY,Columbia,$4.432,2026-09-24
New York,NY,Cortland,$4.417,2026-09-24
New York,NY,Delaware,$4.491,2026-09-24
New York,NY,Dutchess,$4.483,2026-09-24
New York,NY,Erie,$4.430,2026-09-24
New York,NY,Essex,$4.792,2026-09-24
New York,NY,Franklin,$4.715,2026-09-24
New York,NY,Fulton,$4.470,2026-09-24
New York,NY,Genesee,$4.428,2026-09-24
New York,NY,Greene,$4.445,2026-09-24
New York,NY,Hamilton,$4.845,2026-09-24
New York,NY,Herkimer,$4.437,2026-09-24
New York,NY,Jefferson,$4.562,2026-09-24
New York,NY,Kings,$4.550,2026-09-24
New York,NY,Lewis,$4.612,2026-09-24
New York,NY,Livingston,$4.454,2026-09-24
New York,NY,Madison,$4.366,2026-09-24
New York,NY,Monroe,$4.421,2026-09-24
New York,NY,Montgomery,$4.429,2026-09-24
New York,NY,Nassau,$4.476,2026-09-24
New York,NY,New York,$4.657,2026-09-24
New York,NY,Niagara,$4.392,2026-09-24
New York,NY,Oneida,$4.484,2026-09-24
New York,NY,Onondaga,$4.396,2026-09-24
New York,NY,Ontario,$4.433,2026-09-24
New York,NY,Orange,$4.435,2026-09-24
New York,NY,Orleans,$4.386,2026-09-24
New York,NY,Oswego,$4.367,2026-09-24
New York,NY,Otsego,$4.490,2026-09-24
New York,NY,Putnam,$4.485,2026-09-24
New York,NY,Queens,$4.579,2026-09-24
New York,NY,Rensselaer,$4.447,2026-09-24
New York,NY,Richmond,$4.566,2026-09-24
New York,NY,Rockland,$4.642,2026-09-24
New York,NY,Saratoga,$4.462,2026-09-24
New York,NY,Schenectady,$4.412,2026-09-24
New York,NY,Schoharie,$4.433,2026-09-24
New York,NY,Schuyler,$4.455,2026-09-24
New York,NY,Seneca,$4.349,2026-09-24
New York,NY,Saint Lawrence,$4.775,2026-09-24
New York,NY,Steuben,$4.414,2026-09-24
New York,NY,Suffolk,$4.486,2026-09-24
New York,NY,Sullivan,$4.450,2026-09-24
New York,NY,Tioga,$4.459,2026-09-24
New York,NY,Tompkins,$4.438,2026-09-24
New York,NY,Ulster,$4.409,2026-09-24
New York,NY,Warren,$4.498,2026-09-24
New York,NY,Washington,$4.448,2026-09-24
New York,NY,Wayne,$4.426,2026-09-24
New York,NY,Westchester,$4.687,2026-09-24
New York,NY,Wyoming,$4.431,2026-09-24
New York,NY,Yates,$4.399,2026-09-24
North Carolina,NC,Alamance,$4.136,2026-09-24
North Carolina,NC,Alexander,$4.065,2026-09-24
North Carolina,NC,Alleghany,$4.154,2026-09-24
North Carolina,NC,Anson,$4.157,2026-09-24
North Carolina,NC,Ashe,$4.048,2026-09-24
North Carolina,NC,Avery,$4.245,2026-09-24
North Carolina,NC,Beaufort,$4.107,2026-09-24
North Carolina,NC,Bertie,$4.132,2026-09-24
North Carolina,NC,Bladen,$4.007,2026-09-24
North Carolina,NC,Brunswick,$4.039,2026-09-24
North Carolina,NC,Buncombe,$4.177,2026-09-24
North Carolina,NC,Burke,$4.116,2026-09-24
North Carolina,NC,Cabarrus,$4.158,2026-09-24
North Carolina,NC,Caldwell,$4.072,2026-09-24
North Carolina,NC,Camden,$4.122,2026-09-24
North Carolina,NC,Carteret,$4.097,2026-09-24
North Carolina,NC,Caswell,$4.208,2026-09-24
North Carolina,NC,Catawba,$4.058,2026-09-24
North Carolina,NC,Chatham,$4.139,2026-09-24
North Carolina,NC,Cherokee,$4.205,2026-09-24
North Carolina,NC,Chowan,$4.153,2026-09-24
North Carolina,NC,Clay,$4.079,2026-09-24
North Carolina,NC,Cleveland,$4.148,2026-09-24
North Carolina,NC,Columbus,$4.059,2026-09-24
North Carolina,NC,Craven,$4.094,2026-09-24
North Carolina,NC,Cumberland,$4.081,2026-09-24
North Carolina,NC,Currituck,$4.207,2026-09-24
North Carolina,NC,Dare,$4.243,2026-09-24
North Carolina,NC,Davidson,$4.078,2026-09-24
North Carolina,NC,Davie,$4.129,2026-09-24
North Carolina,NC,Duplin,$4.135,2026-09-24
North Carolina,NC,Durham,$4.171,2026-09-24
North Carolina,NC,Edgecombe,$4.061,2026-09-24
North Carolina,NC,Forsyth,$4.127,2026-09-24
North Carolina,NC,Franklin,$4.131,2026-09-24
North Carolina,NC,Gaston,$4.177,2026-09-24
North Carolina,NC,Gates,$4.223,2026-09-24
North Carolina,NC,Graham,$4.234,2026-09-24
North Carolina,NC,Granville,$4.181,2026-09-24
North Carolina,NC,Greene,$4.102,2026-09-24
North Carolina,NC,Guilford,$4.138,2026-09-24
North Carolina,NC,Halifax,$4.076,2026-09-24
North Carolina,NC,Harnett,$4.093,2026-09-24
North Carolina,NC,Haywood,$4.201,2026-09-24
North Carolina,NC,Henderson,$4.095,2026-09-24
North Carolina,NC,Hertford,$4.124,2026-09-24
North Carolina,NC,Hoke,$4.173,2026-09-24
North Carolina,NC,Hyde,$4.299,2026-09-24
North Carolina,NC,Iredell,$4.170,2026-09-24
North Carolina,NC,Jackson,$4.236,2026-09-24
North Carolina,NC,Johnston,$4.098,2026-09-24
North Carolina,NC,Jones,$4.099,2026-09-24
North Carolina,NC,Lee,$4.117,2026-09-24
North Carolina,NC,Lenoir,$4.091,2026-09-24
North Carolina,NC,Lincoln,$4.095,2026-09-24
North Carolina,NC,Macon,$4.241,2026-09-24
North Carolina,NC,Madison,$4.236,2026-09-24
North Carolina,NC,Martin,$4.088,2026-09-24
North Carolina,NC,McDowell,$4.121,2026-09-24
North Carolina,NC,Mecklenburg,$4.193,2026-09-24
North Carolina,NC,Mitchell,$4.171,2026-09-24
North Carolina,NC,Montgomery,$4.153,2026-09-24
North Carolina,NC,Moore,$4.117,2026-09-24
North Carolina,NC,Nash,$4.097,2026-09-24
North Carolina,NC,New Hanover,$4.034,2026-09-24
North Carolina,NC,Northampton,$4.141,2026-09-24
North Carolina,NC,Onslow,$4.062,2026-09-24
North Carolina,NC,Orange,$4.202,2026-09-24
North Carolina,NC,Pamlico,$4.137,2026-09-24
North Carolina,NC,Pasquotank,$4.126,2026-09-24
North Carolina,NC,Pender,$4.114,2026-09-24
North Carolina,NC,Perquimans,$4.106,2026-09-24
North Carolina,NC,Person,$4.217,2026-09-24
North Carolina,NC,Pitt,$4.037,2026-09-24
North Carolina,NC,Polk,$4.232,2026-09-24
North Carolina,NC,Randolph,$4.138,2026-09-24
North Carolina,NC,Richmond,$4.138,2026-09-24
North Carolina,NC,Robeson,$4.065,2026-09-24
North Carolina,NC,Rockingham,$4.117,2026-09-24
North Carolina,NC,Rowan,$4.147,2026-09-24
North Carolina,NC,Rutherford,$4.157,2026-09-24
North Carolina,NC,Sampson,$4.051,2026-09-24
North Carolina,NC,Scotland,$4.078,2026-09-24
North Carolina,NC,Stanly,$4.114,2026-09-24
North Carolina,NC,Stokes,$4.159,2026-09-24
North Carolina,NC,Surry,$4.125,2026-09-24
North Carolina,NC,Swain,$4.174,2026-09-24
North Carolina,NC,Transylvania,$4.244,2026-09-24
North Carolina,NC,Tyrrell,$4.091,2026-09-24
North Carolina,NC,Union,$4.144,2026-09-24
North Carolina,NC,Vance,$4.174,2026-09-24
North Carolina,NC,Wake,$4.151,2026-09-24
North Carolina,NC,Warren,$4.170,2026-09-24
North Carolina,NC,Washington,$4.132,2026-09-24
North Carolina,NC,Watauga,$4.205,2026-09-24
North Carolina,NC,Wayne,$4.046,2026-09-24
North Carolina,NC,Wilkes,$4.087,2026-09-24
North Carolina,NC,Wilson,$4.082,2026-09-24
North Carolina,NC,Yadkin,$4.071,2026-09-24
North Carolina,NC,Yancey,$4.132,2026-09-24
North Dakota,ND,Adams,$4.349,2026-09-24
North Dakota,ND,Barnes,$4.296,2026-09-24
North Dakota,ND,Benson,$4.312,2026-09-24
North Dakota,ND,Billings,$4.399,2026-09-24
North Dakota,ND,Bottineau,$4.316,2026-09-24
North Dakota,ND,Bowman,$4.387,2026-09-24
North Dakota,ND,Burke,$4.299,2026-09-24
North Dakota,ND,Burleigh,$4.303,2026-09-24
North Dakota,ND,Cass,$4.080,2026-09-24
North Dakota,ND,Cavalier,$4.199,2026-09-24
North Dakota,ND,Dickey,$4.379,2026-09-24
North Dakota,ND,Divide,$4.199,2026-09-24
North Dakota,ND,Dunn,$4.539,2026-09-24
North Dakota,ND,Eddy,$4.249,2026-09-24
North Dakota,ND,Emmons,$4.332,2026-09-24
North Dakota,ND,Foster,$4.299,2026-09-24
North Dakota,ND,Golden Valley,$4.269,2026-09-24
North Dakota,ND,Grand Forks,$4.276,2026-09-24
North Dakota,ND,Grant,$4.299,2026-09-24
North Dakota,ND,Griggs,$4.404,2026-09-24
North Dakota,ND,Hettinger,$4.349,2026-09-24
North Dakota,ND,Kidder,$4.312,2026-09-24
North Dakota,ND,LaMoure,$4.299,2026-09-24
North Dakota,ND,Logan,$4.252,2026-09-24
North Dakota,ND,McHenry,$4.324,2026-09-24
North Dakota,ND,McIntosh,$4.299,2026-09-24
North Dakota,ND,McKenzie,$4.390,2026-09-24
North Dakota,ND,McLean,$4.302,2026-09-24
North Dakota,ND,Mercer,$4.276,2026-09-24
North Dakota,ND,Morton,$4.221,2026-09-24
North Dakota,ND,Mountrail,$4.303,2026-09-24
North Dakota,ND,Nelson,$4.299,2026-09-24
North Dakota,ND,Oliver,$4.199,2026-09-24
North Dakota,ND,Pembina,$4.252,2026-09-24
North Dakota,ND,Pierce,$4.299,2026-09-24
North Dakota,ND,Ramsey,$4.309,2026-09-24
North Dakota,ND,Ransom,$4.336,2026-09-24
North Dakota,ND,Renville,$4.299,2026-09-24
North Dakota,ND,Richland,$4.250,2026-09-24
North Dakota,ND,Rolette,$4.316,2026-09-24
North Dakota,ND,Sargent,$4.232,2026-09-24
North Dakota,ND,Sheridan,$4.199,2026-09-24
North Dakota,ND,Sioux,$4.369,2026-09-24
North Dakota,ND,Slope,,2026-09-24
North Dakota,ND,Stark,$4.321,2026-09-24
North Dakota,ND,Steele,$4.586,2026-09-24
North Dakota,ND,Stutsman,$4.318,2026-09-24
North Dakota,ND,Towner,$4.309,2026-09-24
North Dakota,ND,Traill,$4.236,2026-09-24
North Dakota,ND,Walsh,$4.249,2026-09-24
North Dakota,ND,Ward,$4.295,2026-09-24
North Dakota,ND,Wells,$4.299,2026-09-24
North Dakota,ND,Williams,$4.292,2026-09-24
Ohio,OH,Adams,$4.591,2026-09-24
Ohio,OH,Allen,$4.351,2026-09-24
Ohio,OH,Ashland,$4.437,2026-09-24
Ohio,OH,Ashtabula,$4.477,2026-09-24
Ohio,OH,Athens,$4.566,2026-09-24
Ohio,OH,Auglaize,$4.451,2026-09-24
Ohio,OH,Belmont,$4.432,2026-09-24
Ohio,OH,Brown,$4.546,2026-09-24
Ohio,OH,Butler,$4.307,2026-09-24
Ohio,OH,Carroll,$4.543,2026-09-24
Ohio,OH,Champaign,$4.458,2026-09-24
Ohio,OH,Clark,$4.393,2026-09-24
Ohio,OH,Clermont,$4.399,2026-09-24
Ohio,OH,Clinton,$4.506,2026-09-24
Ohio,OH,Columbiana,$4.343,2026-09-24
Ohio,OH,Coshocton,$4.349,2026-09-24
Ohio,OH,Crawford,$4.396,2026-09-24
Ohio,OH,Cuyahoga,$4.519,2026-09-24
Ohio,OH,Darke,$4.344,2026-09-24
Ohio,OH,Defiance,$4.348,2026-09-24
Ohio,OH,Delaware,$4.456,2026-09-24
Ohio,OH,Erie,$4.497,2026-09-24
Ohio,OH,Fairfield,$4.368,2026-09-24
Ohio,OH,Fayette,$4.483,2026-09-24
Ohio,OH,Franklin,$4.424,2026-09-24
Ohio,OH,Fulton,$4.408,2026-09-24
Ohio,OH,Gallia,$4.524,2026-09-24
Ohio,OH,Geauga,$4.555,2026-09-24
Ohio,OH,Greene,$4.412,2026-09-24
Ohio,OH,Guernsey,$4.455,2026-09-24
Ohio,OH,Hamilton,$4.441,2026-09-24
Ohio,OH,Hancock,$4.391,2026-09-24
Ohio,OH,Hardin,$4.481,2026-09-24
Ohio,OH,Harrison,$4.484,2026-09-24
Ohio,OH,Henry,$4.352,2026-09-24
Ohio,OH,Highland,$4.463,2026-09-24
Ohio,OH,Hocking,$4.504,2026-09-24
Ohio,OH,Holmes,$4.522,2026-09-24
Ohio,OH,Huron,$4.510,2026-09-24
Ohio,OH,Jackson,$4.476,2026-09-24
Ohio,OH,Jefferson,$4.511,2026-09-24
Ohio,OH,Knox,$4.409,2026-09-24
Ohio,OH,Lake,$4.399,2026-09-24
Ohio,OH,Lawrence,$4.440,2026-09-24
Ohio,OH,Licking,$4.506,2026-09-24
Ohio,OH,Logan,$4.406,2026-09-24
Ohio,OH,Lorain,$4.412,2026-09-24
Ohio,OH,Lucas,$4.400,2026-09-24
Ohio,OH,Madison,$4.544,2026-09-24
Ohio,OH,Mahoning,$4.415,2026-09-24
Ohio,OH,Marion,$4.489,2026-09-24
Ohio,OH,Medina,$4.447,2026-09-24
Ohio,OH,Meigs,$4.402,2026-09-24
Ohio,OH,Mercer,$4.433,2026-09-24
Ohio,OH,Miami,$4.413,2026-09-24
Ohio,OH,Monroe,$4.542,2026-09-24
Ohio,OH,Montgomery,$4.375,2026-09-24
Ohio,OH,Morgan,$4.429,2026-09-24
Ohio,OH,Morrow,$4.564,2026-09-24
Ohio,OH,Muskingum,$4.301,2026-09-24
Ohio,OH,Noble,$4.539,2026-09-24
Ohio,OH,Ottawa,$4.545,2026-09-24
Ohio,OH,Paulding,$4.539,2026-09-24
Ohio,OH,Perry,$4.451,2026-09-24
Ohio,OH,Pickaway,$4.547,2026-09-24
Ohio,OH,Pike,$4.558,2026-09-24
Ohio,OH,Portage,$4.433,2026-09-24
Ohio,OH,Preble,$4.319,2026-09-24
Ohio,OH,Putnam,$4.483,2026-09-24
Ohio,OH,Richland,$4.389,2026-09-24
Ohio,OH,Ross,$4.500,2026-09-24
Ohio,OH,Sandusky,$4.435,2026-09-24
Ohio,OH,Scioto,$4.427,2026-09-24
Ohio,OH,Seneca,$4.419,2026-09-24
Ohio,OH,Shelby,$4.326,2026-09-24
Ohio,OH,Stark,$4.405,2026-09-24
Ohio,OH,Summit,$4.331,2026-09-24
Ohio,OH,Trumbull,$4.369,2026-09-24
Ohio,OH,Tuscarawas,$4.453,2026-09-24
Ohio,OH,Union,$4.546,2026-09-24
Ohio,OH,Van Wert,$4.339,2026-09-24
Ohio,OH,Vinton,$4.533,2026-09-24
Ohio,OH,Warren,$4.286,2026-09-24
Ohio,OH,Washington,$4.520,2026-09-24
Ohio,OH,Wayne,$4.444,2026-09-24
Ohio,OH,Williams,$4.452,2026-09-24
Ohio,OH,Wood,$4.397,2026-09-24
Ohio,OH,Wyandot,$4.488,2026-09-24
Oklahoma,OK,Adair,$3.924,2026-09-24
Oklahoma,OK,Alfalfa,$4.144,2026-09-24
Oklahoma,OK,Atoka,$4.090,2026-09-24
Oklahoma,OK,Beaver,$4.199,2026-09-24
Oklahoma,OK,Beckham,$4.078,2026-09-24
Oklahoma,OK,Blaine,$4.196,2026-09-24
Oklahoma,OK,Bryan,$3.947,2026-09-24
Oklahoma,OK,Caddo,$4.252,2026-09-24
Oklahoma,OK,Canadian,$4.168,2026-09-24
Oklahoma,OK,Carter,$4.102,2026-09-24
Oklahoma,OK,Cherokee,$4.123,2026-09-24
Oklahoma,OK,Choctaw,$4.062,2026-09-24
Oklahoma,OK,Cimarron,$4.109,2026-09-24
Oklahoma,OK,Cleveland,$4.253,2026-09-24
Oklahoma,OK,Coal,$4.624,2026-09-24
Oklahoma,OK,Comanche,$4.021,2026-09-24
Oklahoma,OK,Cotton,$4.071,2026-09-24
Oklahoma,OK,Craig,$3.982,2026-09-24
Oklahoma,OK,Creek,$4.065,2026-09-24
Oklahoma,OK,Custer,$4.251,2026-09-24
Oklahoma,OK,Delaware,$4.061,2026-09-24
Oklahoma,OK,Dewey,$4.394,2026-09-24
Oklahoma,OK,Ellis,$4.611,2026-09-24
Oklahoma,OK,Garfield,$4.182,2026-09-24
Oklahoma,OK,Garvin,$4.153,2026-09-24
Oklahoma,OK,Grady,$4.140,2026-09-24
Oklahoma,OK,Grant,$3.999,2026-09-24
Oklahoma,OK,Greer,$4.032,2026-09-24
Oklahoma,OK,Harmon,$3.989,2026-09-24
Oklahoma,OK,Harper,$4.053,2026-09-24
Oklahoma,OK,Haskell,$4.020,2026-09-24
Oklahoma,OK,Hughes,$4.289,2026-09-24
Oklahoma,OK,Jackson,$4.059,2026-09-24
Oklahoma,OK,Jefferson,$4.102,2026-09-24
Oklahoma,OK,Johnston,$4.233,2026-09-24
Oklahoma,OK,Kay,$4.117,2026-09-24
Oklahoma,OK,Kingfisher,$4.191,2026-09-24
Oklahoma,OK,Kiowa,$4.197,2026-09-24
Oklahoma,OK,Latimer,$4.228,2026-09-24
Oklahoma,OK,Le Flore,$4.063,2026-09-24
Oklahoma,OK,Lincoln,$4.362,2026-09-24
Oklahoma,OK,Logan,$4.504,2026-09-24
Oklahoma,OK,Love,$4.160,2026-09-24
Oklahoma,OK,Major,$4.061,2026-09-24
Oklahoma,OK,Marshall,$4.280,2026-09-24
Oklahoma,OK,Mayes,$4.003,2026-09-24
Oklahoma,OK,McClain,$4.293,2026-09-24
Oklahoma,OK,McCurtain,$4.199,2026-09-24
Oklahoma,OK,McIntosh,$4.078,2026-09-24
Oklahoma,OK,Murray,$4.136,2026-09-24
Oklahoma,OK,Muskogee,$3.965,2026-09-24
Oklahoma,OK,Noble,$4.231,2026-09-24
Oklahoma,OK,Nowata,$3.959,2026-09-24
Oklahoma,OK,Okfuskee,$4.123,2026-09-24
Oklahoma,OK,Oklahoma,$4.182,2026-09-24
Oklahoma,OK,Okmulgee,$3.963,2026-09-24
Oklahoma,OK,Osage,$4.181,2026-09-24
Oklahoma,OK,Ottawa,$4.040,2026-09-24
Oklahoma,OK,Pawnee,$4.149,2026-09-24
Oklahoma,OK,Payne,$4.118,2026-09-24
Oklahoma,OK,Pittsburg,$4.023,2026-09-24
Oklahoma,OK,Pontotoc,$4.218,2026-09-24
Oklahoma,OK,Pottawatomie,$4.062,2026-09-24
Oklahoma,OK,Pushmataha,$4.079,2026-09-24
Oklahoma,OK,Roger Mills,$4.289,2026-09-24
Oklahoma,OK,Rogers,$4.017,2026-09-24
Oklahoma,OK,Seminole,$4.072,2026-09-24
Oklahoma,OK,Sequoyah,$4.033,2026-09-24
Oklahoma,OK,Stephens,$4.120,2026-09-24
Oklahoma,OK,Texas,$4.105,2026-09-24
Oklahoma,OK,Tillman,$3.955,2026-09-24
Oklahoma,OK,Tulsa,$3.969,2026-09-24
Oklahoma,OK,Wagoner,$3.948,2026-09-24
Oklahoma,OK,Washington,$4.010,2026-09-24
Oklahoma,OK,Washita,$4.096,2026-09-24
Oklahoma,OK,Woods,$4.191,2026-09-24
Oklahoma,OK,Woodward,$4.124,2026-09-24
Oregon,OR,Baker,$5.032,2026-09-24
Oregon,OR,Benton,$4.923,2026-09-24
Oregon,OR,Clackamas,$5.097,2026-09-24
Oregon,OR,Clatsop,$5.244,2026-09-24
Oregon,OR,Columbia,$5.148,2026-09-24
Oregon,OR,Coos,$5.094,2026-09-24
Oregon,OR,Crook,$5.156,2026-09-24
Oregon,OR,Curry,$5.224,2026-09-24
Oregon,OR,Deschutes,$4.996,2026-09-24
Oregon,OR,Douglas,$5.086,2026-09-24
Oregon,OR,Gilliam,$4.949,2026-09-24
Oregon,OR,Grant,$5.197,2026-09-24
Oregon,OR,Harney,$5.196,2026-09-24
Oregon,OR,Hood River,$5.051,2026-09-24
Oregon,OR,Jackson,$5.115,2026-09-24
Oregon,OR,Jefferson,$4.990,2026-09-24
Oregon,OR,Josephine,$5.197,2026-09-24
Oregon,OR,Klamath,$5.027,2026-09-24
Oregon,OR,Lake,$5.116,2026-09-24
Oregon,OR,Lane,$5.129,2026-09-24
Oregon,OR,Lincoln,$4.924,2026-09-24
Oregon,OR,Linn,$4.972,2026-09-24
Oregon,OR,Malheur,$5.267,2026-09-24
Oregon,OR,Marion,$4.894,2026-09-24
Oregon,OR,Morrow,$4.905,2026-09-24
Oregon,OR,Multnomah,$5.163,2026-09-24
Oregon,OR,Polk,$4.956,2026-09-24
Oregon,OR,Sherman,$4.909,2026-09-24
Oregon,OR,Tillamook,$5.374,2026-09-24
Oregon,OR,Umatilla,$5.112,2026-09-24
Oregon,OR,Union,$5.344,2026-09-24
Oregon,OR,Wallowa,$5.386,2026-09-24
Oregon,OR,Wasco,$5.157,2026-09-24
Oregon,OR,Washington,$5.099,2026-09-24
Oregon,OR,Wheeler,,2026-09-24
Oregon,OR,Yamhill,$5.111,2026-09-24
Maryland,MD,Allegany,$4.500,2026-09-24
Maryland,MD,Anne Arundel,$4.320,2026-09-24
Maryland,MD,Baltimore City,$4.311,2026-09-24
Maryland,MD,Baltimore,$4.320,2026-09-24
Maryland,MD,Calvert,$4.267,2026-09-24
Maryland,MD,Cecil,$4.345,2026-09-24
Maryland,MD,Charles,$4.294,2026-09-24
Maryland,MD,Carroll,$4.304,2026-09-24
Maryland,MD,Caroline,$4.301,2026-09-24
Maryland,MD,Dorchester,$4.290,2026-09-24
Maryland,MD,Frederick,$4.320,2026-09-24
Maryland,MD,Garrett,$4.511,2026-09-24
Maryland,MD,Harford,$4.347,2026-09-24
Maryland,MD,Howard,$4.379,2026-09-24
Maryland,MD,Kent,$4.356,2026-09-24
Maryland,MD,Montgomery,$4.377,2026-09-24
Maryland,MD,Prince Georges,$4.317,2026-09-24
Maryland,MD,Queen Annes,$4.262,2026-09-24
Maryland,MD,Saint Marys,$4.334,2026-09-24
Maryland,MD,Somerset,$4.397,2026-09-24
Maryland,MD,Talbot,$4.341,2026-09-24
Maryland,MD,Washington,$4.162,2026-09-24
Maryland,MD,Wicomico,$4.314,2026-09-24
Maryland,MD,Worcester,$4.311,2026-09-24
Massachusetts,MA,Barnstable,$4.413,2026-09-24
Massachusetts,MA,Berkshire,$4.408,2026-09-24
Massachusetts,MA,Bristol,$4.279,2026-09-24
Massachusetts,MA,Dukes,$5.456,2026-09-24
Massachusetts,MA,Essex,$4.446,2026-09-24
Massachusetts,MA,Franklin,$4.341,2026-09-24
Massachusetts,MA,Hampden,$4.285,2026-09-24
Massachusetts,MA,Hampshire,$4.348,2026-09-24
Massachusetts,MA,Middlesex,$4.442,2026-09-24
Massachusetts,MA,Nantucket,$5.794,2026-09-24
Massachusetts,MA,Norfolk,$4.396,2026-09-24
Massachusetts,MA,Plymouth,$4.337,2026-09-24
Massachusetts,MA,Suffolk,$4.564,2026-09-24
Massachusetts,MA,Worcester,$4.402,2026-09-24
Michigan,MI,Alcona,$4.825,2026-09-24
Michigan,MI,Alger,$4.718,2026-09-24
Michigan,MI,Allegan,$4.841,2026-09-24
Michigan,MI,Alpena,$4.742,2026-09-24
Michigan,MI,Antrim,$4.752,2026-09-24
Michigan,MI,Arenac,$5.014,2026-09-24
Michigan,MI,Baraga,$4.612,2026-09-24
Michigan,MI,Barry,$4.940,2026-09-24
Michigan,MI,Bay,$4.822,2026-09-24
Michigan,MI,Benzie,$4.791,2026-09-24
Michigan,MI,Berrien,$4.826,2026-09-24
Michigan,MI,Branch,$4.854,2026-09-24
Michigan,MI,Calhoun,$4.797,2026-09-24
Michigan,MI,Cass,$4.795,2026-09-24
Michigan,MI,Charlevoix,$4.837,2026-09-24
Michigan,MI,Cheboygan,$4.911,2026-09-24
Michigan,MI,Chippewa,$4.945,2026-09-24
Michigan,MI,Clare,$4.841,2026-09-24
Michigan,MI,Clinton,$4.816,2026-09-24
Michigan,MI,Crawford,$4.936,2026-09-24
Michigan,MI,Delta,$4.707,2026-09-24
Michigan,MI,Dickinson,$4.568,2026-09-24
Michigan,MI,Eaton,$4.787,2026-09-24
Michigan,MI,Emmet,$4.889,2026-09-24
Michigan,MI,Genesee,$4.726,2026-09-24
Michigan,MI,Gladwin,$4.896,2026-09-24
Michigan,MI,Gogebic,$4.685,2026-09-24
Michigan,MI,Grand Traverse,$4.781,2026-09-24
Michigan,MI,Gratiot,$4.843,2026-09-24
Michigan,MI,Hillsdale,$4.683,2026-09-24
Michigan,MI,Houghton,$4.637,2026-09-24
Michigan,MI,Huron,$4.885,2026-09-24
Michigan,MI,Ingham,$4.827,2026-09-24
Michigan,MI,Ionia,$4.803,2026-09-24
Michigan,MI,Iosco,$4.922,2026-09-24
Michigan,MI,Iron,$4.740,2026-09-24
Michigan,MI,Isabella,$4.803,2026-09-24
Michigan,MI,Jackson,$4.852,2026-09-24
Michigan,MI,Kalamazoo,$4.876,2026-09-24
Michigan,MI,Kalkaska,$4.748,2026-09-24
Michigan,MI,Kent,$4.796,2026-09-24
Michigan,MI,Keweenaw,$4.699,2026-09-24
Michigan,MI,Lake,$4.893,2026-09-24
Michigan,MI,Lapeer,$4.771,2026-09-24
Michigan,MI,Leelanau,$4.748,2026-09-24
Michigan,MI,Lenawee,$4.727,2026-09-24
Michigan,MI,Livingston,$4.918,2026-09-24
Michigan,MI,Luce,$4.893,2026-09-24
Michigan,MI,Mackinac,$4.736,2026-09-24
Michigan,MI,Macomb,$4.828,2026-09-24
Michigan,MI,Manistee,$4.863,2026-09-24
Michigan,MI,Marquette,$4.678,2026-09-24
Michigan,MI,Mason,$4.733,2026-09-24
Michigan,MI,Mecosta,$4.867,2026-09-24
Michigan,MI,Menominee,$4.665,2026-09-24
Michigan,MI,Midland,$4.808,2026-09-24
Michigan,MI,Missaukee,$4.861,2026-09-24
Michigan,MI,Monroe,$4.712,2026-09-24
Michigan,MI,Montcalm,$4.763,2026-09-24
Michigan,MI,Montmorency,$4.724,2026-09-24
Michigan,MI,Muskegon,$4.728,2026-09-24
Michigan,MI,Newaygo,$4.685,2026-09-24
Michigan,MI,Oakland,$4.873,2026-09-24
Michigan,MI,Oceana,$4.721,2026-09-24
Michigan,MI,Ogemaw,$4.859,2026-09-24
Michigan,MI,Ontonagon,$4.781,2026-09-24
Michigan,MI,Osceola,$4.908,2026-09-24
Michigan,MI,Oscoda,$4.999,2026-09-24
Michigan,MI,Otsego,$4.752,2026-09-24
Michigan,MI,Ottawa,$4.793,2026-09-24
Michigan,MI,Presque Isle,$4.944,2026-09-24
Michigan,MI,Roscommon,$4.784,2026-09-24
Michigan,MI,Saginaw,$4.745,2026-09-24
Michigan,MI,Sanilac,$4.918,2026-09-24
Michigan,MI,Schoolcraft,$4.798,2026-09-24
Michigan,MI,Shiawassee,$4.761,2026-09-24
Michigan,MI,Saint Clair,$4.859,2026-09-24
Michigan,MI,Saint Joseph,$4.793,2026-09-24
Michigan,MI,Tuscola,$4.765,2026-09-24
Michigan,MI,Van Buren,$4.825,2026-09-24
Michigan,MI,Washtenaw,$4.848,2026-09-24
Michigan,MI,Wayne,$4.785,2026-09-24
Michigan,MI,Wexford,$4.668,2026-09-24
Minnesota,MN,Aitkin,$4.321,2026-09-24
Minnesota,MN,Anoka,$4.357,2026-09-24
Minnesota,MN,Becker,$4.436,2026-09-24
Minnesota,MN,Beltrami,$4.313,2026-09-24
Minnesota,MN,Benton,$4.369,2026-09-24
Minnesota,MN,Big Stone,$4.269,2026-09-24
Minnesota,MN,Blue Earth,$4.344,2026-09-24
Minnesota,MN,Brown,$4.490,2026-09-24
Minnesota,MN,Carlton,$4.337,2026-09-24
Minnesota,MN,Carver,$4.441,2026-09-24
Minnesota,MN,Cass,$4.300,2026-09-24
Minnesota,MN,Chippewa,$4.485,2026-09-24
Minnesota,MN,Chisago,$4.433,2026-09-24
Minnesota,MN,Clay,$4.124,2026-09-24
Minnesota,MN,Clearwater,$4.353,2026-09-24
Minnesota,MN,Cook,$4.509,2026-09-24
Minnesota,MN,Cottonwood,$4.499,2026-09-24
Minnesota,MN,Crow Wing,$4.333,2026-09-24
Minnesota,MN,Dakota,$4.410,2026-09-24
Minnesota,MN,Dodge,$4.499,2026-09-24
Minnesota,MN,Douglas,$4.211,2026-09-24
Minnesota,MN,Faribault,$4.392,2026-09-24
Minnesota,MN,Fillmore,$4.414,2026-09-24
Minnesota,MN,Freeborn,$4.399,2026-09-24
Minnesota,MN,Goodhue,$4.410,2026-09-24
Minnesota,MN,Grant,$4.257,2026-09-24
Minnesota,MN,Hennepin,$4.410,2026-09-24
Minnesota,MN,Houston,$4.362,2026-09-24
Minnesota,MN,Hubbard,$4.327,2026-09-24
Minnesota,MN,Isanti,$4.280,2026-09-24
Minnesota,MN,Itasca,$4.324,2026-09-24
Minnesota,MN,Jackson,$4.380,2026-09-24
Minnesota,MN,Kanabec,$4.349,2026-09-24
Minnesota,MN,Kandiyohi,$4.368,2026-09-24
Minnesota,MN,Kittson,$4.282,2026-09-24
Minnesota,MN,Koochiching,$4.303,2026-09-24
Minnesota,MN,Lac Qui Parle,$4.431,2026-09-24
Minnesota,MN,Lake,$4.511,2026-09-24
Minnesota,MN,Lake of the Woods,$4.324,2026-09-24
Minnesota,MN,Le Sueur,$4.401,2026-09-24
Minnesota,MN,Lincoln,$4.339,2026-09-24
Minnesota,MN,Lyon,$4.495,2026-09-24
Minnesota,MN,Mahnomen,$4.412,2026-09-24
Minnesota,MN,Marshall,$4.261,2026-09-24
Minnesota,MN,Martin,$4.279,2026-09-24
Minnesota,MN,McLeod,$4.334,2026-09-24
Minnesota,MN,Meeker,$4.442,2026-09-24
Minnesota,MN,Mille Lacs,$4.329,2026-09-24
Minnesota,MN,Morrison,$4.361,2026-09-24
Minnesota,MN,Mower,$4.339,2026-09-24
Minnesota,MN,Murray,$4.305,2026-09-24
Minnesota,MN,Nicollet,$4.437,2026-09-24
Minnesota,MN,Nobles,$4.345,2026-09-24
Minnesota,MN,Norman,$4.257,2026-09-24
Minnesota,MN,Olmsted,$4.474,2026-09-24
Minnesota,MN,Otter Tail,$4.344,2026-09-24
Minnesota,MN,Pennington,$4.299,2026-09-24
Minnesota,MN,Pine,$4.351,2026-09-24
Minnesota,MN,Pipestone,$4.314,2026-09-24
Minnesota,MN,Polk,$4.392,2026-09-24
Minnesota,MN,Pope,$4.270,2026-09-24
Minnesota,MN,Ramsey,$4.425,2026-09-24
Minnesota,MN,Red Lake,$4.382,2026-09-24
Minnesota,MN,Redwood,$4.377,2026-09-24
Minnesota,MN,Renville,$4.433,2026-09-24
Minnesota,MN,Rice,$4.395,2026-09-24
Minnesota,MN,Rock,$4.306,2026-09-24
Minnesota,MN,Roseau,$4.349,2026-09-24
Minnesota,MN,Scott,$4.389,2026-09-24
Minnesota,MN,Sherburne,$4.340,2026-09-24
Minnesota,MN,Sibley,$4.429,2026-09-24
Minnesota,MN,Saint Louis,$4.347,2026-09-24
Minnesota,MN,Stearns,$4.310,2026-09-24
Minnesota,MN,Steele,$4.389,2026-09-24
Minnesota,MN,Stevens,$4.381,2026-09-24
Minnesota,MN,Swift,$4.384,2026-09-24
Minnesota,MN,Todd,$4.369,2026-09-24
Minnesota,MN,Traverse,$4.449,2026-09-24
Minnesota,MN,Wabasha,$4.399,2026-09-24
Minnesota,MN,Wadena,$4.362,2026-09-24
Minnesota,MN,Waseca,$4.458,2026-09-24
Minnesota,MN,Washington,$4.376,2026-09-24
Minnesota,MN,Watonwan,$4.478,2026-09-24
Minnesota,MN,Wilkin,$4.216,2026-09-24
Minnesota,MN,Winona,$4.266,2026-09-24
Minnesota,MN,Wright,$4.353,2026-09-24
Minnesota,MN,Yellow Medicine,$4.455,2026-09-24
Mississippi,MS,Adams,$4.033,2026-09-24
Mississippi,MS,Alcorn,$3.909,2026-09-24
Mississippi,MS,Amite,$3.984,2026-09-24
Mississippi,MS,Attala,$4.097,2026-09-24
Mississippi,MS,Benton,$3.926,2026-09-24
Mississippi,MS,Bolivar,$3.953,2026-09-24
Mississippi,MS,Calhoun,$4.064,2026-09-24
Mississippi,MS,Carroll,$4.091,2026-09-24
Mississippi,MS,Chickasaw,$3.992,2026-09-24
Mississippi,MS,Choctaw,$4.051,2026-09-24
Mississippi,MS,Claiborne,$4.172,2026-09-24
Mississippi,MS,Clarke,$4.035,2026-09-24
Mississippi,MS,Clay,$3.980,2026-09-24
Mississippi,MS,Coahoma,$4.110,2026-09-24
Mississippi,MS,Copiah,$3.978,2026-09-24
Mississippi,MS,Covington,$3.939,2026-09-24
Mississippi,MS,De Soto,$4.015,2026-09-24
Mississippi,MS,Forrest,$3.901,2026-09-24
Mississippi,MS,Franklin,$4.033,2026-09-24
Mississippi,MS,George,$3.969,2026-09-24
Mississippi,MS,Greene,$3.995,2026-09-24
Mississippi,MS,Grenada,$3.878,2026-09-24
Mississippi,MS,Hancock,$3.966,2026-09-24
Mississippi,MS,Harrison,$3.955,2026-09-24
Mississippi,MS,Hinds,$3.977,2026-09-24
Mississippi,MS,Holmes,$3.966,2026-09-24
Mississippi,MS,Humphreys,$3.999,2026-09-24
Mississippi,MS,Issaquena,,2026-09-24
Mississippi,MS,Itawamba,$3.936,2026-09-24
Mississippi,MS,Jackson,$3.960,2026-09-24
Mississippi,MS,Jasper,$3.944,2026-09-24
Mississippi,MS,Jefferson,$4.252,2026-09-24
Mississippi,MS,Jefferson Davis,$3.996,2026-09-24
Mississippi,MS,Jones,$3.942,2026-09-24
Mississippi,MS,Kemper,$4.074,2026-09-24
Mississippi,MS,Lafayette,$4.182,2026-09-24
Mississippi,MS,Lamar,$3.901,2026-09-24
Mississippi,MS,Lauderdale,$4.099,2026-09-24
Mississippi,MS,Lawrence,$4.032,2026-09-24
Mississippi,MS,Leake,$3.953,2026-09-24
Mississippi,MS,Lee,$3.994,2026-09-24
Mississippi,MS,Leflore,$3.923,2026-09-24
Mississippi,MS,Lincoln,$3.961,2026-09-24
Mississippi,MS,Lowndes,$4.007,2026-09-24
Mississippi,MS,Madison,$4.003,2026-09-24
Mississippi,MS,Marion,$3.998,2026-09-24
Mississippi,MS,Marshall,$4.064,2026-09-24
Mississippi,MS,Monroe,$4.047,2026-09-24
Mississippi,MS,Montgomery,$3.970,2026-09-24
Mississippi,MS,Neshoba,$4.037,2026-09-24
Mississippi,MS,Newton,$4.213,2026-09-24
Mississippi,MS,Noxubee,$4.099,2026-09-24
Mississippi,MS,Oktibbeha,$3.985,2026-09-24
Mississippi,MS,Panola,$4.046,2026-09-24
Mississippi,MS,Pearl River,$3.970,2026-09-24
Mississippi,MS,Perry,$3.975,2026-09-24
Mississippi,MS,Pike,$3.949,2026-09-24
Mississippi,MS,Pontotoc,$4.026,2026-09-24
Mississippi,MS,Prentiss,$3.988,2026-09-24
Mississippi,MS,Quitman,$4.199,2026-09-24
Mississippi,MS,Rankin,$3.937,2026-09-24
Mississippi,MS,Scott,$4.123,2026-09-24
Mississippi,MS,Sharkey,$3.999,2026-09-24
Mississippi,MS,Simpson,$3.995,2026-09-24
Mississippi,MS,Smith,$4.046,2026-09-24
Mississippi,MS,Stone,$3.983,2026-09-24
Mississippi,MS,Sunflower,$3.913,2026-09-24
Mississippi,MS,Tallahatchie,$3.964,2026-09-24
Mississippi,MS,Tate,$4.062,2026-09-24
Mississippi,MS,Tippah,$4.037,2026-09-24
Mississippi,MS,Tishomingo,$3.985,2026-09-24
Mississippi,MS,Tunica,$4.204,2026-09-24
Mississippi,MS,Union,$3.975,2026-09-24
Mississippi,MS,Walthall,$4.059,2026-09-24
Mississippi,MS,Warren,$4.066,2026-09-24
Mississippi,MS,Washington,$3.983,2026-09-24
Mississippi,MS,Wayne,$3.986,2026-09-24
Mississippi,MS,Webster,$4.085,2026-09-24
Mississippi,MS,Wilkinson,$3.981,2026-09-24
Mississippi,MS,Winston,$4.045,2026-09-24
Mississippi,MS,Yalobusha,$4.061,2026-09-24
Mississippi,MS,Yazoo,$3.981,2026-09-24
Missouri,MO,Adair,$4.171,2026-09-24
Missouri,MO,Andrew,$4.252,2026-09-24
Missouri,MO,Atchison,$4.190,2026-09-24
Missouri,MO,Audrain,$4.173,2026-09-24
Missouri,MO,Barry,$4.169,2026-09-24
Missouri,MO,Barton,$4.262,2026-09-24
Missouri,MO,Bates,$4.307,2026-09-24
Missouri,MO,Benton,$4.184,2026-09-24
Missouri,MO,Bollinger,$4.189,2026-09-24
Missouri,MO,Boone,$4.198,2026-09-24
Missouri,MO,Buchanan,$4.185,2026-09-24
Missouri,MO,Butler,$4.161,2026-09-24
Missouri,MO,Caldwell,$4.269,2026-09-24
Missouri,MO,Callaway,$4.189,2026-09-24
Missouri,MO,Camden,$4.120,2026-09-24
Missouri,MO,Cape Girardeau,$4.213,2026-09-24
Missouri,MO,Carroll,$4.299,2026-09-24
Missouri,MO,Carter,$4.254,2026-09-24
Missouri,MO,Cass,$4.223,2026-09-24
Missouri,MO,Cedar,$4.239,2026-09-24
Missouri,MO,Chariton,$4.209,2026-09-24
Missouri,MO,Christian,$4.210,2026-09-24
Missouri,MO,Clark,$4.222,2026-09-24
Missouri,MO,Clay,$4.212,2026-09-24
Missouri,MO,Clinton,$4.258,2026-09-24
Missouri,MO,Cole,$4.196,2026-09-24
Missouri,MO,Cooper,$4.064,2026-09-24
Missouri,MO,Crawford,$4.183,2026-09-24
Missouri,MO,Dade,$4.199,2026-09-24
Missouri,MO,Dallas,$4.168,2026-09-24
Missouri,MO,Daviess,$4.197,2026-09-24
Missouri,MO,DeKalb,$4.249,2026-09-24
Missouri,MO,Dent,$4.299,2026-09-24
Missouri,MO,Douglas,$4.261,2026-09-24
Missouri,MO,Dunklin,$4.216,2026-09-24
Missouri,MO,Franklin,$4.098,2026-09-24
Missouri,MO,Gasconade,$4.225,2026-09-24
Missouri,MO,Gentry,$4.266,2026-09-24
Missouri,MO,Greene,$4.139,2026-09-24
Missouri,MO,Grundy,$4.199,2026-09-24
Missouri,MO,Harrison,$4.275,2026-09-24
Missouri,MO,Henry,$4.210,2026-09-24
Missouri,MO,Hickory,$4.172,2026-09-24
Missouri,MO,Holt,$4.199,2026-09-24
Missouri,MO,Howard,$4.161,2026-09-24
Missouri,MO,Howell,$4.202,2026-09-24
Missouri,MO,Iron,$4.230,2026-09-24
Missouri,MO,Jackson,$4.261,2026-09-24
Missouri,MO,Jasper,$4.108,2026-09-24
Missouri,MO,Jefferson,$4.059,2026-09-24
Missouri,MO,Johnson,$4.189,2026-09-24
Missouri,MO,Knox,$4.199,2026-09-24
Missouri,MO,Laclede,$4.158,2026-09-24
Missouri,MO,Lafayette,$4.270,2026-09-24
Missouri,MO,Lawrence,$4.220,2026-09-24
Missouri,MO,Lewis,$4.193,2026-09-24
Missouri,MO,Lincoln,$4.206,2026-09-24
Missouri,MO,Linn,$4.169,2026-09-24
Missouri,MO,Livingston,$4.306,2026-09-24
Missouri,MO,Macon,$4.191,2026-09-24
Missouri,MO,Madison,$3.980,2026-09-24
Missouri,MO,Maries,$4.229,2026-09-24
Missouri,MO,Marion,$4.151,2026-09-24
Missouri,MO,McDonald,$4.105,2026-09-24
Missouri,MO,Mercer,$4.094,2026-09-24
Missouri,MO,Miller,$4.185,2026-09-24
Missouri,MO,Mississippi,$4.099,2026-09-24
Missouri,MO,Moniteau,$4.181,2026-09-24
Missouri,MO,Monroe,$4.190,2026-09-24
Missouri,MO,Montgomery,$4.205,2026-09-24
Missouri,MO,Morgan,$4.153,2026-09-24
Missouri,MO,New Madrid,$4.163,2026-09-24
Missouri,MO,Newton,$4.112,2026-09-24
Missouri,MO,Nodaway,$4.185,2026-09-24
Missouri,MO,Oregon,$4.230,2026-09-24
Missouri,MO,Osage,$4.161,2026-09-24
Missouri,MO,Ozark,$4.299,2026-09-24
Missouri,MO,Pemiscot,$4.223,2026-09-24
Missouri,MO,Perry,$4.195,2026-09-24
Missouri,MO,Pettis,$4.157,2026-09-24
Missouri,MO,Phelps,$4.224,2026-09-24
Missouri,MO,Pike,$4.199,2026-09-24
Missouri,MO,Platte,$4.264,2026-09-24
Missouri,MO,Polk,$4.281,2026-09-24
Missouri,MO,Pulaski,$4.222,2026-09-24
Missouri,MO,Putnam,$4.199,2026-09-24
Missouri,MO,Ralls,$4.165,2026-09-24
Missouri,MO,Randolph,$4.166,2026-09-24
Missouri,MO,Ray,$4.235,2026-09-24
Missouri,MO,Reynolds,$4.283,2026-09-24
Missouri,MO,Ripley,$4.274,2026-09-24
Missouri,MO,Saline,$4.164,2026-09-24
Missouri,MO,Schuyler,$4.195,2026-09-24
Missouri,MO,Scotland,$4.199,2026-09-24
Missouri,MO,Scott,$4.243,2026-09-24
Missouri,MO,Shannon,$4.297,2026-09-24
Missouri,MO,Shelby,$4.199,2026-09-24
Missouri,MO,Saint Charles,$4.125,2026-09-24
Missouri,MO,Saint Clair,$4.279,2026-09-24
Missouri,MO,Saint Francois,$4.144,2026-09-24
Missouri,MO,Saint Louis,$4.152,2026-09-24
Missouri,MO,Saint Louis City,$4.156,2026-09-24
Missouri,MO,Sainte Genevieve,$4.146,2026-09-24
Missouri,MO,Stoddard,$4.168,2026-09-24
Missouri,MO,Stone,$4.179,2026-09-24
Missouri,MO,Sullivan,$4.199,2026-09-24
Missouri,MO,Taney,$4.290,2026-09-24
Missouri,MO,Texas,$4.297,2026-09-24
Missouri,MO,Vernon,$4.190,2026-09-24
Missouri,MO,Warren,$4.159,2026-09-24
Missouri,MO,Washington,$3.989,2026-09-24
Missouri,MO,Wayne,$4.298,2026-09-24
Missouri,MO,Webster,$4.155,2026-09-24
Missouri,MO,Worth,$4.229,2026-09-24
Missouri,MO,Wright,$4.241,2026-09-24
Pennsylvania,PA,Adams,$4.494,2026-09-24
Pennsylvania,PA,Allegheny,$4.749,2026-09-24
Pennsylvania,PA,Armstrong,$4.685,2026-09-24
Pennsylvania,PA,Beaver,$4.751,2026-09-24
Pennsylvania,PA,Bedford,$4.505,2026-09-24
Pennsylvania,PA,Berks,$4.482,2026-09-24
Pennsylvania,PA,Blair,$4.599,2026-09-24
Pennsylvania,PA,Bradford,$4.552,2026-09-24
Pennsylvania,PA,Bucks,$4.530,2026-09-24
Pennsylvania,PA,Butler,$4.739,2026-09-24
Pennsylvania,PA,Cambria,$4.613,2026-09-24
Pennsylvania,PA,Cameron,$4.502,2026-09-24
Pennsylvania,PA,Carbon,$4.428,2026-09-24
Pennsylvania,PA,Centre,$4.550,2026-09-24
Pennsylvania,PA,Chester,$4.502,2026-09-24
Pennsylvania,PA,Clarion,$4.669,2026-09-24
Pennsylvania,PA,Clearfield,$4.606,2026-09-24
Pennsylvania,PA,Clinton,$4.508,2026-09-24
Pennsylvania,PA,Columbia,$4.429,2026-09-24
Pennsylvania,PA,Crawford,$4.761,2026-09-24
Pennsylvania,PA,Cumberland,$4.395,2026-09-24
Pennsylvania,PA,Dauphin,$4.412,2026-09-24
Pennsylvania,PA,Delaware,$4.508,2026-09-24
Pennsylvania,PA,Elk,$4.579,2026-09-24
Pennsylvania,PA,Erie,$4.741,2026-09-24
Pennsylvania,PA,Fayette,$4.693,2026-09-24
Pennsylvania,PA,Forest,$4.749,2026-09-24
Pennsylvania,PA,Franklin,$4.280,2026-09-24
Pennsylvania,PA,Fulton,$4.341,2026-09-24
Pennsylvania,PA,Greene,$4.746,2026-09-24
Pennsylvania,PA,Huntingdon,$4.583,2026-09-24
Pennsylvania,PA,Indiana,$4.709,2026-09-24
Pennsylvania,PA,Jefferson,$4.628,2026-09-24
Pennsylvania,PA,Juniata,$4.459,2026-09-24
Pennsylvania,PA,Lackawanna,$4.484,2026-09-24
Pennsylvania,PA,Lancaster,$4.458,2026-09-24
Pennsylvania,PA,Lawrence,$4.737,2026-09-24
Pennsylvania,PA,Lebanon,$4.366,2026-09-24
Pennsylvania,PA,Lehigh,$4.413,2026-09-24
Pennsylvania,PA,Luzerne,$4.463,2026-09-24
Pennsylvania,PA,Lycoming,$4.535,2026-09-24
Pennsylvania,PA,McKean,$4.527,2026-09-24
Pennsylvania,PA,Mercer,$4.750,2026-09-24
Pennsylvania,PA,Mifflin,$4.510,2026-09-24
Pennsylvania,PA,Monroe,$4.476,2026-09-24
Pennsylvania,PA,Montgomery,$4.515,2026-09-24
Pennsylvania,PA,Montour,$4.405,2026-09-24
Pennsylvania,PA,Northampton,$4.398,2026-09-24
Pennsylvania,PA,Northumberland,$4.390,2026-09-24
Pennsylvania,PA,Perry,$4.427,2026-09-24
Pennsylvania,PA,Philadelphia,$4.552,2026-09-24
Pennsylvania,PA,Pike,$4.554,2026-09-24
Pennsylvania,PA,Potter,$4.585,2026-09-24
Pennsylvania,PA,Schuylkill,$4.435,2026-09-24
Pennsylvania,PA,Snyder,$4.404,2026-09-24
Pennsylvania,PA,Somerset,$4.633,2026-09-24
Pennsylvania,PA,Sullivan,$4.592,2026-09-24
Pennsylvania,PA,Susquehanna,$4.551,2026-09-24
Pennsylvania,PA,Tioga,$4.506,2026-09-24
Pennsylvania,PA,Union,$4.479,2026-09-24
Pennsylvania,PA,Venango,$4.752,2026-09-24
Pennsylvania,PA,Warren,$4.773,2026-09-24
Pennsylvania,PA,Washington,$4.687,2026-09-24
Pennsylvania,PA,Wayne,$4.487,2026-09-24
Pennsylvania,PA,Westmoreland,$4.715,2026-09-24
Pennsylvania,PA,Wyoming,$4.502,2026-09-24
Pennsylvania,PA,York,$4.495,2026-09-24
Rhode Island,RI,Bristol,$4.427,2026-09-24
Rhode Island,RI,Kent,$4.332,2026-09-24
Rhode Island,RI,Newport,$4.409,2026-09-24
Rhode Island,RI,Providence,$4.391,2026-09-24
Rhode Island,RI,Washington,$4.499,2026-09-24
South Carolina,SC,Abbeville,$3.946,2026-09-24
South Carolina,SC,Aiken,$4.039,2026-09-24
South Carolina,SC,Allendale,$4.162,2026-09-24
South Carolina,SC,Anderson,$3.955,2026-09-24
South Carolina,SC,Bamberg,$4.259,2026-09-24
South Carolina,SC,Barnwell,$4.185,2026-09-24
South Carolina,SC,Beaufort,$4.153,2026-09-24
South Carolina,SC,Berkeley,$4.034,2026-09-24
South Carolina,SC,Calhoun,$4.170,2026-09-24
South Carolina,SC,Charleston,$4.084,2026-09-24
South Carolina,SC,Cherokee,$4.039,2026-09-24
South Carolina,SC,Chester,$4.114,2026-09-24
South Carolina,SC,Chesterfield,$4.070,2026-09-24
South Carolina,SC,Clarendon,$4.021,2026-09-24
South Carolina,SC,Colleton,$4.052,2026-09-24
South Carolina,SC,Darlington,$4.084,2026-09-24
South Carolina,SC,Dillon,$4.004,2026-09-24
South Carolina,SC,Dorchester,$4.070,2026-09-24
South Carolina,SC,Edgefield,$4.084,2026-09-24
South Carolina,SC,Fairfield,$4.079,2026-09-24
South Carolina,SC,Florence,$4.032,2026-09-24
South Carolina,SC,Georgetown,$4.077,2026-09-24
South Carolina,SC,Greenville,$4.063,2026-09-24
South Carolina,SC,Greenwood,$4.006,2026-09-24
South Carolina,SC,Hampton,$4.131,2026-09-24
South Carolina,SC,Horry,$4.001,2026-09-24
South Carolina,SC,Jasper,$4.101,2026-09-24
South Carolina,SC,Kershaw,$4.031,2026-09-24
South Carolina,SC,Lancaster,$4.067,2026-09-24
South Carolina,SC,Laurens,$4.092,2026-09-24
South Carolina,SC,Lee,$4.135,2026-09-24
South Carolina,SC,Lexington,$4.048,2026-09-24
South Carolina,SC,Marion,$3.980,2026-09-24
South Carolina,SC,Marlboro,$4.071,2026-09-24
South Carolina,SC,McCormick,$4.093,2026-09-24
South Carolina,SC,Newberry,$4.156,2026-09-24
South Carolina,SC,Oconee,$3.972,2026-09-24
South Carolina,SC,Orangeburg,$4.176,2026-09-24
South Carolina,SC,Pickens,$3.981,2026-09-24
South Carolina,SC,Richland,$4.060,2026-09-24
South Carolina,SC,Saluda,$4.016,2026-09-24
South Carolina,SC,Spartanburg,$3.977,2026-09-24
South Carolina,SC,Sumter,$4.111,2026-09-24
South Carolina,SC,Union,$4.052,2026-09-24
South Carolina,SC,Williamsburg,$4.098,2026-09-24
South Carolina,SC,York,$4.005,2026-09-24
South Dakota,SD,Aurora,$4.052,2026-09-24
South Dakota,SD,Beadle,$4.269,2026-09-24
South Dakota,SD,Bennett,$4.494,2026-09-24
South Dakota,SD,Bon Homme,$4.305,2026-09-24
South Dakota,SD,Brookings,$4.294,2026-09-24
South Dakota,SD,Brown,$4.416,2026-09-24
South Dakota,SD,Brule,$4.609,2026-09-24
South Dakota,SD,Buffalo,$4.399,2026-09-24
South Dakota,SD,Butte,$4.349,2026-09-24
South Dakota,SD,Campbell,$4.839,2026-09-24
South Dakota,SD,Charles Mix,$4.519,2026-09-24
South Dakota,SD,Clark,$4.666,2026-09-24
South Dakota,SD,Clay,$4.259,2026-09-24
South Dakota,SD,Codington,$4.261,2026-09-24
South Dakota,SD,Corson,$4.299,2026-09-24
South Dakota,SD,Custer,$4.349,2026-09-24
South Dakota,SD,Davison,$4.260,2026-09-24
South Dakota,SD,Day,$4.436,2026-09-24
South Dakota,SD,Deuel,$4.649,2026-09-24
South Dakota,SD,Dewey,$4.849,2026-09-24
South Dakota,SD,Douglas,,2026-09-24
South Dakota,SD,Edmunds,$4.349,2026-09-24
South Dakota,SD,Fall River,$4.376,2026-09-24
South Dakota,SD,Faulk,$4.419,2026-09-24
South Dakota,SD,Grant,$4.259,2026-09-24
South Dakota,SD,Gregory,$4.622,2026-09-24
South Dakota,SD,Haakon,$4.369,2026-09-24
South Dakota,SD,Hamlin,$4.299,2026-09-24
South Dakota,SD,Hand,$4.299,2026-09-24
South Dakota,SD,Hanson,$4.064,2026-09-24
South Dakota,SD,Harding,$4.299,2026-09-24
South Dakota,SD,Hughes,$4.357,2026-09-24
South Dakota,SD,Hutchinson,$4.218,2026-09-24
South Dakota,SD,Hyde,$4.689,2026-09-24
South Dakota,SD,Jackson,$4.459,2026-09-24
South Dakota,SD,Jerauld,$4.099,2026-09-24
South Dakota,SD,Jones,$4.299,2026-09-24
South Dakota,SD,Kingsbury,$4.307,2026-09-24
South Dakota,SD,Lake,$4.304,2026-09-24
South Dakota,SD,Lawrence,$4.343,2026-09-24
South Dakota,SD,Lincoln,$4.248,2026-09-24
South Dakota,SD,Lyman,$4.507,2026-09-24
South Dakota,SD,Marshall,$4.439,2026-09-24
South Dakota,SD,McCook,$4.089,2026-09-24
South Dakota,SD,McPherson,,2026-09-24
South Dakota,SD,Meade,$4.441,2026-09-24
South Dakota,SD,Mellette,$4.224,2026-09-24
South Dakota,SD,Miner,$4.129,2026-09-24
South Dakota,SD,Minnehaha,$4.223,2026-09-24
South Dakota,SD,Moody,$4.649,2026-09-24
South Dakota,SD,Pennington,$4.300,2026-09-24
South Dakota,SD,Perkins,$4.276,2026-09-24
South Dakota,SD,Potter,$4.191,2026-09-24
South Dakota,SD,Roberts,$4.217,2026-09-24
South Dakota,SD,Sanborn,$4.686,2026-09-24
South Dakota,SD,Shannon,$4.444,2026-09-24
South Dakota,SD,Spink,$4.279,2026-09-24
South Dakota,SD,Stanley,$4.686,2026-09-24
South Dakota,SD,Sully,,2026-09-24
South Dakota,SD,Todd,$4.234,2026-09-24
South Dakota,SD,Tripp,$4.406,2026-09-24
South Dakota,SD,Turner,$4.186,2026-09-24
South Dakota,SD,Union,$4.281,2026-09-24
South Dakota,SD,Walworth,$4.484,2026-09-24
South Dakota,SD,Yankton,$4.444,2026-09-24
South Dakota,SD,Ziebach,$4.719,2026-09-24
Tennessee,TN,Anderson,$3.988,2026-09-24
Tennessee,TN,Bedford,$3.894,2026-09-24
Tennessee,TN,Benton,$3.997,2026-09-24
Tennessee,TN,Bledsoe,$4.079,2026-09-24
Tennessee,TN,Blount,$4.152,2026-09-24
Tennessee,TN,Bradley,$4.019,2026-09-24
Tennessee,TN,Campbell,$3.995,2026-09-24
Tennessee,TN,Cannon,$4.079,2026-09-24
Tennessee,TN,Carroll,$4.147,2026-09-24
Tennessee,TN,Carter,$3.967,2026-09-24
Tennessee,TN,Cheatham,$4.139,2026-09-24
Tennessee,TN,Chester,$4.177,2026-09-24
Tennessee,TN,Claiborne,$3.968,2026-09-24
Tennessee,TN,Clay,$4.219,2026-09-24
Tennessee,TN,Cocke,$4.021,2026-09-24
Tennessee,TN,Coffee,$3.930,2026-09-24
Tennessee,TN,Crockett,$4.234,2026-09-24
Tennessee,TN,Cumberland,$4.068,2026-09-24
Tennessee,TN,Davidson,$4.119,2026-09-24
Tennessee,TN,Decatur,$3.983,2026-09-24
Tennessee,TN,DeKalb,$4.077,2026-09-24
Tennessee,TN,Dickson,$3.939,2026-09-24
Tennessee,TN,Dyer,$4.052,2026-09-24
Tennessee,TN,Fayette,$4.082,2026-09-24
Tennessee,TN,Fentress,$4.047,2026-09-24
Tennessee,TN,Franklin,$4.002,2026-09-24
Tennessee,TN,Gibson,$4.178,2026-09-24
Tennessee,TN,Giles,$4.089,2026-09-24
Tennessee,TN,Grainger,$4.083,2026-09-24
Tennessee,TN,Greene,$3.934,2026-09-24
Tennessee,TN,Grundy,$3.987,2026-09-24
Tennessee,TN,Hamblen,$3.992,2026-09-24
Tennessee,TN,Hamilton,$3.961,2026-09-24
Tennessee,TN,Hancock,$4.099,2026-09-24
Tennessee,TN,Hardeman,$4.169,2026-09-24
Tennessee,TN,Hardin,$4.089,2026-09-24
Tennessee,TN,Hawkins,$3.954,2026-09-24
Tennessee,TN,Haywood,$4.208,2026-09-24
Tennessee,TN,Henderson,$3.981,2026-09-24
Tennessee,TN,Henry,$4.018,2026-09-24
Tennessee,TN,Hickman,$4.066,2026-09-24
Tennessee,TN,Houston,$4.149,2026-09-24
Tennessee,TN,Humphreys,$4.020,2026-09-24
Tennessee,TN,Jackson,$4.111,2026-09-24
Tennessee,TN,Jefferson,$4.071,2026-09-24
Tennessee,TN,Johnson,$4.149,2026-09-24
Tennessee,TN,Knox,$4.114,2026-09-24
Tennessee,TN,Lake,$4.099,2026-09-24
Tennessee,TN,Lauderdale,$4.146,2026-09-24
Tennessee,TN,Lawrence,$4.005,2026-09-24
Tennessee,TN,Lewis,$4.062,2026-09-24
Tennessee,TN,Lincoln,$4.023,2026-09-24
Tennessee,TN,Loudon,$4.152,2026-09-24
Tennessee,TN,Macon,$3.999,2026-09-24
Tennessee,TN,Madison,$4.163,2026-09-24
Tennessee,TN,Marion,$3.993,2026-09-24
Tennessee,TN,Marshall,$4.012,2026-09-24
Tennessee,TN,Maury,$4.072,2026-09-24
Tennessee,TN,McMinn,$4.099,2026-09-24
Tennessee,TN,McNairy,$4.067,2026-09-24
Tennessee,TN,Meigs,$4.149,2026-09-24
Tennessee,TN,Monroe,$4.122,2026-09-24
Tennessee,TN,Montgomery,$3.994,2026-09-24
Tennessee,TN,Moore,$4.009,2026-09-24
Tennessee,TN,Morgan,$3.998,2026-09-24
Tennessee,TN,Obion,$4.191,2026-09-24
Tennessee,TN,Overton,$4.054,2026-09-24
Tennessee,TN,Perry,$4.019,2026-09-24
Tennessee,TN,Pickett,$4.399,2026-09-24
Tennessee,TN,Polk,$4.065,2026-09-24
Tennessee,TN,Putnam,$4.054,2026-09-24
Tennessee,TN,Rhea,$3.995,2026-09-24
Tennessee,TN,Roane,$3.992,2026-09-24
Tennessee,TN,Robertson,$4.092,2026-09-24
Tennessee,TN,Rutherford,$4.034,2026-09-24
Tennessee,TN,Scott,$3.992,2026-09-24
Tennessee,TN,Sequatchie,$4.113,2026-09-24
Tennessee,TN,Sevier,$4.081,2026-09-24
Tennessee,TN,Shelby,$4.067,2026-09-24
Tennessee,TN,Smith,$4.085,2026-09-24
Tennessee,TN,Stewart,$4.119,2026-09-24
Tennessee,TN,Sullivan,$4.032,2026-09-24
Tennessee,TN,Sumner,$4.087,2026-09-24
Tennessee,TN,Tipton,$4.077,2026-09-24
Tennessee,TN,Trousdale,$4.199,2026-09-24
Tennessee,TN,Unicoi,$3.973,2026-09-24
Tennessee,TN,Union,$4.005,2026-09-24
Tennessee,TN,Van Buren,$4.199,2026-09-24
Tennessee,TN,Warren,$4.124,2026-09-24
Tennessee,TN,Washington,$4.056,2026-09-24
Tennessee,TN,Wayne,$4.032,2026-09-24
Tennessee,TN,Weakley,$4.213,2026-09-24
Tennessee,TN,White,$3.939,2026-09-24
Tennessee,TN,Williamson,$4.214,2026-09-24
Tennessee,TN,Wilson,$3.921,2026-09-24
Texas,TX,Anderson,$3.985,2026-09-24
Texas,TX,Andrews,$3.926,2026-09-24
Texas,TX,Angelina,$3.981,2026-09-24
Texas,TX,Aransas,$4.137,2026-09-24
Texas,TX,Archer,$4.013,2026-09-24
Texas,TX,Armstrong,$4.179,2026-09-24
Texas,TX,Atascosa,$3.893,2026-09-24
Texas,TX,Austin,$3.954,2026-09-24
Texas,TX,Bailey,$4.159,2026-09-24
Texas,TX,Bandera,$4.053,2026-09-24
Texas,TX,Bastrop,$3.918,2026-09-24
Texas,TX,Baylor,$4.099,2026-09-24
Texas,TX,Bee,$4.185,2026-09-24
Texas,TX,Bell,$3.891,2026-09-24
Texas,TX,Bexar,$3.830,2026-09-24
Texas,TX,Blanco,$3.999,2026-09-24
Texas,TX,Borden,,2026-09-24
Texas,TX,Bosque,$4.019,2026-09-24
Texas,TX,Bowie,$3.988,2026-09-24
Texas,TX,Brazoria,$3.927,2026-09-24
Texas,TX,Brazos,$3.975,2026-09-24
Texas,TX,Brewster,$4.624,2026-09-24
Texas,TX,Briscoe,$4.132,2026-09-24
Texas,TX,Brooks,$4.184,2026-09-24
Texas,TX,Brown,$3.945,2026-09-24
Texas,TX,Burleson,$3.981,2026-09-24
Texas,TX,Burnet,$3.887,2026-09-24
Texas,TX,Caldwell,$3.903,2026-09-24
Texas,TX,Calhoun,$4.103,2026-09-24
Texas,TX,Callahan,$4.032,2026-09-24
Texas,TX,Cameron,$4.154,2026-09-24
Texas,TX,Camp,$3.943,2026-09-24
Texas,TX,Carson,$3.987,2026-09-24
Texas,TX,Cass,$3.981,2026-09-24
Texas,TX,Castro,$4.157,2026-09-24
Texas,TX,Chambers,$3.948,2026-09-24
Texas,TX,Cherokee,$3.998,2026-09-24
Texas,TX,Childress,$3.966,2026-09-24
Texas,TX,Clay,$3.940,2026-09-24
Texas,TX,Cochran,$3.949,2026-09-24
Texas,TX,Coke,$4.089,2026-09-24
Texas,TX,Coleman,$4.017,2026-09-24
Texas,TX,Collin,$3.869,2026-09-24
Texas,TX,Collingsworth,$4.079,2026-09-24
Texas,TX,Colorado,$3.940,2026-09-24
Texas,TX,Comal,$3.819,2026-09-24
Texas,TX,Comanche,$3.963,2026-09-24
Texas,TX,Concho,$4.196,2026-09-24
Texas,TX,Cooke,$3.993,2026-09-24
Texas,TX,Coryell,$3.898,2026-09-24
Texas,TX,Cottle,$4.179,2026-09-24
Texas,TX,Crane,$4.191,2026-09-24
Texas,TX,Crockett,$4.234,2026-09-24
Texas,TX,Crosby,$4.139,2026-09-24
Texas,TX,Culberson,$4.350,2026-09-24
Texas,TX,Dallam,$4.021,2026-09-24
Texas,TX,Dallas,$3.939,2026-09-24
Texas,TX,Dawson,$4.208,2026-09-24
Texas,TX,Deaf Smith,$3.958,2026-09-24
Texas,TX,Delta,$4.066,2026-09-24
Texas,TX,Denton,$3.894,2026-09-24
Texas,TX,De Witt,$4.153,2026-09-24
Texas,TX,Dickens,$4.244,2026-09-24
Texas,TX,Dimmit,$4.154,2026-09-24
Texas,TX,Donley,$3.999,2026-09-24
Texas,TX,Duval,$4.216,2026-09-24
Texas,TX,Eastland,$3.969,2026-09-24
Texas,TX,Ector,$3.961,2026-09-24
Texas,TX,Edwards,$4.334,2026-09-24
Texas,TX,El Paso,$4.524,2026-09-24
Texas,TX,Ellis,$3.947,2026-09-24
Texas,TX,Erath,$3.985,2026-09-24
Texas,TX,Falls,$4.031,2026-09-24
Texas,TX,Fannin,$3.940,2026-09-24
Texas,TX,Fayette,$3.994,2026-09-24
Texas,TX,Fisher,$4.129,2026-09-24
Texas,TX,Floyd,$4.073,2026-09-24
Texas,TX,Foard,$4.029,2026-09-24
Texas,TX,Fort Bend,$3.905,2026-09-24
Texas,TX,Franklin,$4.022,2026-09-24
Texas,TX,Freestone,$3.883,2026-09-24
Texas,TX,Frio,$4.026,2026-09-24
Texas,TX,Gaines,$4.060,2026-09-24
Texas,TX,Galveston,$3.947,2026-09-24
Texas,TX,Garza,$4.199,2026-09-24
Texas,TX,Gillespie,$4.065,2026-09-24
Texas,TX,Glasscock,$4.366,2026-09-24
Texas,TX,Goliad,$4.049,2026-09-24
Texas,TX,Gonzales,$3.947,2026-09-24
Texas,TX,Gray,$4.010,2026-09-24
Texas,TX,Grayson,$3.885,2026-09-24
Texas,TX,Gregg,$3.958,2026-09-24
Texas,TX,Grimes,$4.029,2026-09-24
Texas,TX,Guadalupe,$3.822,2026-09-24
Texas,TX,Hale,$3.953,2026-09-24
Texas,TX,Hall,$4.006,2026-09-24
Texas,TX,Hamilton,$3.976,2026-09-24
Texas,TX,Hansford,$4.125,2026-09-24
Texas,TX,Hardeman,$4.050,2026-09-24
Texas,TX,Hardin,$3.911,2026-09-24
Texas,TX,Harris,$3.908,2026-09-24
Texas,TX,Harrison,$3.978,2026-09-24
Texas,TX,Hartley,$4.099,2026-09-24
Texas,TX,Haskell,$4.016,2026-09-24
Texas,TX,Hays,$3.882,2026-09-24
Texas,TX,Hemphill,$4.199,2026-09-24
Texas,TX,Henderson,$3.974,2026-09-24
Texas,TX,Hidalgo,$4.141,2026-09-24
Texas,TX,Hill,$3.931,2026-09-24
Texas,TX,Hockley,$4.065,2026-09-24
Texas,TX,Hood,$3.948,2026-09-24
Texas,TX,Hopkins,$4.005,2026-09-24
Texas,TX,Houston,$4.033,2026-09-24
Texas,TX,Howard,$3.923,2026-09-24
Texas,TX,Hudspeth,$4.674,2026-09-24
Texas,TX,Hunt,$3.939,2026-09-24
Texas,TX,Hutchinson,$4.027,2026-09-24
Texas,TX,Irion,$4.009,2026-09-24
Texas,TX,Jack,$4.026,2026-09-24
Texas,TX,Jackson,$4.106,2026-09-24
Texas,TX,Jasper,$3.995,2026-09-24
Texas,TX,Jeff Davis,$4.399,2026-09-24
Texas,TX,Jefferson,$3.921,2026-09-24
Texas,TX,Jim Hogg,$4.189,2026-09-24
Texas,TX,Jim Wells,$4.158,2026-09-24
Texas,TX,Johnson,$3.919,2026-09-24
Texas,TX,Jones,$4.041,2026-09-24
Texas,TX,Karnes,$4.150,2026-09-24
Texas,TX,Kaufman,$3.972,2026-09-24
Texas,TX,Kendall,$3.856,2026-09-24
Texas,TX,Kenedy,,2026-09-24
Texas,TX,Kent,,2026-09-24
Texas,TX,Kerr,$3.950,2026-09-24
Texas,TX,Kimble,$4.009,2026-09-24
Texas,TX,King,$4.099,2026-09-24
Texas,TX,Kinney,$4.199,2026-09-24
Texas,TX,Kleberg,$4.139,2026-09-24
Texas,TX,Knox,$4.099,2026-09-24
Texas,TX,La Salle,$4.121,2026-09-24
Texas,TX,Lamar,$3.986,2026-09-24
Texas,TX,Lamb,$4.136,2026-09-24
Texas,TX,Lampasas,$3.864,2026-09-24
Texas,TX,Lavaca,$4.046,2026-09-24
Texas,TX,Lee,$3.994,2026-09-24
Texas,TX,Leon,$4.038,2026-09-24
Texas,TX,Liberty,$3.944,2026-09-24
Texas,TX,Limestone,$4.036,2026-09-24
Texas,TX,Lipscomb,$4.099,2026-09-24
Texas,TX,Live Oak,$4.157,2026-09-24
Texas,TX,Llano,$3.953,2026-09-24
Texas,TX,Loving,$4.499,2026-09-24
Texas,TX,Lubbock,$4.079,2026-09-24
Texas,TX,Lynn,$4.224,2026-09-24
Texas,TX,Madison,$3.991,2026-09-24
Texas,TX,Marion,$3.953,2026-09-24
Texas,TX,Martin,$4.216,2026-09-24
Texas,TX,Mason,$4.099,2026-09-24
Texas,TX,Matagorda,$3.905,2026-09-24
Texas,TX,Maverick,$4.177,2026-09-24
Texas,TX,McCulloch,$4.228,2026-09-24
Texas,TX,McLennan,$3.898,2026-09-24
Texas,TX,McMullen,$4.019,2026-09-24
Texas,TX,Medina,$3.938,2026-09-24
Texas,TX,Menard,$4.067,2026-09-24
Texas,TX,Midland,$3.941,2026-09-24
Texas,TX,Milam,$3.932,2026-09-24
Texas,TX,Mills,$4.024,2026-09-24
Texas,TX,Mitchell,$3.978,2026-09-24
Texas,TX,Montague,$3.974,2026-09-24
Texas,TX,Montgomery,$3.919,2026-09-24
Texas,TX,Moore,$3.944,2026-09-24
Texas,TX,Morris,$4.029,2026-09-24
Texas,TX,Motley,$4.244,2026-09-24
Texas,TX,Nacogdoches,$4.023,2026-09-24
Texas,TX,Navarro,$4.028,2026-09-24
Texas,TX,Newton,$3.971,2026-09-24
Texas,TX,Nolan,$3.964,2026-09-24
Texas,TX,Nueces,$4.167,2026-09-24
Texas,TX,Ochiltree,$4.026,2026-09-24
Texas,TX,Oldham,$4.315,2026-09-24
Texas,TX,Orange,$3.890,2026-09-24
Texas,TX,Palo Pinto,$3.965,2026-09-24
Texas,TX,Panola,$3.945,2026-09-24
Texas,TX,Parker,$3.952,2026-09-24
Texas,TX,Parmer,$4.146,2026-09-24
Texas,TX,Pecos,$4.059,2026-09-24
Texas,TX,Polk,$3.921,2026-09-24
Texas,TX,Potter,$3.991,2026-09-24
Texas,TX,Presidio,$4.305,2026-09-24
Texas,TX,Rains,$3.950,2026-09-24
Texas,TX,Randall,$3.972,2026-09-24
Texas,TX,Reagan,$3.999,2026-09-24
Texas,TX,Real,$4.016,2026-09-24
Texas,TX,Red River,$4.134,2026-09-24
Texas,TX,Reeves,$4.142,2026-09-24
Texas,TX,Refugio,$4.185,2026-09-24
Texas,TX,Roberts,$4.159,2026-09-24
Texas,TX,Robertson,$3.974,2026-09-24
Texas,TX,Rockwall,$3.911,2026-09-24
Texas,TX,Runnels,$4.076,2026-09-24
Texas,TX,Rusk,$3.985,2026-09-24
Texas,TX,Sabine,$3.981,2026-09-24
Texas,TX,San Augustine,$4.068,2026-09-24
Texas,TX,San Jacinto,$3.870,2026-09-24
Texas,TX,San Patricio,$4.183,2026-09-24
Texas,TX,San Saba,$4.113,2026-09-24
Texas,TX,Schleicher,$4.099,2026-09-24
Texas,TX,Scurry,$3.923,2026-09-24
Texas,TX,Shackelford,$3.986,2026-09-24
Texas,TX,Shelby,$3.997,2026-09-24
Texas,TX,Sherman,$3.966,2026-09-24
Texas,TX,Smith,$3.946,2026-09-24
Texas,TX,Somervell,$3.930,2026-09-24
Texas,TX,Starr,$4.168,2026-09-24
Texas,TX,Stephens,$3.949,2026-09-24
Texas,TX,Sterling,$4.089,2026-09-24
Texas,TX,Stonewall,$4.299,2026-09-24
Texas,TX,Sutton,$4.173,2026-09-24
Texas,TX,Swisher,$4.035,2026-09-24
Texas,TX,Tarrant,$3.920,2026-09-24
Texas,TX,Taylor,$3.929,2026-09-24
Texas,TX,Terrell,$4.339,2026-09-24
Texas,TX,Terry,$4.059,2026-09-24
Texas,TX,Throckmorton,$4.099,2026-09-24
Texas,TX,Titus,$4.037,2026-09-24
Texas,TX,Tom Green,$3.981,2026-09-24
Texas,TX,Travis,$3.875,2026-09-24
Texas,TX,Trinity,$3.910,2026-09-24
Texas,TX,Tyler,$3.940,2026-09-24
Texas,TX,Upshur,$3.962,2026-09-24
Texas,TX,Upton,$4.228,2026-09-24
Texas,TX,Uvalde,$3.925,2026-09-24
Texas,TX,Val Verde,$4.132,2026-09-24
Texas,TX,Van Zandt,$3.931,2026-09-24
Texas,TX,Victoria,$4.111,2026-09-24
Texas,TX,Walker,$3.941,2026-09-24
Texas,TX,Waller,$3.969,2026-09-24
Texas,TX,Ward,$4.022,2026-09-24
Texas,TX,Washington,$3.999,2026-09-24
Texas,TX,Webb,$4.135,2026-09-24
Texas,TX,Wharton,$3.894,2026-09-24
Texas,TX,Wheeler,$3.999,2026-09-24
Texas,TX,Wichita,$3.997,2026-09-24
Texas,TX,Wilbarger,$3.961,2026-09-24
Texas,TX,Willacy,$4.151,2026-09-24
Texas,TX,Williamson,$3.845,2026-09-24
Texas,TX,Wilson,$3.990,2026-09-24
Texas,TX,Winkler,$3.896,2026-09-24
Texas,TX,Wise,$3.883,2026-09-24
Texas,TX,Wood,$4.004,2026-09-24
Texas,TX,Yoakum,$4.006,2026-09-24
Texas,TX,Young,$4.028,2026-09-24
Texas,TX,Zapata,$4.192,2026-09-24
Texas,TX,Zavala,$4.080,2026-09-24
Utah,UT,Beaver,$5.023,2026-09-24
Utah,UT,Box Elder,$4.964,2026-09-24
Utah,UT,Cache,$4.960,2026-09-24
Utah,UT,Carbon,$5.072,2026-09-24
Utah,UT,Daggett,$4.999,2026-09-24
Utah,UT,Davis,$4.972,2026-09-24
Utah,UT,Duchesne,$5.015,2026-09-24
Utah,UT,Emery,$4.980,2026-09-24
Utah,UT,Garfield,$5.115,2026-09-24
Utah,UT,Grand,$5.008,2026-09-24
Utah,UT,Iron,$4.993,2026-09-24
Utah,UT,Juab,$4.990,2026-09-24
Utah,UT,Kane,$5.074,2026-09-24
Utah,UT,Millard,$4.991,2026-09-24
Utah,UT,Morgan,$4.986,2026-09-24
Utah,UT,Piute,$5.329,2026-09-24
Utah,UT,Rich,$5.216,2026-09-24
Utah,UT,Salt Lake,$4.950,2026-09-24
Utah,UT,San Juan,$5.058,2026-09-24
Utah,UT,Sanpete,$5.054,2026-09-24
Utah,UT,Sevier,$5.018,2026-09-24
Utah,UT,Summit,$5.035,2026-09-24
Utah,UT,Tooele,$5.004,2026-09-24
Utah,UT,Uintah,$4.995,2026-09-24
Utah,UT,Utah,$4.971,2026-09-24
Utah,UT,Wasatch,$4.988,2026-09-24
Utah,UT,Washington,$5.007,2026-09-24
Utah,UT,Wayne,$5.207,2026-09-24
Utah,UT,Weber,$4.956,2026-09-24
Vermont,VT,Addison,$4.376,2026-09-24
Vermont,VT,Bennington,$4.331,2026-09-24
Vermont,VT,Caledonia,$4.371,2026-09-24
Vermont,VT,Chittenden,$4.517,2026-09-24
Vermont,VT,Essex,$4.469,2026-09-24
Vermont,VT,Franklin,$4.560,2026-09-24
Vermont,VT,Grand Isle,$4.568,2026-09-24
Vermont,VT,Lamoille,$4.451,2026-09-24
Vermont,VT,Orange,$4.499,2026-09-24
Vermont,VT,Orleans,$4.356,2026-09-24
Vermont,VT,Rutland,$4.413,2026-09-24
Vermont,VT,Washington,$4.505,2026-09-24
Vermont,VT,Windham,$4.387,2026-09-24
Vermont,VT,Windsor,$4.437,2026-09-24
Virginia,VA,Accomack,$4.278,2026-09-24
Virginia,VA,Albemarle,$4.263,2026-09-24
Virginia,VA,Alexandria City,$4.334,2026-09-24
Virginia,VA,Alleghany,$4.159,2026-09-24
Virginia,VA,Amelia,$4.266,2026-09-24
Virginia,VA,Amherst,$4.242,2026-09-24
Virginia,VA,Appomattox,$4.132,2026-09-24
Virginia,VA,Arlington,$4.260,2026-09-24
Virginia,VA,Augusta,$4.174,2026-09-24
Virginia,VA,Bath,$4.266,2026-09-24
Virginia,VA,Bedford,$4.196,2026-09-24
Virginia,VA,Bedford City,$4.081,2026-09-24
Virginia,VA,Bland,$4.292,2026-09-24
Virginia,VA,Botetourt,$4.314,2026-09-24
Virginia,VA,Bristol,$4.125,2026-09-24
Virginia,VA,Brunswick,$4.096,2026-09-24
Virginia,VA,Buchanan,$3.923,2026-09-24
Virginia,VA,Buckingham,$4.212,2026-09-24
Virginia,VA,Buena Vista City,$4.141,2026-09-24
Virginia,VA,Campbell,$4.193,2026-09-24
Virginia,VA,Caroline,$4.119,2026-09-24
Virginia,VA,Carroll,$4.153,2026-09-24
Virginia,VA,Charles City,$4.272,2026-09-24
Virginia,VA,Charlotte,$4.189,2026-09-24
Virginia,VA,Charlottesville City,$4.276,2026-09-24
Virginia,VA,Chesapeake City,$4.247,2026-09-24
Virginia,VA,Chesterfield,$4.248,2026-09-24
Virginia,VA,Clarke,$4.268,2026-09-24
Virginia,VA,Clifton Forge City,$4.247,2026-09-24
Virginia,VA,Colonial Heights City,$4.240,2026-09-24
Virginia,VA,Covington City,$4.203,2026-09-24
Virginia,VA,Craig,$4.179,2026-09-24
Virginia,VA,Culpeper,$4.275,2026-09-24
Virginia,VA,Cumberland,$4.168,2026-09-24
Virginia,VA,Danville City,$4.173,2026-09-24
Virginia,VA,Dickenson,$4.170,2026-09-24
Virginia,VA,Dinwiddie,$4.140,2026-09-24
Virginia,VA,Emporia City,$4.107,2026-09-24
Virginia,VA,Essex,$4.179,2026-09-24
Virginia,VA,Fairfax,$4.334,2026-09-24
Virginia,VA,Fairfax City,$4.221,2026-09-24
Virginia,VA,Falls Church City,$4.279,2026-09-24
Virginia,VA,Fauquier,$4.298,2026-09-24
Virginia,VA,Floyd,$4.275,2026-09-24
Virginia,VA,Fluvanna,$4.297,2026-09-24
Virginia,VA,Franklin,$4.197,2026-09-24
Virginia,VA,Franklin City,$4.218,2026-09-24
Virginia,VA,Frederick,$4.208,2026-09-24
Virginia,VA,Fredericksburg City,$4.262,2026-09-24
Virginia,VA,Galax City,$4.188,2026-09-24
Virginia,VA,Giles,$4.213,2026-09-24
Virginia,VA,Gloucester,$4.262,2026-09-24
Virginia,VA,Goochland,$4.247,2026-09-24
Virginia,VA,Grayson,$4.085,2026-09-24
Virginia,VA,Greene,$4.280,2026-09-24
Virginia,VA,Greensville,$3.994,2026-09-24
Virginia,VA,Halifax,$4.307,2026-09-24
Virginia,VA,Hampton City,$4.255,2026-09-24
Virginia,VA,Hanover,$4.274,2026-09-24
Virginia,VA,Harrisonburg City,$4.268,2026-09-24
Virginia,VA,Henrico,$4.246,2026-09-24
Virginia,VA,Henry,$4.172,2026-09-24
Virginia,VA,Highland,$4.399,2026-09-24
Virginia,VA,Hopewell City,$4.187,2026-09-24
Virginia,VA,Isle of Wight,$4.258,2026-09-24
Virginia,VA,James City,$4.250,2026-09-24
Virginia,VA,King and Queen,$4.174,2026-09-24
Virginia,VA,King George,$4.261,2026-09-24
Virginia,VA,King William,$4.187,2026-09-24
Virginia,VA,Lancaster,$4.236,2026-09-24
Virginia,VA,Lee,$4.076,2026-09-24
Virginia,VA,Lexington City,$4.237,2026-09-24
Virginia,VA,Loudoun,$4.307,2026-09-24
Virginia,VA,Louisa,$4.245,2026-09-24
Virginia,VA,Lunenburg,$4.110,2026-09-24
Virginia,VA,Lynchburg City,$4.209,2026-09-24
Virginia,VA,Madison,$4.290,2026-09-24
Virginia,VA,Manassas City,$4.296,2026-09-24
Virginia,VA,Manassas Park City,,2026-09-24
Virginia,VA,Martinsville City,$4.200,2026-09-24
Virginia,VA,Mathews,$4.199,2026-09-24
Virginia,VA,Mecklenburg,$4.084,2026-09-24
Virginia,VA,Middlesex,$4.215,2026-09-24
Virginia,VA,Montgomery,$4.255,2026-09-24
Virginia,VA,Nelson,$4.364,2026-09-24
Virginia,VA,New Kent,$4.192,2026-09-24
Virginia,VA,Newport News City,$4.243,2026-09-24
Virginia,VA,Norfolk City,$4.266,2026-09-24
Virginia,VA,Northampton,$4.308,2026-09-24
Virginia,VA,Northumberland,$4.253,2026-09-24
Virginia,VA,Norton City,$4.131,2026-09-24
Virginia,VA,Nottoway,$4.122,2026-09-24
Virginia,VA,Orange,$4.292,2026-09-24
Virginia,VA,Page,$4.204,2026-09-24
Virginia,VA,Patrick,$4.198,2026-09-24
Virginia,VA,Petersburg City,$4.188,2026-09-24
Virginia,VA,Pittsylvania,$4.278,2026-09-24
Virginia,VA,Poquoson City,$4.299,2026-09-24
Virginia,VA,Portsmouth City,$4.281,2026-09-24
Virginia,VA,Powhatan,$4.153,2026-09-24
Virginia,VA,Prince Edward,$4.171,2026-09-24
Virginia,VA,Prince George,$4.217,2026-09-24
Virginia,VA,Prince William,$4.283,2026-09-24
Virginia,VA,Pulaski,$4.139,2026-09-24
Virginia,VA,Radford City,$4.293,2026-09-24
Virginia,VA,Rappahannock,$4.286,2026-09-24
Virginia,VA,Richmond,$4.289,2026-09-24
Virginia,VA,Richmond City,$4.261,2026-09-24
Virginia,VA,Roanoke,$4.222,2026-09-24
Virginia,VA,Roanoke City,$4.225,2026-09-24
Virginia,VA,Rockbridge,$4.208,2026-09-24
Virginia,VA,Rockingham,$4.251,2026-09-24
Virginia,VA,Russell,$4.181,2026-09-24
Virginia,VA,Salem,$4.247,2026-09-24
Virginia,VA,Scott,$4.197,2026-09-24
Virginia,VA,Shenandoah,$4.284,2026-09-24
Virginia,VA,Smyth,$4.137,2026-09-24
Virginia,VA,Southampton,$4.181,2026-09-24
Virginia,VA,Spotsylvania,$4.272,2026-09-24
Virginia,VA,Stafford,$4.289,2026-09-24
Virginia,VA,Staunton City,$4.212,2026-09-24
Virginia,VA,Suffolk City,$4.216,2026-09-24
Virginia,VA,Surry,$4.294,2026-09-24
Virginia,VA,Sussex,$4.243,2026-09-24
Virginia,VA,Tazewell,$4.216,2026-09-24
Virginia,VA,Virginia Beach City,$4.267,2026-09-24
Virginia,VA,Warren,$4.253,2026-09-24
Virginia,VA,Washington,$4.188,2026-09-24
Virginia,VA,Waynesboro City,$4.183,2026-09-24
Virginia,VA,Westmoreland,$4.218,2026-09-24
Virginia,VA,Williamsburg City,,2026-09-24
Virginia,VA,Winchester City,$4.180,2026-09-24
Virginia,VA,Wise,$4.147,2026-09-24
Virginia,VA,Wythe,$4.200,2026-09-24
Virginia,VA,York,$4.283,2026-09-24
Washington,WA,Adams,$5.445,2026-09-24
Washington,WA,Asotin,$5.116,2026-09-24
Washington,WA,Benton,$5.369,2026-09-24
Washington,WA,Chelan,$5.511,2026-09-24
Washington,WA,Clallam,$5.757,2026-09-24
Washington,WA,Clark,$5.424,2026-09-24
Washington,WA,Columbia,$5.624,2026-09-24
Washington,WA,Cowlitz,$5.464,2026-09-24
Washington,WA,Douglas,$5.450,2026-09-24
Washington,WA,Ferry,$5.379,2026-09-24
Washington,WA,Franklin,$5.353,2026-09-24
Washington,WA,Garfield,$5.502,2026-09-24
Washington,WA,Grant,$5.424,2026-09-24
Washington,WA,Grays Harbor,$5.734,2026-09-24
Washington,WA,Island,$5.538,2026-09-24
Washington,WA,Jefferson,$5.988,2026-09-24
Washington,WA,King,$5.782,2026-09-24
Washington,WA,Kitsap,$5.620,2026-09-24
Washington,WA,Kittitas,$5.493,2026-09-24
Washington,WA,Klickitat,$5.527,2026-09-24
Washington,WA,Lewis,$5.540,2026-09-24
Washington,WA,Lincoln,$5.450,2026-09-24
Washington,WA,Mason,$5.608,2026-09-24
Washington,WA,Okanogan,$5.469,2026-09-24
Washington,WA,Pacific,$5.929,2026-09-24
Washington,WA,Pend Oreille,$5.382,2026-09-24
Washington,WA,Pierce,$5.586,2026-09-24
Washington,WA,San Juan,$6.356,2026-09-24
Washington,WA,Skagit,$5.314,2026-09-24
Washington,WA,Skamania,$5.799,2026-09-24
Washington,WA,Snohomish,$5.568,2026-09-24
Washington,WA,Spokane,$5.278,2026-09-24
Washington,WA,Stevens,$5.361,2026-09-24
Washington,WA,Thurston,$5.480,2026-09-24
Washington,WA,Wahkiakum,$5.999,2026-09-24
Washington,WA,Walla Walla,$5.519,2026-09-24
Washington,WA,Whatcom,$5.383,2026-09-24
Washington,WA,Whitman,$5.510,2026-09-24
Washington,WA,Yakima,$5.338,2026-09-24
West Virginia,WV,Barbour,$4.265,2026-09-24
West Virginia,WV,Berkeley,$4.264,2026-09-24
West Virginia,WV,Boone,$4.221,2026-09-24
West Virginia,WV,Braxton,$4.179,2026-09-24
West Virginia,WV,Brooke,$4.406,2026-09-24
West Virginia,WV,Cabell,$4.379,2026-09-24
West Virginia,WV,Calhoun,$4.299,2026-09-24
West Virginia,WV,Clay,$4.335,2026-09-24
West Virginia,WV,Doddridge,$4.466,2026-09-24
West Virginia,WV,Fayette,$4.314,2026-09-24
West Virginia,WV,Gilmer,$4.129,2026-09-24
West Virginia,WV,Grant,$4.379,2026-09-24
West Virginia,WV,Greenbrier,$4.093,2026-09-24
West Virginia,WV,Hampshire,$4.392,2026-09-24
West Virginia,WV,Hancock,$4.393,2026-09-24
West Virginia,WV,Hardy,$4.388,2026-09-24
West Virginia,WV,Harrison,$4.568,2026-09-24
West Virginia,WV,Jackson,$4.379,2026-09-24
West Virginia,WV,Jefferson,$4.392,2026-09-24
West Virginia,WV,Kanawha,$4.393,2026-09-24
West Virginia,WV,Lewis,$4.266,2026-09-24
West Virginia,WV,Lincoln,$4.399,2026-09-24
West Virginia,WV,Logan,$4.390,2026-09-24
West Virginia,WV,Marion,$4.512,2026-09-24
West Virginia,WV,Marshall,$4.094,2026-09-24
West Virginia,WV,Mason,$4.421,2026-09-24
West Virginia,WV,McDowell,$4.138,2026-09-24
West Virginia,WV,Mercer,$4.334,2026-09-24
West Virginia,WV,Mineral,$4.289,2026-09-24
West Virginia,WV,Mingo,$4.398,2026-09-24
West Virginia,WV,Monongalia,$4.583,2026-09-24
West Virginia,WV,Monroe,$4.066,2026-09-24
West Virginia,WV,Morgan,$4.366,2026-09-24
West Virginia,WV,Nicholas,$4.386,2026-09-24
West Virginia,WV,Ohio,$4.439,2026-09-24
West Virginia,WV,Pendleton,$4.499,2026-09-24
West Virginia,WV,Pleasants,$4.399,2026-09-24
West Virginia,WV,Pocahontas,$4.186,2026-09-24
West Virginia,WV,Preston,$4.507,2026-09-24
West Virginia,WV,Putnam,$4.401,2026-09-24
West Virginia,WV,Raleigh,$4.399,2026-09-24
West Virginia,WV,Randolph,$4.208,2026-09-24
West Virginia,WV,Ritchie,$4.299,2026-09-24
West Virginia,WV,Roane,$4.279,2026-09-24
West Virginia,WV,Summers,$4.124,2026-09-24
West Virginia,WV,Taylor,$4.595,2026-09-24
West Virginia,WV,Tucker,$4.559,2026-09-24
West Virginia,WV,Tyler,$4.491,2026-09-24
West Virginia,WV,Upshur,$4.385,2026-09-24
West Virginia,WV,Wayne,$4.342,2026-09-24
West Virginia,WV,Webster,$4.224,2026-09-24
West Virginia,WV,Wetzel,$4.418,2026-09-24
West Virginia,WV,Wirt,$4.399,2026-09-24
West Virginia,WV,Wood,$4.386,2026-09-24
West Virginia,WV,Wyoming,$4.189,2026-09-24
Wisconsin,WI,Adams,$4.499,2026-09-24
Wisconsin,WI,Ashland,$4.410,2026-09-24
Wisconsin,WI,Barron,$4.415,2026-09-24
Wisconsin,WI,Bayfield,$4.498,2026-09-24
Wisconsin,WI,Brown,$4.358,2026-09-24
Wisconsin,WI,Buffalo,$4.256,2026-09-24
Wisconsin,WI,Burnett,$4.288,2026-09-24
Wisconsin,WI,Calumet,$4.401,2026-09-24
Wisconsin,WI,Chippewa,$4.295,2026-09-24
Wisconsin,WI,Clark,$4.389,2026-09-24
Wisconsin,WI,Columbia,$4.405,2026-09-24
Wisconsin,WI,Crawford,$4.387,2026-09-24
Wisconsin,WI,Dane,$4.402,2026-09-24
Wisconsin,WI,Dodge,$4.374,2026-09-24
Wisconsin,WI,Door,$4.411,2026-09-24
Wisconsin,WI,Douglas,$4.447,2026-09-24
Wisconsin,WI,Dunn,$4.325,2026-09-24
Wisconsin,WI,Eau Claire,$4.314,2026-09-24
Wisconsin,WI,Florence,$4.456,2026-09-24
Wisconsin,WI,Fond du Lac,$4.386,2026-09-24
Wisconsin,WI,Forest,$4.477,2026-09-24
Wisconsin,WI,Grant,$4.473,2026-09-24
Wisconsin,WI,Green,$4.492,2026-09-24
Wisconsin,WI,Green Lake,$4.463,2026-09-24
Wisconsin,WI,Iowa,$4.476,2026-09-24
Wisconsin,WI,Iron,$4.654,2026-09-24
Wisconsin,WI,Jackson,$4.456,2026-09-24
Wisconsin,WI,Jefferson,$4.377,2026-09-24
Wisconsin,WI,Juneau,$4.311,2026-09-24
Wisconsin,WI,Kenosha,$4.374,2026-09-24
Wisconsin,WI,Kewaunee,$4.378,2026-09-24
Wisconsin,WI,La Crosse,$4.343,2026-09-24
Wisconsin,WI,Lafayette,$4.481,2026-09-24
Wisconsin,WI,Langlade,$4.384,2026-09-24
Wisconsin,WI,Lincoln,$4.442,2026-09-24
Wisconsin,WI,Manitowoc,$4.442,2026-09-24
Wisconsin,WI,Marathon,$4.384,2026-09-24
Wisconsin,WI,Marinette,$4.390,2026-09-24
Wisconsin,WI,Marquette,$4.499,2026-09-24
Wisconsin,WI,Menominee,$4.474,2026-09-24
Wisconsin,WI,Milwaukee,$4.385,2026-09-24
Wisconsin,WI,Monroe,$4.423,2026-09-24
Wisconsin,WI,Oconto,$4.405,2026-09-24
Wisconsin,WI,Oneida,$4.463,2026-09-24
Wisconsin,WI,Outagamie,$4.343,2026-09-24
Wisconsin,WI,Ozaukee,$4.445,2026-09-24
Wisconsin,WI,Pepin,$4.277,2026-09-24
Wisconsin,WI,Pierce,$4.399,2026-09-24
Wisconsin,WI,Polk,$4.290,2026-09-24
Wisconsin,WI,Portage,$4.412,2026-09-24
Wisconsin,WI,Price,$4.427,2026-09-24
Wisconsin,WI,Racine,$4.332,2026-09-24
Wisconsin,WI,Richland,$4.225,2026-09-24
Wisconsin,WI,Rock,$4.335,2026-09-24
Wisconsin,WI,Rusk,$4.425,2026-09-24
Wisconsin,WI,Sauk,$4.381,2026-09-24
Wisconsin,WI,Sawyer,$4.427,2026-09-24
Wisconsin,WI,Shawano,$4.362,2026-09-24
Wisconsin,WI,Sheboygan,$4.399,2026-09-24
Wisconsin,WI,Saint Croix,$4.399,2026-09-24
Wisconsin,WI,Taylor,$4.448,2026-09-24
Wisconsin,WI,Trempealeau,$4.362,2026-09-24
Wisconsin,WI,Vernon,$4.362,2026-09-24
Wisconsin,WI,Vilas,$4.538,2026-09-24
Wisconsin,WI,Walworth,$4.440,2026-09-24
Wisconsin,WI,Washburn,$4.389,2026-09-24
Wisconsin,WI,Washington,$4.423,2026-09-24
Wisconsin,WI,Waukesha,$4.337,2026-09-24
Wisconsin,WI,Waupaca,$4.400,2026-09-24
Wisconsin,WI,Waushara,$4.468,2026-09-24
Wisconsin,WI,Winnebago,$4.367,2026-09-24
Wisconsin,WI,Wood,$4.411,2026-09-24
Wyoming,WY,Albany,$4.318,2026-09-24
Wyoming,WY,Big Horn,$4.539,2026-09-24
Wyoming,WY,Campbell,$4.228,2026-09-24
Wyoming,WY,Carbon,$4.524,2026-09-24
Wyoming,WY,Converse,$4.293,2026-09-24
Wyoming,WY,Crook,$4.335,2026-09-24
Wyoming,WY,Fremont,$4.661,2026-09-24
Wyoming,WY,Goshen,$4.223,2026-09-24
Wyoming,WY,Hot Springs,$4.592,2026-09-24
Wyoming,WY,Johnson,$4.659,2026-09-24
Wyoming,WY,Laramie,$4.324,2026-09-24
Wyoming,WY,Lincoln,$5.004,2026-09-24
Wyoming,WY,Natrona,$4.212,2026-09-24
Wyoming,WY,Niobrara,$4.249,2026-09-24
Wyoming,WY,Park,$4.909,2026-09-24
Wyoming,WY,Platte,$4.843,2026-09-24
Wyoming,WY,Sheridan,$4.591,2026-09-24
Wyoming,WY,Sublette,$4.678,2026-09-24
Wyoming,WY,Sweetwater,$4.516,2026-09-24
Wyoming,WY,Teton,$5.172,2026-09-24
Wyoming,WY,Uinta,$4.938,2026-09-24
Wyoming,WY,Washakie,$4.547,2026-09-24
Wyoming,WY,Weston,$4.532,2026-09-24
