state,abbreviation,name,price,date
Alabama,AL,Autauga,$4.047,2026-09-30
Alabama,AL,Baldwin,$3.985,2026-09-30
Alabama,AL,Barbour,$4.116,2026-09-30
Alabama,AL,Bibb,$4.088,2026-09-30
Alabama,AL,Blount,$4.057,2026-09-30
Alabama,AL,Bullock,$4.055,2026-09-30
Alabama,AL,Butler,$4.046,2026-09-30
Alabama,AL,Calhoun,$4.029,2026-09-30
Alabama,AL,Chambers,$3.976,2026-09-30
Alabama,AL,Cherokee,$4.004,2026-09-30
Alabama,AL,Chilton,$4.111,2026-09-30
Alabama,AL,Choctaw,$4.172,2026-09-30
Alabama,AL,Clarke,$4.185,2026-09-30
Alabama,AL,Clay,$4.079,2026-09-30
Alabama,AL,Cleburne,$4.078,2026-09-30
Alabama,AL,Coffee,$4.004,2026-09-30
Alabama,AL,Colbert,$4.048,2026-09-30
Alabama,AL,Conecuh,$4.130,2026-09-30
Alabama,AL,Coosa,$4.124,2026-09-30
Alabama,AL,Covington,$4.051,2026-09-30
Alabama,AL,Crenshaw,$4.099,2026-09-30
Alabama,AL,Cullman,$4.077,2026-09-30
Alabama,AL,Dale,$4.049,2026-09-30
Alabama,AL,Dallas,$4.098,2026-09-30
Alabama,AL,De Kalb,$4.034,2026-09-30
Alabama,AL,Elmore,$4.060,2026-09-30
Alabama,AL,Escambia,$4.118,2026-09-30
Alabama,AL,Etowah,$3.980,2026-09-30
Alabama,AL,Fayette,$4.273,2026-09-30
Alabama,AL,Franklin,$4.044,2026-09-30
Alabama,AL,Geneva,$4.081,2026-09-30
Alabama,AL,Greene,$4.209,2026-09-30
Alabama,AL,Hale,$4.119,2026-09-30
Alabama,AL,Henry,$4.011,2026-09-30
Alabama,AL,Houston,$4.031,2026-09-30
Alabama,AL,Jackson,$4.104,2026-09-30
Alabama,AL,Jefferson,$4.047,2026-09-30
Alabama,AL,Lamar,$4.235,2026-09-30
Alabama,AL,Lauderdale,$4.077,2026-09-30
Alabama,AL,Lawrence,$4.035,2026-09-30
Alabama,AL,Lee,$4.018,2026-09-30
Alabama,AL,Limestone,$4.092,2026-09-30
Alabama,AL,Lowndes,$4.083,2026-09-30
Alabama,AL,Macon,$4.152,2026-09-30
Alabama,AL,Madison,$4.073,2026-09-30
Alabama,AL,Marengo,$4.124,2026-09-30
Alabama,AL,Marion,$4.108,2026-09-30
Alabama,AL,Marshall,$3.996,2026-09-30
Alabama,AL,Mobile,$3.981,2026-09-30
Alabama,AL,Monroe,$4.080,2026-09-30
Alabama,AL,Montgomery,$4.068,2026-09-30
Alabama,AL,Morgan,$4.061,2026-09-30
Alabama,AL,Perry,$4.332,2026-09-30
Alabama,AL,Pickens,$4.134,2026-09-30
Alabama,AL,Pike,$4.109,2026-09-30
Alabama,AL,Randolph,$4.080,2026-09-30
Alabama,AL,Russell,$4.064,2026-09-30
Alabama,AL,Shelby,$4.012,2026-09-30
Alabama,AL,Saint Clair,$4.016,2026-09-30
Alabama,AL,Sumter,$4.147,2026-09-30
Alabama,AL,Talladega,$4.037,2026-09-30
Alabama,AL,Tallapoosa,$4.068,2026-09-30
Alabama,AL,Tuscaloosa,$4.045,2026-09-30
Alabama,AL,Walker,$3.990,2026-09-30
Alabama,AL,Washington,$4.172,2026-09-30
Alabama,AL,Wilcox,$4.304,2026-09-30
Alabama,AL,Winston,$4.193,2026-09-30
Alaska,AK,Aleutians East,,2026-09-30
Alaska,AK,Aleutians West,,2026-09-30
Alaska,AK,Anchorage,$5.014,2026-09-30
Alaska,AK,Bethel,,2026-09-30
Alaska,AK,Bristol Bay,,2026-09-30
Alaska,AK,Denali,$5.362,2026-09-30
Alaska,AK,Dillingham,,2026-09-30
Alaska,AK,Fairbanks North Star,$5.014,2026-09-30
Alaska,AK,Haines,$5.679,2026-09-30
Alaska,AK,Juneau,$4.804,2026-09-30
Alaska,AK,Kenai Peninsula,$5.109,2026-09-30
Alaska,AK,Ketchikan Gateway,$4.429,2026-09-30
Alaska,AK,Kodiak Island,$5.779,2026-09-30
Alaska,AK,Matanuska Susitna,$4.920,2026-09-30
Alaska,AK,Nome,,2026-09-30
Alaska,AK,North Slope,$5.399,2026-09-30
Alaska,AK,Northwest Arctic,,2026-09-30
Alaska,AK,Lake and Peninsula,,2026-09-30
Alaska,AK,Prince Wales Ketchikan,$5.766,2026-09-30
Alaska,AK,Sitka,$4.624,2026-09-30
Alaska,AK,Skagway Hoonah Angoon,,2026-09-30
Alaska,AK,Southeast Fairbanks,$5.149,2026-09-30
Alaska,AK,Valdez Cordova,$5.509,2026-09-30
Alaska,AK,Wade Hampton,,2026-09-30
Alaska,AK,Wrangell Petersburg,$5.499,2026-09-30
Alaska,AK,Yakutat,,2026-09-30
Alaska,AK,Yukon Koyukuk,$5.369,2026-09-30
Arizona,AZ,Apache,$4.791,2026-09-30
Arizona,AZ,Cochise,$4.550,2026-09-30
Arizona,AZ,Coconino,$4.920,2026-09-30
Arizona,AZ,Gila,$4.604,2026-09-30
Arizona,AZ,Graham,$4.785,2026-09-30
Arizona,AZ,Greenlee,$4.582,2026-09-30
Arizona,AZ,La Paz,$4.701,2026-09-30
Arizona,AZ,Maricopa,$4.869,2026-09-30
Arizona,AZ,Mohave,$4.919,2026-09-30
Arizona,AZ,Navajo,$4.774,2026-09-30
Arizona,AZ,Pima,$4.523,2026-09-30
Arizona,AZ,Pinal,$4.693,2026-09-30
Arizona,AZ,Santa Cruz,$4.694,2026-09-30
Arizona,AZ,Yavapai,$4.812,2026-09-30
Arizona,AZ,Yuma,$4.716,2026-09-30
Arkansas,AR,Arkansas,$3.968,2026-09-30
Arkansas,AR,Ashley,$4.076,2026-09-30
Arkansas,AR,Baxter,$4.013,2026-09-30
Arkansas,AR,Benton,$4.006,2026-09-30
Arkansas,AR,Boone,$4.198,2026-09-30
Arkansas,AR,Bradley,$3.960,2026-09-30
Arkansas,AR,Calhoun,$4.199,2026-09-30
Arkansas,AR,Carroll,$4.035,2026-09-30
Arkansas,AR,Chicot,$4.026,2026-09-30
Arkansas,AR,Clark,$4.027,2026-09-30
Arkansas,AR,Clay,$4.045,2026-09-30
Arkansas,AR,Cleburne,$4.070,2026-09-30
Arkansas,AR,Cleveland,$3.999,2026-09-30
Arkansas,AR,Columbia,$4.185,2026-09-30
Arkansas,AR,Conway,$4.044,2026-09-30
Arkansas,AR,Craighead,$3.936,2026-09-30
Arkansas,AR,Crawford,$4.039,2026-09-30
Arkansas,AR,Crittenden,$4.034,2026-09-30
Arkansas,AR,Cross,$4.074,2026-09-30
Arkansas,AR,Dallas,$4.014,2026-09-30
Arkansas,AR,Desha,$4.199,2026-09-30
Arkansas,AR,Drew,$4.052,2026-09-30
Arkansas,AR,Faulkner,$3.913,2026-09-30
Arkansas,AR,Franklin,$4.038,2026-09-30
Arkansas,AR,Fulton,$4.195,2026-09-30
Arkansas,AR,Garland,$3.872,2026-09-30
Arkansas,AR,Grant,$4.061,2026-09-30
Arkansas,AR,Greene,$3.884,2026-09-30
Arkansas,AR,Hempstead,$4.090,2026-09-30
Arkansas,AR,Hot Spring,$3.980,2026-09-30
Arkansas,AR,Howard,$4.172,2026-09-30
Arkansas,AR,Independence,$4.050,2026-09-30
Arkansas,AR,Izard,$4.121,2026-09-30
Arkansas,AR,Jackson,$3.988,2026-09-30
Arkansas,AR,Jefferson,$3.985,2026-09-30
Arkansas,AR,Johnson,$4.110,2026-09-30
Arkansas,AR,Lafayette,$4.219,2026-09-30
Arkansas,AR,Lawrence,$4.167,2026-09-30
Arkansas,AR,Lee,$4.199,2026-09-30
Arkansas,AR,Lincoln,$4.124,2026-09-30
Arkansas,AR,Little River,$4.111,2026-09-30
Arkansas,AR,Logan,$4.206,2026-09-30
Arkansas,AR,Lonoke,$3.988,2026-09-30
Arkansas,AR,Madison,$4.079,2026-09-30
Arkansas,AR,Marion,$4.059,2026-09-30
Arkansas,AR,Miller,$4.027,2026-09-30
Arkansas,AR,Mississippi,$4.103,2026-09-30
Arkansas,AR,Monroe,$3.983,2026-09-30
Arkansas,AR,Montgomery,$4.369,2026-09-30
Arkansas,AR,Nevada,$3.987,2026-09-30
Arkansas,AR,Newton,$4.309,2026-09-30
Arkansas,AR,Ouachita,$4.098,2026-09-30
Arkansas,AR,Perry,$3.994,2026-09-30
Arkansas,AR,Phillips,$4.175,2026-09-30
Arkansas,AR,Pike,$4.079,2026-09-30
Arkansas,AR,Poinsett,$4.071,2026-09-30
Arkansas,AR,Polk,$4.019,2026-09-30
Arkansas,AR,Pope,$4.040,2026-09-30
Arkansas,AR,Prairie,$3.960,2026-09-30
Arkansas,AR,Pulaski,$3.964,2026-09-30
Arkansas,AR,Randolph,$4.057,2026-09-30
Arkansas,AR,Saline,$3.943,2026-09-30
Arkansas,AR,Scott,$3.989,2026-09-30
Arkansas,AR,Searcy,$4.018,2026-09-30
Arkansas,AR,Sebastian,$4.010,2026-09-30
Arkansas,AR,Sevier,$4.132,2026-09-30
Arkansas,AR,Sharp,$4.001,2026-09-30
Arkansas,AR,Saint Francis,$4.019,2026-09-30
Arkansas,AR,Stone,$4.189,2026-09-30
Arkansas,AR,Union,$4.068,2026-09-30
Arkansas,AR,Van Buren,$3.941,2026-09-30
Arkansas,AR,Washington,$4.066,2026-09-30
Arkansas,AR,White,$3.984,2026-09-30
Arkansas,AR,Woodruff,$4.049,2026-09-30
Arkansas,AR,Yell,$4.056,2026-09-30
California,CA,Alameda,$6.479,2026-09-30
California,CA,Alpine,$6.799,2026-09-30
California,CA,Amador,$6.431,2026-09-30
California,CA,Butte,$6.160,2026-09-30
California,CA,Calaveras,$6.436,2026-09-30
California,CA,Colusa,$6.331,2026-09-30
California,CA,Contra Costa,$6.415,2026-09-30
California,CA,Del Norte,$6.244,2026-09-30
California,CA,El Dorado,$6.396,2026-09-30
California,CA,Fresno,$6.422,2026-09-30
California,CA,Glenn,$6.382,2026-09-30
California,CA,Humboldt,$6.807,2026-09-30
California,CA,Imperial,$6.117,2026-09-30
California,CA,Inyo,$6.651,2026-09-30
California,CA,Kern,$6.330,2026-09-30
California,CA,Kings,$6.332,2026-09-30
California,CA,Lake,$6.427,2026-09-30
California,CA,Lassen,$6.295,2026-09-30
California,CA,Los Angeles,$6.428,2026-09-30
California,CA,Madera,$6.383,2026-09-30
California,CA,Marin,$6.598,2026-09-30
California,CA,Mariposa,$6.574,2026-09-30
California,CA,Mendocino,$6.427,2026-09-30
California,CA,Merced,$6.254,2026-09-30
California,CA,Modoc,$6.492,2026-09-30
California,CA,Mono,$7.314,2026-09-30
California,CA,Monterey,$6.584,2026-09-30
California,CA,Napa,$6.543,2026-09-30
California,CA,Nevada,$6.630,2026-09-30
California,CA,Orange,$6.401,2026-09-30
California,CA,Placer,$6.411,2026-09-30
California,CA,Plumas,$6.404,2026-09-30
California,CA,Riverside,$6.320,2026-09-30
California,CA,Sacramento,$6.314,2026-09-30
California,CA,San Benito,$6.452,2026-09-30
California,CA,San Bernardino,$6.325,2026-09-30
California,CA,San Diego,$6.422,2026-09-30
California,CA,San Francisco,$6.544,2026-09-30
California,CA,San Joaquin,$6.274,2026-09-30
California,CA,San Luis Obispo,$6.577,2026-09-30
California,CA,San Mateo,$6.615,2026-09-30
California,CA,Santa Barbara,$6.377,2026-09-30
California,CA,Santa Clara,$6.413,2026-09-30
California,CA,Santa Cruz,$6.370,2026-09-30
California,CA,Shasta,$6.211,2026-09-30
California,CA,Sierra,$6.499,2026-09-30
California,CA,Siskiyou,$6.464,2026-09-30
California,CA,Solano,$6.354,2026-09-30
California,CA,Sonoma,$6.619,2026-09-30
California,CA,Stanislaus,$6.191,2026-09-30
California,CA,Sutter,$6.122,2026-09-30
California,CA,Tehama,$6.160,2026-09-30
California,CA,Trinity,$6.324,2026-09-30
California,CA,Tulare,$6.358,2026-09-30
California,CA,Tuolumne,$6.218,2026-09-30
California,CA,Ventura,$6.356,2026-09-30
California,CA,Yolo,$6.334,2026-09-30
California,CA,Yuba,$6.133,2026-09-30
Colorado,CO,Adams,$3.810,2026-09-30
Colorado,CO,Alamosa,$4.161,2026-09-30
Colorado,CO,Arapahoe,$3.947,2026-09-30
Colorado,CO,Archuleta,$4.690,2026-09-30
Colorado,CO,Baca,$4.079,2026-09-30
Colorado,CO,Bent,$4.092,2026-09-30
Colorado,CO,Boulder,$4.216,2026-09-30
Colorado,CO,Broomfield,$3.872,2026-09-30
Colorado,CO,Chaffee,$4.522,2026-09-30
Colorado,CO,Cheyenne,$4.099,2026-09-30
Colorado,CO,Clear Creek,$4.487,2026-09-30
Colorado,CO,Conejos,$4.252,2026-09-30
Colorado,CO,Costilla,$4.419,2026-09-30
Colorado,CO,Crowley,$4.099,2026-09-30
Colorado,CO,Custer,$4.299,2026-09-30
Colorado,CO,Delta,$4.603,2026-09-30
Colorado,CO,Denver,$3.992,2026-09-30
Colorado,CO,Dolores,$4.549,2026-09-30
Colorado,CO,Douglas,$4.050,2026-09-30
Colorado,CO,Eagle,$4.810,2026-09-30
Colorado,CO,El Paso,$3.930,2026-09-30
Colorado,CO,Elbert,$4.264,2026-09-30
Colorado,CO,Fremont,$4.217,2026-09-30
Colorado,CO,Garfield,$4.839,2026-09-30
Colorado,CO,Gilpin,$4.499,2026-09-30
Colorado,CO,Grand,$4.628,2026-09-30
Colorado,CO,Gunnison,$4.513,2026-09-30
Colorado,CO,Hinsdale,$5.849,2026-09-30
Colorado,CO,Huerfano,$4.250,2026-09-30
Colorado,CO,Jackson,$4.899,2026-09-30
Colorado,CO,Jefferson,$4.100,2026-09-30
Colorado,CO,Kiowa,$4.319,2026-09-30
Colorado,CO,Kit Carson,$4.219,2026-09-30
Colorado,CO,La Plata,$4.775,2026-09-30
Colorado,CO,Lake,$4.567,2026-09-30
Colorado,CO,Larimer,$4.153,2026-09-30
Colorado,CO,Las Animas,$4.175,2026-09-30
Colorado,CO,Lincoln,$4.217,2026-09-30
Colorado,CO,Logan,$4.484,2026-09-30
Colorado,CO,Mesa,$4.434,2026-09-30
Colorado,CO,Mineral,$4.799,2026-09-30
Colorado,CO,Moffat,$4.669,2026-09-30
Colorado,CO,Montezuma,$4.487,2026-09-30
Colorado,CO,Montrose,$4.639,2026-09-30
Colorado,CO,Morgan,$4.295,2026-09-30
Colorado,CO,Otero,$4.140,2026-09-30
Colorado,CO,Ouray,$4.989,2026-09-30
Colorado,CO,Park,$4.552,2026-09-30
Colorado,CO,Phillips,$4.822,2026-09-30
Colorado,CO,Pitkin,$5.827,2026-09-30
Colorado,CO,Prowers,$4.099,2026-09-30
Colorado,CO,Pueblo,$3.991,2026-09-30
Colorado,CO,Rio Blanco,$4.694,2026-09-30
Colorado,CO,Rio Grande,$4.287,2026-09-30
Colorado,CO,Routt,$4.978,2026-09-30
Colorado,CO,Saguache,$4.566,2026-09-30
Colorado,CO,San Juan,$4.999,2026-09-30
Colorado,CO,San Miguel,$5.096,2026-09-30
Colorado,CO,Sedgwick,$4.632,2026-09-30
Colorado,CO,Summit,$4.604,2026-09-30
Colorado,CO,Teller,$4.270,2026-09-30
Colorado,CO,Washington,$4.474,2026-09-30
Colorado,CO,Weld,$3.883,2026-09-30
Colorado,CO,Yuma,$4.411,2026-09-30
Connecticut,CT,Fairfield,$4.570,2026-09-30
Connecticut,CT,Hartford,$4.450,2026-09-30
Connecticut,CT,Litchfield,$4.471,2026-09-30
Connecticut,CT,Middlesex,$4.424,2026-09-30
Connecticut,CT,New Haven,$4.450,2026-09-30
Connecticut,CT,New London,$4.469,2026-09-30
Connecticut,CT,Tolland,$4.456,2026-09-30
Connecticut,CT,Windham,$4.508,2026-09-30
Delaware,DE,Kent,$4.363,2026-09-30
Delaware,DE,New castle,$4.302,2026-09-30
Delaware,DE,Sussex,$4.368,2026-09-30
Florida,FL,Alachua,$4.381,2026-09-30
Florida,FL,Baker,$4.280,2026-09-30
Florida,FL,Bay,$4.006,2026-09-30
Florida,FL,Bradford,$4.254,2026-09-30
Florida,FL,Brevard,$4.308,2026-09-30
Florida,FL,Broward,$4.315,2026-09-30
Florida,FL,Calhoun,$4.366,2026-09-30
Florida,FL,Charlotte,$4.226,2026-09-30
Florida,FL,Citrus,$4.295,2026-09-30
Florida,FL,Clay,$4.209,2026-09-30
Florida,FL,Collier,$4.426,2026-09-30
Florida,FL,Columbia,$4.122,2026-09-30
Florida,FL,De Soto,$4.263,2026-09-30
Florida,FL,Dixie,$4.308,2026-09-30
Florida,FL,Duval,$4.304,2026-09-30
Florida,FL,Escambia,$3.969,2026-09-30
Florida,FL,Flagler,$4.329,2026-09-30
Florida,FL,Franklin,$4.078,2026-09-30
Florida,FL,Gadsden,$4.158,2026-09-30
Florida,FL,Gilchrist,$4.165,2026-09-30
Florida,FL,Glades,$4.384,2026-09-30
Florida,FL,Gulf,$4.030,2026-09-30
Florida,FL,Hamilton,$4.130,2026-09-30
Florida,FL,Hardee,$4.286,2026-09-30
Florida,FL,Hendry,$4.389,2026-09-30
Florida,FL,Hernando,$4.248,2026-09-30
Florida,FL,Highlands,$4.310,2026-09-30
Florida,FL,Hillsborough,$4.236,2026-09-30
Florida,FL,Holmes,$4.173,2026-09-30
Florida,FL,Indian River,$4.266,2026-09-30
Florida,FL,Jackson,$4.088,2026-09-30
Florida,FL,Jefferson,$4.290,2026-09-30
Florida,FL,Lafayette,$4.374,2026-09-30
Florida,FL,Lake,$4.212,2026-09-30
Florida,FL,Lee,$4.271,2026-09-30
Florida,FL,Leon,$4.113,2026-09-30
Florida,FL,Levy,$4.351,2026-09-30
Florida,FL,Liberty,$4.385,2026-09-30
Florida,FL,Madison,$4.297,2026-09-30
Florida,FL,Manatee,$4.215,2026-09-30
Florida,FL,Marion,$4.276,2026-09-30
Florida,FL,Martin,$4.202,2026-09-30
Florida,FL,Miami Dade,$4.265,2026-09-30
Florida,FL,Monroe,$4.593,2026-09-30
Florida,FL,Nassau,$4.325,2026-09-30
Florida,FL,Okaloosa,$4.037,2026-09-30
Florida,FL,Okeechobee,$4.339,2026-09-30
Florida,FL,Orange,$4.225,2026-09-30
Florida,FL,Osceola,$4.236,2026-09-30
Florida,FL,Palm Beach,$4.418,2026-09-30
Florida,FL,Pasco,$4.194,2026-09-30
Florida,FL,Pinellas,$4.234,2026-09-30
Florida,FL,Polk,$4.228,2026-09-30
Florida,FL,Putnam,$4.259,2026-09-30
Florida,FL,Santa Rosa,$4.070,2026-09-30
Florida,FL,Sarasota,$4.165,2026-09-30
Florida,FL,Seminole,$4.217,2026-09-30
Florida,FL,Saint Johns,$4.312,2026-09-30
Florida,FL,Saint Lucie,$4.274,2026-09-30
Florida,FL,Sumter,$4.159,2026-09-30
Florida,FL,Suwannee,$4.337,2026-09-30
Florida,FL,Taylor,$4.303,2026-09-30
Florida,FL,Union,$4.293,2026-09-30
Florida,FL,Volusia,$4.272,2026-09-30
Florida,FL,Wakulla,$4.120,2026-09-30
Florida,FL,Walton,$4.077,2026-09-30
Florida,FL,Washington,$4.185,2026-09-30
Georgia,GA,Appling,$3.987,2026-09-30
Georgia,GA,Atkinson,$4.134,2026-09-30
Georgia,GA,Bacon,$4.034,2026-09-30
Georgia,GA,Bibb,$4.035,2026-09-30
Georgia,GA,Bulloch,$3.953,2026-09-30
Georgia,GA,Baldwin,$3.923,2026-09-30
Georgia,GA,Brantley,$4.153,2026-09-30
Georgia,GA,Ben Hill,$3.904,2026-09-30
Georgia,GA,Berrien,$4.129,2026-09-30
Georgia,GA,Baker,$4.099,2026-09-30
Georgia,GA,Bleckley,$4.042,2026-09-30
Georgia,GA,Banks,$4.067,2026-09-30
Georgia,GA,Brooks,$3.969,2026-09-30
Georgia,GA,Bryan,$4.055,2026-09-30
Georgia,GA,Butts,$4.071,2026-09-30
Georgia,GA,Bartow,$3.991,2026-09-30
Georgia,GA,Burke,$4.104,2026-09-30
Georgia,GA,Barrow,$4.055,2026-09-30
Georgia,GA,Chatham,$3.996,2026-09-30
Georgia,GA,Cobb,$4.061,2026-09-30
Georgia,GA,Chattahoochee,$3.932,2026-09-30
Georgia,GA,Crawford,$4.264,2026-09-30
Georgia,GA,Cherokee,$4.107,2026-09-30
Georgia,GA,Coffee,$4.014,2026-09-30
Georgia,GA,Chattooga,$4.026,2026-09-30
Georgia,GA,Charlton,$3.923,2026-09-30
Georgia,GA,Clinch,$4.259,2026-09-30
Georgia,GA,Clarke,$4.094,2026-09-30
Georgia,GA,Calhoun,$4.399,2026-09-30
Georgia,GA,Camden,$3.905,2026-09-30
Georgia,GA,Candler,$4.124,2026-09-30
Georgia,GA,Cook,$4.033,2026-09-30
Georgia,GA,Crisp,$3.869,2026-09-30
Georgia,GA,Colquitt,$3.907,2026-09-30
Georgia,GA,Carroll,$4.083,2026-09-30
Georgia,GA,Catoosa,$3.825,2026-09-30
Georgia,GA,Clayton,$4.120,2026-09-30
Georgia,GA,Columbia,$3.792,2026-09-30
Georgia,GA,Coweta,$4.118,2026-09-30
Georgia,GA,Clay,$4.199,2026-09-30
Georgia,GA,Dade,$3.916,2026-09-30
Georgia,GA,Decatur,$3.814,2026-09-30
Georgia,GA,Douglas,$4.082,2026-09-30
Georgia,GA,DeKalb,$4.099,2026-09-30
Georgia,GA,Dooly,$3.943,2026-09-30
Georgia,GA,Dodge,$4.062,2026-09-30
Georgia,GA,Dougherty,$3.844,2026-09-30
Georgia,GA,Dawson,$4.060,2026-09-30
Georgia,GA,Early,$4.313,2026-09-30
Georgia,GA,Echols,$4.099,2026-09-30
Georgia,GA,Effingham,$3.861,2026-09-30
Georgia,GA,Elbert,$4.126,2026-09-30
Georgia,GA,Emanuel,$4.270,2026-09-30
Georgia,GA,Evans,$4.156,2026-09-30
Georgia,GA,Fannin,$4.112,2026-09-30
Georgia,GA,Floyd,$3.994,2026-09-30
Georgia,GA,Forsyth,$4.111,2026-09-30
Georgia,GA,Franklin,$4.112,2026-09-30
Georgia,GA,Fulton,$4.228,2026-09-30
Georgia,GA,Fayette,$4.138,2026-09-30
Georgia,GA,Greene,$4.225,2026-09-30
Georgia,GA,Gilmer,$4.118,2026-09-30
Georgia,GA,Glascock,$3.949,2026-09-30
Georgia,GA,Gordon,$4.050,2026-09-30
Georgia,GA,Grady,$4.122,2026-09-30
Georgia,GA,Gwinnett,$4.048,2026-09-30
Georgia,GA,Glynn,$3.833,2026-09-30
Georgia,GA,Habersham,$4.079,2026-09-30
Georgia,GA,Heard,$4.126,2026-09-30
Georgia,GA,Harris,$4.213,2026-09-30
Georgia,GA,Hall,$4.075,2026-09-30
Georgia,GA,Hancock,$4.199,2026-09-30
Georgia,GA,Houston,$3.923,2026-09-30
Georgia,GA,Haralson,$4.031,2026-09-30
Georgia,GA,Hart,$4.015,2026-09-30
Georgia,GA,Henry,$4.046,2026-09-30
Georgia,GA,Irwin,$4.092,2026-09-30
Georgia,GA,Jackson,$4.034,2026-09-30
Georgia,GA,Jeff Davis,$3.918,2026-09-30
Georgia,GA,Jefferson,$4.038,2026-09-30
Georgia,GA,Jenkins,$3.877,2026-09-30
Georgia,GA,Jones,$3.967,2026-09-30
Georgia,GA,Johnson,$3.921,2026-09-30
Georgia,GA,Jasper,$4.152,2026-09-30
Georgia,GA,Lamar,$4.140,2026-09-30
Georgia,GA,Lincoln,$4.089,2026-09-30
Georgia,GA,Lee,$3.696,2026-09-30
Georgia,GA,Liberty,$3.990,2026-09-30
Georgia,GA,Lanier,$4.132,2026-09-30
Georgia,GA,Long,$3.893,2026-09-30
Georgia,GA,Lumpkin,$4.152,2026-09-30
Georgia,GA,Laurens,$3.885,2026-09-30
Georgia,GA,Lowndes,$3.882,2026-09-30
Georgia,GA,Macon,$4.049,2026-09-30
Georgia,GA,Mcduffie,$3.952,2026-09-30
Georgia,GA,Madison,$4.088,2026-09-30
Georgia,GA,Meriwether,$4.130,2026-09-30
Georgia,GA,Montgomery,$4.007,2026-09-30
Georgia,GA,Mcintosh,$3.998,2026-09-30
Georgia,GA,Miller,$4.057,2026-09-30
Georgia,GA,Morgan,$4.083,2026-09-30
Georgia,GA,Monroe,$4.176,2026-09-30
Georgia,GA,Marion,$3.999,2026-09-30
Georgia,GA,Muscogee,$4.045,2026-09-30
Georgia,GA,Mitchell,$4.037,2026-09-30
Georgia,GA,Murray,$4.056,2026-09-30
Georgia,GA,Newton,$4.106,2026-09-30
Georgia,GA,Oconee,$4.043,2026-09-30
Georgia,GA,Oglethorpe,$4.219,2026-09-30
Georgia,GA,Peach,$3.927,2026-09-30
Georgia,GA,Pickens,$4.032,2026-09-30
Georgia,GA,Paulding,$4.097,2026-09-30
Georgia,GA,Pierce,$4.133,2026-09-30
Georgia,GA,Pike,$4.140,2026-09-30
Georgia,GA,Pulaski,$3.831,2026-09-30
Georgia,GA,Polk,$4.073,2026-09-30
Georgia,GA,Putnam,$4.069,2026-09-30
Georgia,GA,Quitman,$4.286,2026-09-30
Georgia,GA,Randolph,$4.139,2026-09-30
Georgia,GA,Rabun,$4.274,2026-09-30
Georgia,GA,Richmond,$3.997,2026-09-30
Georgia,GA,Rockdale,$4.077,2026-09-30
Georgia,GA,Schley,$3.829,2026-09-30
Georgia,GA,Stephens,$4.086,2026-09-30
Georgia,GA,Seminole,$4.059,2026-09-30
Georgia,GA,Spalding,$4.138,2026-09-30
Georgia,GA,Screven,$4.141,2026-09-30
Georgia,GA,Stewart,$4.179,2026-09-30
Georgia,GA,Sumter,$3.872,2026-09-30
Georgia,GA,Taliaferro,$4.049,2026-09-30
Georgia,GA,Talbot,$4.329,2026-09-30
Georgia,GA,Treutlen,$4.104,2026-09-30
Georgia,GA,Telfair,$3.980,2026-09-30
Georgia,GA,Thomas,$3.985,2026-09-30
Georgia,GA,Tift,$3.965,2026-09-30
Georgia,GA,Terrell,$3.862,2026-09-30
Georgia,GA,Toombs,$3.882,2026-09-30
Georgia,GA,Towns,$4.217,2026-09-30
Georgia,GA,Troup,$4.102,2026-09-30
Georgia,GA,Tattnall,$4.063,2026-09-30
Georgia,GA,Turner,$4.024,2026-09-30
Georgia,GA,Twiggs,$4.287,2026-09-30
Georgia,GA,Taylor,$4.235,2026-09-30
Georgia,GA,Union,$4.063,2026-09-30
Georgia,GA,Upson,$3.970,2026-09-30
Georgia,GA,Ware,$3.850,2026-09-30
Georgia,GA,Wilcox,$3.932,2026-09-30
Georgia,GA,Wheeler,$4.084,2026-09-30
Georgia,GA,Washington,$3.930,2026-09-30
Georgia,GA,Whitfield,$3.990,2026-09-30
Georgia,GA,Wilkinson,$4.060,2026-09-30
Georgia,GA,Walker,$3.945,2026-09-30
Georgia,GA,Wilkes,$4.082,2026-09-30
Georgia,GA,Walton,$4.114,2026-09-30
Georgia,GA,Worth,$3.908,2026-09-30
Georgia,GA,Warren,$3.874,2026-09-30
Georgia,GA,Webster,$3.929,2026-09-30
Georgia,GA,White,$4.081,2026-09-30
Georgia,GA,Wayne,$3.895,2026-09-30
Hawaii,HI,Hawaii,$5.704,2026-09-30
Hawaii,HI,Honolulu,$5.531,2026-09-30
Hawaii,HI,Kalawao,,2026-09-30
Hawaii,HI,Kauai,$5.866,2026-09-30
Hawaii,HI,Maui,$5.702,2026-09-30
Idaho,ID,Ada,$5.081,2026-09-30
Idaho,ID,Adams,$5.181,2026-09-30
Idaho,ID,Bannock,$5.062,2026-09-30
Idaho,ID,Bear Lake,$5.183,2026-09-30
Idaho,ID,Benewah,$4.702,2026-09-30
Idaho,ID,Bingham,$5.009,2026-09-30
Idaho,ID,Blaine,$5.274,2026-09-30
Idaho,ID,Boise,$5.372,2026-09-30
Idaho,ID,Bonner,$4.732,2026-09-30
Idaho,ID,Bonneville,$4.975,2026-09-30
Idaho,ID,Boundary,$4.713,2026-09-30
Idaho,ID,Butte,$5.186,2026-09-30
Idaho,ID,Camas,$5.349,2026-09-30
Idaho,ID,Canyon,$5.056,2026-09-30
Idaho,ID,Caribou,$5.055,2026-09-30
Idaho,ID,Cassia,$5.104,2026-09-30
Idaho,ID,Clark,$5.679,2026-09-30
Idaho,ID,Clearwater,$4.799,2026-09-30
Idaho,ID,Custer,$5.199,2026-09-30
Idaho,ID,Elmore,$5.102,2026-09-30
Idaho,ID,Franklin,$4.983,2026-09-30
Idaho,ID,Fremont,$5.333,2026-09-30
Idaho,ID,Gem,$5.066,2026-09-30
Idaho,ID,Gooding,$5.106,2026-09-30
Idaho,ID,Idaho,$4.828,2026-09-30
Idaho,ID,Jefferson,$5.045,2026-09-30
Idaho,ID,Jerome,$5.068,2026-09-30
Idaho,ID,Kootenai,$4.601,2026-09-30
Idaho,ID,Latah,$4.756,2026-09-30
Idaho,ID,Lemhi,$4.928,2026-09-30
Idaho,ID,Lewis,$4.762,2026-09-30
Idaho,ID,Lincoln,$5.096,2026-09-30
Idaho,ID,Madison,$5.034,2026-09-30
Idaho,ID,Minidoka,$5.045,2026-09-30
Idaho,ID,Nez perce,$4.604,2026-09-30
Idaho,ID,Oneida,$5.071,2026-09-30
Idaho,ID,Owyhee,$5.106,2026-09-30
Idaho,ID,Payette,$5.163,2026-09-30
Idaho,ID,Power,$5.077,2026-09-30
Idaho,ID,Shoshone,$4.994,2026-09-30
Idaho,ID,Teton,$5.106,2026-09-30
Idaho,ID,Twin falls,$5.092,2026-09-30
Idaho,ID,Valley,$5.333,2026-09-30
Idaho,ID,Washington,$5.134,2026-09-30
Illinois,IL,Adams,$4.717,2026-09-30
Illinois,IL,Alexander,$4.799,2026-09-30
Illinois,IL,Bond,$4.682,2026-09-30
Illinois,IL,Boone,$4.714,2026-09-30
Illinois,IL,Brown,$4.566,2026-09-30
Illinois,IL,Bureau,$4.660,2026-09-30
Illinois,IL,Calhoun,$4.299,2026-09-30
Illinois,IL,Carroll,$4.744,2026-09-30
Illinois,IL,Cass,$4.763,2026-09-30
Illinois,IL,Champaign,$4.617,2026-09-30
Illinois,IL,Christian,$4.754,2026-09-30
Illinois,IL,Clark,$4.706,2026-09-30
Illinois,IL,Clay,$4.654,2026-09-30
Illinois,IL,Clinton,$4.638,2026-09-30
Illinois,IL,Coles,$4.621,2026-09-30
Illinois,IL,Cook,$4.907,2026-09-30
Illinois,IL,Crawford,$4.655,2026-09-30
Illinois,IL,Cumberland,$4.717,2026-09-30
Illinois,IL,Dewitt,$4.680,2026-09-30
Illinois,IL,De Kalb,$4.730,2026-09-30
Illinois,IL,Douglas,$4.545,2026-09-30
Illinois,IL,Du Page,$4.715,2026-09-30
Illinois,IL,Edgar,$4.450,2026-09-30
Illinois,IL,Edwards,$4.799,2026-09-30
Illinois,IL,Effingham,$4.428,2026-09-30
Illinois,IL,Fayette,$4.589,2026-09-30
Illinois,IL,Ford,$4.735,2026-09-30
Illinois,IL,Franklin,$4.681,2026-09-30
Illinois,IL,Fulton,$4.682,2026-09-30
Illinois,IL,Gallatin,$4.699,2026-09-30
Illinois,IL,Greene,$4.583,2026-09-30
Illinois,IL,Grundy,$4.534,2026-09-30
Illinois,IL,Hamilton,$4.749,2026-09-30
Illinois,IL,Hancock,$4.750,2026-09-30
Illinois,IL,Hardin,$4.649,2026-09-30
Illinois,IL,Henderson,$4.764,2026-09-30
Illinois,IL,Henry,$4.763,2026-09-30
Illinois,IL,Iroquois,$4.564,2026-09-30
Illinois,IL,Jackson,$4.798,2026-09-30
Illinois,IL,Jasper,$4.666,2026-09-30
Illinois,IL,Jefferson,$4.649,2026-09-30
Illinois,IL,Jersey,$4.310,2026-09-30
Illinois,IL,Jo Daviess,$4.648,2026-09-30
Illinois,IL,Johnson,$4.566,2026-09-30
Illinois,IL,Kane,$4.712,2026-09-30
Illinois,IL,Kankakee,$4.706,2026-09-30
Illinois,IL,Kendall,$4.610,2026-09-30
Illinois,IL,Knox,$4.682,2026-09-30
Illinois,IL,La Salle,$4.614,2026-09-30
Illinois,IL,Lake,$4.683,2026-09-30
Illinois,IL,Lawrence,$4.594,2026-09-30
Illinois,IL,Lee,$4.652,2026-09-30
Illinois,IL,Livingston,$4.667,2026-09-30
Illinois,IL,Logan,$4.660,2026-09-30
Illinois,IL,Macon,$4.663,2026-09-30
Illinois,IL,Macoupin,$4.646,2026-09-30
Illinois,IL,Madison,$4.657,2026-09-30
Illinois,IL,Marion,$4.699,2026-09-30
Illinois,IL,Marshall,$4.704,2026-09-30
Illinois,IL,Mason,$4.728,2026-09-30
Illinois,IL,Massac,$4.619,2026-09-30
Illinois,IL,McDonough,$4.570,2026-09-30
Illinois,IL,McHenry,$4.685,2026-09-30
Illinois,IL,McLean,$4.617,2026-09-30
Illinois,IL,Menard,$4.716,2026-09-30
Illinois,IL,Mercer,$4.775,2026-09-30
Illinois,IL,Monroe,$4.800,2026-09-30
Illinois,IL,Montgomery,$4.615,2026-09-30
Illinois,IL,Morgan,$4.555,2026-09-30
Illinois,IL,Moultrie,$4.664,2026-09-30
Illinois,IL,Ogle,$4.628,2026-09-30
Illinois,IL,Peoria,$4.833,2026-09-30
Illinois,IL,Perry,$4.799,2026-09-30
Illinois,IL,Piatt,$4.760,2026-09-30
Illinois,IL,Pike,$4.752,2026-09-30
Illinois,IL,Pope,$4.699,2026-09-30
Illinois,IL,Pulaski,$4.699,2026-09-30
Illinois,IL,Putnam,$4.749,2026-09-30
Illinois,IL,Randolph,$4.788,2026-09-30
Illinois,IL,Richland,$4.282,2026-09-30
Illinois,IL,Rock Island,$4.748,2026-09-30
Illinois,IL,Saline,$4.592,2026-09-30
Illinois,IL,Sangamon,$4.603,2026-09-30
Illinois,IL,Schuyler,$4.486,2026-09-30
Illinois,IL,Scott,$4.511,2026-09-30
Illinois,IL,Shelby,$4.630,2026-09-30
Illinois,IL,Saint Clair,$4.757,2026-09-30
Illinois,IL,Stark,$4.694,2026-09-30
Illinois,IL,Stephenson,$4.760,2026-09-30
Illinois,IL,Tazewell,$4.705,2026-09-30
Illinois,IL,Union,$4.799,2026-09-30
Illinois,IL,Vermilion,$4.646,2026-09-30
Illinois,IL,Wabash,$4.541,2026-09-30
Illinois,IL,Warren,$4.763,2026-09-30
Illinois,IL,Washington,$4.793,2026-09-30
Illinois,IL,Wayne,$4.584,2026-09-30
Illinois,IL,White,$4.667,2026-09-30
Illinois,IL,Whiteside,$4.633,2026-09-30
Illinois,IL,Will,$4.662,2026-09-30
Illinois,IL,Williamson,$4.687,2026-09-30
Illinois,IL,Winnebago,$4.674,2026-09-30
Illinois,IL,Woodford,$4.746,2026-09-30
Indiana,IN,Adams,$3.930,2026-09-30
Indiana,IN,Allen,$3.767,2026-09-30
Indiana,IN,Bartholomew,$3.828,2026-09-30
Indiana,IN,Benton,$3.846,2026-09-30
Indiana,IN,Blackford,$3.909,2026-09-30
Indiana,IN,Boone,$3.808,2026-09-30
Indiana,IN,Brown,$3.959,2026-09-30
Indiana,IN,Carroll,$3.935,2026-09-30
Indiana,IN,Cass,$3.961,2026-09-30
Indiana,IN,Clark,$3.816,2026-09-30
Indiana,IN,Clay,$3.849,2026-09-30
Indiana,IN,Clinton,$3.810,2026-09-30
Indiana,IN,Crawford,$3.848,2026-09-30
Indiana,IN,Daviess,$3.922,2026-09-30
Indiana,IN,De Kalb,$3.855,2026-09-30
Indiana,IN,Dearborn,$4.007,2026-09-30
Indiana,IN,Decatur,$3.918,2026-09-30
Indiana,IN,Delaware,$3.828,2026-09-30
Indiana,IN,Dubois,$3.753,2026-09-30
Indiana,IN,Elkhart,$3.842,2026-09-30
Indiana,IN,Fayette,$3.877,2026-09-30
Indiana,IN,Floyd,$3.970,2026-09-30
Indiana,IN,Fountain,$4.040,2026-09-30
Indiana,IN,Franklin,$3.926,2026-09-30
Indiana,IN,Fulton,$3.941,2026-09-30
Indiana,IN,Gibson,$3.842,2026-09-30
Indiana,IN,Grant,$3.874,2026-09-30
Indiana,IN,Greene,$3.854,2026-09-30
Indiana,IN,Hamilton,$3.816,2026-09-30
Indiana,IN,Hancock,$3.713,2026-09-30
Indiana,IN,Harrison,$3.910,2026-09-30
Indiana,IN,Hendricks,$3.700,2026-09-30
Indiana,IN,Henry,$3.884,2026-09-30
Indiana,IN,Howard,$3.887,2026-09-30
Indiana,IN,Huntington,$3.909,2026-09-30
Indiana,IN,Jackson,$3.820,2026-09-30
Indiana,IN,Jasper,$4.074,2026-09-30
Indiana,IN,Jay,$3.834,2026-09-30
Indiana,IN,Jefferson,$3.968,2026-09-30
Indiana,IN,Jennings,$3.975,2026-09-30
Indiana,IN,Johnson,$3.737,2026-09-30
Indiana,IN,Knox,$3.829,2026-09-30
Indiana,IN,Kosciusko,$3.809,2026-09-30
Indiana,IN,La Porte,$3.872,2026-09-30
Indiana,IN,Lagrange,$3.924,2026-09-30
Indiana,IN,Lake,$3.849,2026-09-30
Indiana,IN,Lawrence,$3.856,2026-09-30
Indiana,IN,Madison,$3.823,2026-09-30
Indiana,IN,Marion,$3.787,2026-09-30
Indiana,IN,Marshall,$3.821,2026-09-30
Indiana,IN,Martin,$3.691,2026-09-30
Indiana,IN,Miami,$3.828,2026-09-30
Indiana,IN,Monroe,$3.863,2026-09-30
Indiana,IN,Montgomery,$3.911,2026-09-30
Indiana,IN,Morgan,$3.804,2026-09-30
Indiana,IN,Newton,$3.870,2026-09-30
Indiana,IN,Noble,$3.865,2026-09-30
Indiana,IN,Ohio,$3.999,2026-09-30
Indiana,IN,Orange,$3.793,2026-09-30
Indiana,IN,Owen,$3.927,2026-09-30
Indiana,IN,Parke,$3.895,2026-09-30
Indiana,IN,Perry,$3.790,2026-09-30
Indiana,IN,Pike,$3.824,2026-09-30
Indiana,IN,Porter,$3.858,2026-09-30
Indiana,IN,Posey,$3.850,2026-09-30
Indiana,IN,Pulaski,$4.087,2026-09-30
Indiana,IN,Putnam,$3.916,2026-09-30
Indiana,IN,Randolph,$3.901,2026-09-30
Indiana,IN,Ripley,$3.994,2026-09-30
Indiana,IN,Rush,$3.954,2026-09-30
Indiana,IN,Scott,$3.575,2026-09-30
Indiana,IN,Shelby,$3.777,2026-09-30
Indiana,IN,Spencer,$3.796,2026-09-30
Indiana,IN,St Joseph,$3.837,2026-09-30
Indiana,IN,Starke,$3.965,2026-09-30
Indiana,IN,Steuben,$3.612,2026-09-30
Indiana,IN,Sullivan,$3.782,2026-09-30
Indiana,IN,Switzerland,$3.937,2026-09-30
Indiana,IN,Tippecanoe,$3.754,2026-09-30
Indiana,IN,Tipton,$3.908,2026-09-30
Indiana,IN,Union,$3.999,2026-09-30
Indiana,IN,Vanderburgh,$3.795,2026-09-30
Indiana,IN,Vermillion,$3.963,2026-09-30
Indiana,IN,Vigo,$3.807,2026-09-30
Indiana,IN,Wabash,$3.934,2026-09-30
Indiana,IN,Warren,$3.974,2026-09-30
Indiana,IN,Warrick,$3.849,2026-09-30
Indiana,IN,Washington,$4.000,2026-09-30
Indiana,IN,Wayne,$3.734,2026-09-30
Indiana,IN,Wells,$3.710,2026-09-30
Indiana,IN,White,$4.140,2026-09-30
Indiana,IN,Whitley,$3.811,2026-09-30
Iowa,IA,Adair,$4.234,2026-09-30
Iowa,IA,Adams,$4.249,2026-09-30
Iowa,IA,Allamakee,$4.399,2026-09-30
Iowa,IA,Appanoose,$4.267,2026-09-30
Iowa,IA,Audubon,$4.189,2026-09-30
Iowa,IA,Benton,$4.266,2026-09-30
Iowa,IA,Black Hawk,$4.087,2026-09-30
Iowa,IA,Boone,$4.359,2026-09-30
Iowa,IA,Bremer,$4.377,2026-09-30
Iowa,IA,Buchanan,$4.293,2026-09-30
Iowa,IA,Buena Vista,$4.153,2026-09-30
Iowa,IA,Butler,$4.336,2026-09-30
Iowa,IA,Calhoun,$4.192,2026-09-30
Iowa,IA,Carroll,$4.284,2026-09-30
Iowa,IA,Cass,$4.177,2026-09-30
Iowa,IA,Cedar,$4.366,2026-09-30
Iowa,IA,Cerro Gordo,$3.890,2026-09-30
Iowa,IA,Cherokee,$4.182,2026-09-30
Iowa,IA,Chickasaw,$4.239,2026-09-30
Iowa,IA,Clarke,$4.339,2026-09-30
Iowa,IA,Clay,$4.349,2026-09-30
Iowa,IA,Clayton,$4.388,2026-09-30
Iowa,IA,Clinton,$4.135,2026-09-30
Iowa,IA,Crawford,$4.349,2026-09-30
Iowa,IA,Dallas,$4.152,2026-09-30
Iowa,IA,Davis,$4.432,2026-09-30
Iowa,IA,Decatur,$4.289,2026-09-30
Iowa,IA,Delaware,$4.345,2026-09-30
Iowa,IA,Des Moines,$4.314,2026-09-30
Iowa,IA,Dickinson,$4.357,2026-09-30
Iowa,IA,Dubuque,$4.327,2026-09-30
Iowa,IA,Emmet,$4.299,2026-09-30
Iowa,IA,Fayette,$4.358,2026-09-30
Iowa,IA,Floyd,$4.108,2026-09-30
Iowa,IA,Franklin,$4.224,2026-09-30
Iowa,IA,Fremont,$4.439,2026-09-30
Iowa,IA,Greene,$4.292,2026-09-30
Iowa,IA,Grundy,$4.292,2026-09-30
Iowa,IA,Guthrie,$4.199,2026-09-30
Iowa,IA,Hamilton,$4.184,2026-09-30
Iowa,IA,Hancock,$4.066,2026-09-30
Iowa,IA,Hardin,$4.358,2026-09-30
Iowa,IA,Harrison,$4.407,2026-09-30
Iowa,IA,Henry,$4.004,2026-09-30
Iowa,IA,Howard,$4.314,2026-09-30
Iowa,IA,Humboldt,$4.229,2026-09-30
Iowa,IA,Ida,$4.179,2026-09-30
Iowa,IA,Iowa,$4.308,2026-09-30
Iowa,IA,Jackson,$4.317,2026-09-30
Iowa,IA,Jasper,$4.055,2026-09-30
Iowa,IA,Jefferson,$4.428,2026-09-30
Iowa,IA,Johnson,$4.307,2026-09-30
Iowa,IA,Jones,$4.326,2026-09-30
Iowa,IA,Keokuk,$4.252,2026-09-30
Iowa,IA,Kossuth,$4.220,2026-09-30
Iowa,IA,Lee,$4.341,2026-09-30
Iowa,IA,Linn,$4.136,2026-09-30
Iowa,IA,Louisa,$4.449,2026-09-30
Iowa,IA,Lucas,$4.299,2026-09-30
Iowa,IA,Lyon,$4.209,2026-09-30
Iowa,IA,Madison,$4.399,2026-09-30
Iowa,IA,Mahaska,$3.960,2026-09-30
Iowa,IA,Marion,$4.064,2026-09-30
Iowa,IA,Marshall,$4.323,2026-09-30
Iowa,IA,Mills,$4.345,2026-09-30
Iowa,IA,Mitchell,$4.151,2026-09-30
Iowa,IA,Monona,$4.199,2026-09-30
Iowa,IA,Monroe,$4.457,2026-09-30
Iowa,IA,Montgomery,$4.216,2026-09-30
Iowa,IA,Muscatine,$4.378,2026-09-30
Iowa,IA,O'Brien,,2026-09-30
Iowa,IA,Osceola,$4.359,2026-09-30
Iowa,IA,Page,$4.310,2026-09-30
Iowa,IA,Palo Alto,$4.337,2026-09-30
Iowa,IA,Plymouth,$4.461,2026-09-30
Iowa,IA,Pocahontas,$4.185,2026-09-30
Iowa,IA,Polk,$4.179,2026-09-30
Iowa,IA,Pottawattamie,$4.342,2026-09-30
Iowa,IA,Poweshiek,$4.293,2026-09-30
Iowa,IA,Ringgold,$4.224,2026-09-30
Iowa,IA,Sac,$4.075,2026-09-30
Iowa,IA,Scott,$4.186,2026-09-30
Iowa,IA,Shelby,$4.253,2026-09-30
Iowa,IA,Sioux,$4.315,2026-09-30
Iowa,IA,Story,$4.299,2026-09-30
Iowa,IA,Tama,$4.354,2026-09-30
Iowa,IA,Taylor,$4.309,2026-09-30
Iowa,IA,Union,$4.299,2026-09-30
Iowa,IA,Van Buren,$4.334,2026-09-30
Iowa,IA,Wapello,$4.216,2026-09-30
Iowa,IA,Warren,$4.186,2026-09-30
Iowa,IA,Washington,$4.224,2026-09-30
Iowa,IA,Wayne,$4.322,2026-09-30
Iowa,IA,Webster,$4.060,2026-09-30
Iowa,IA,Winnebago,$4.232,2026-09-30
Iowa,IA,Winneshiek,$4.580,2026-09-30
Iowa,IA,Woodbury,$4.027,2026-09-30
Iowa,IA,Worth,$4.104,2026-09-30
Iowa,IA,Wright,$4.293,2026-09-30
Kansas,KS,Allen,$4.112,2026-09-30
Kansas,KS,Anderson,$3.975,2026-09-30
Kansas,KS,Atchison,$4.196,2026-09-30
Kansas,KS,Barber,$4.269,2026-09-30
Kansas,KS,Barton,$3.970,2026-09-30
Kansas,KS,Bourbon,$4.197,2026-09-30
Kansas,KS,Brown,$4.170,2026-09-30
Kansas,KS,Butler,$4.143,2026-09-30
Kansas,KS,Chase,$4.119,2026-09-30
Kansas,KS,Chautauqua,$4.192,2026-09-30
Kansas,KS,Cherokee,$4.066,2026-09-30
Kansas,KS,Cheyenne,$4.274,2026-09-30
Kansas,KS,Clark,$4.229,2026-09-30
Kansas,KS,Clay,$4.199,2026-09-30
Kansas,KS,Cloud,$3.979,2026-09-30
Kansas,KS,Coffey,$4.160,2026-09-30
Kansas,KS,Comanche,$4.152,2026-09-30
Kansas,KS,Cowley,$4.163,2026-09-30
Kansas,KS,Crawford,$4.065,2026-09-30
Kansas,KS,Decatur,$4.274,2026-09-30
Kansas,KS,Dickinson,$3.916,2026-09-30
Kansas,KS,Doniphan,$4.175,2026-09-30
Kansas,KS,Douglas,$4.169,2026-09-30
Kansas,KS,Edwards,$4.157,2026-09-30
Kansas,KS,Elk,$4.199,2026-09-30
Kansas,KS,Ellis,$4.165,2026-09-30
Kansas,KS,Ellsworth,$4.218,2026-09-30
Kansas,KS,Finney,$4.054,2026-09-30
Kansas,KS,Ford,$4.050,2026-09-30
Kansas,KS,Franklin,$4.043,2026-09-30
Kansas,KS,Geary,$4.089,2026-09-30
Kansas,KS,Gove,$4.099,2026-09-30
Kansas,KS,Graham,$4.249,2026-09-30
Kansas,KS,Grant,$4.243,2026-09-30
Kansas,KS,Gray,$4.075,2026-09-30
Kansas,KS,Greeley,$4.499,2026-09-30
Kansas,KS,Greenwood,$4.119,2026-09-30
Kansas,KS,Hamilton,$4.259,2026-09-30
Kansas,KS,Harper,$4.227,2026-09-30
Kansas,KS,Harvey,$4.040,2026-09-30
Kansas,KS,Haskell,$4.165,2026-09-30
Kansas,KS,Hodgeman,$4.149,2026-09-30
Kansas,KS,Jackson,$4.126,2026-09-30
Kansas,KS,Jefferson,$4.197,2026-09-30
Kansas,KS,Jewell,$4.244,2026-09-30
Kansas,KS,Johnson,$4.195,2026-09-30
Kansas,KS,Kearny,$4.051,2026-09-30
Kansas,KS,Kingman,$4.275,2026-09-30
Kansas,KS,Kiowa,$4.201,2026-09-30
Kansas,KS,Labette,$3.882,2026-09-30
Kansas,KS,Lane,$4.009,2026-09-30
Kansas,KS,Leavenworth,$4.082,2026-09-30
Kansas,KS,Lincoln,,2026-09-30
Kansas,KS,Linn,$4.233,2026-09-30
Kansas,KS,Logan,$4.139,2026-09-30
Kansas,KS,Lyon,$3.949,2026-09-30
Kansas,KS,Marion,$4.113,2026-09-30
Kansas,KS,Marshall,$4.199,2026-09-30
Kansas,KS,Mcpherson,$4.036,2026-09-30
Kansas,KS,Meade,$4.189,2026-09-30
Kansas,KS,Miami,$4.192,2026-09-30
Kansas,KS,Mitchell,$4.209,2026-09-30
Kansas,KS,Montgomery,$4.060,2026-09-30
Kansas,KS,Morris,$3.869,2026-09-30
Kansas,KS,Morton,$4.226,2026-09-30
Kansas,KS,Nemaha,$4.219,2026-09-30
Kansas,KS,Neosho,$4.139,2026-09-30
Kansas,KS,Ness,$4.046,2026-09-30
Kansas,KS,Norton,$4.276,2026-09-30
Kansas,KS,Osage,$4.062,2026-09-30
Kansas,KS,Osborne,$4.262,2026-09-30
Kansas,KS,Ottawa,$4.199,2026-09-30
Kansas,KS,Pawnee,$4.046,2026-09-30
Kansas,KS,Phillips,$4.486,2026-09-30
Kansas,KS,Pottawatomie,$4.199,2026-09-30
Kansas,KS,Pratt,$4.203,2026-09-30
Kansas,KS,Rawlins,$4.299,2026-09-30
Kansas,KS,Reno,$3.882,2026-09-30
Kansas,KS,Republic,$4.089,2026-09-30
Kansas,KS,Rice,$4.136,2026-09-30
Kansas,KS,Riley,$4.197,2026-09-30
Kansas,KS,Rooks,$4.059,2026-09-30
Kansas,KS,Rush,$4.109,2026-09-30
Kansas,KS,Russell,$4.055,2026-09-30
Kansas,KS,Saline,$4.067,2026-09-30
Kansas,KS,Scott,$4.013,2026-09-30
Kansas,KS,Sedgwick,$4.115,2026-09-30
Kansas,KS,Seward,$4.182,2026-09-30
Kansas,KS,Shawnee,$4.017,2026-09-30
Kansas,KS,Sheridan,$4.149,2026-09-30
Kansas,KS,Sherman,$4.171,2026-09-30
Kansas,KS,Smith,$4.179,2026-09-30
Kansas,KS,Stafford,$4.249,2026-09-30
Kansas,KS,Stanton,$4.374,2026-09-30
Kansas,KS,Stevens,$4.132,2026-09-30
Kansas,KS,Sumner,$4.115,2026-09-30
Kansas,KS,Thomas,$4.057,2026-09-30
Kansas,KS,Trego,$4.145,2026-09-30
Kansas,KS,Wabaunsee,$4.076,2026-09-30
Kansas,KS,Wallace,$4.239,2026-09-30
Kansas,KS,Washington,$4.204,2026-09-30
Kansas,KS,Wichita,$4.059,2026-09-30
Kansas,KS,Wilson,$4.190,2026-09-30
Kansas,KS,Woodson,$4.066,2026-09-30
Kansas,KS,Wyandotte,$4.204,2026-09-30
Kentucky,KY,Adair,$4.024,2026-09-30
Kentucky,KY,Allen,$4.019,2026-09-30
Kentucky,KY,Anderson,$4.114,2026-09-30
Kentucky,KY,Ballard,$4.139,2026-09-30
Kentucky,KY,Barren,$3.971,2026-09-30
Kentucky,KY,Bath,$4.228,2026-09-30
Kentucky,KY,Bell,$3.968,2026-09-30
Kentucky,KY,Boone,$4.277,2026-09-30
Kentucky,KY,Bourbon,$4.015,2026-09-30
Kentucky,KY,Boyd,$4.293,2026-09-30
Kentucky,KY,Boyle,$3.997,2026-09-30
Kentucky,KY,Bracken,$4.115,2026-09-30
Kentucky,KY,Breathitt,$4.205,2026-09-30
Kentucky,KY,Breckinridge,$4.047,2026-09-30
Kentucky,KY,Bullitt,$3.953,2026-09-30
Kentucky,KY,Butler,$4.028,2026-09-30
Kentucky,KY,Caldwell,$4.099,2026-09-30
Kentucky,KY,Calloway,$3.982,2026-09-30
Kentucky,KY,Campbell,$4.296,2026-09-30
Kentucky,KY,Carlisle,$4.179,2026-09-30
Kentucky,KY,Carroll,$4.101,2026-09-30
Kentucky,KY,Carter,$4.212,2026-09-30
Kentucky,KY,Casey,$4.061,2026-09-30
Kentucky,KY,Christian,$3.844,2026-09-30
Kentucky,KY,Clark,$4.049,2026-09-30
Kentucky,KY,Clay,$4.182,2026-09-30
Kentucky,KY,Clinton,$4.166,2026-09-30
Kentucky,KY,Crittenden,$3.999,2026-09-30
Kentucky,KY,Cumberland,$4.182,2026-09-30
Kentucky,KY,Daviess,$3.875,2026-09-30
Kentucky,KY,Edmonson,$4.099,2026-09-30
Kentucky,KY,Elliott,$4.299,2026-09-30
Kentucky,KY,Estill,$4.195,2026-09-30
Kentucky,KY,Fayette,$4.179,2026-09-30
Kentucky,KY,Fleming,$4.188,2026-09-30
Kentucky,KY,Floyd,$4.162,2026-09-30
Kentucky,KY,Franklin,$4.112,2026-09-30
Kentucky,KY,Fulton,$4.073,2026-09-30
Kentucky,KY,Gallatin,$4.252,2026-09-30
Kentucky,KY,Garrard,$4.043,2026-09-30
Kentucky,KY,Grant,$4.156,2026-09-30
Kentucky,KY,Graves,$4.016,2026-09-30
Kentucky,KY,Grayson,$4.065,2026-09-30
Kentucky,KY,Green,$4.003,2026-09-30
Kentucky,KY,Greenup,$4.208,2026-09-30
Kentucky,KY,Hancock,$4.083,2026-09-30
Kentucky,KY,Hardin,$3.968,2026-09-30
Kentucky,KY,Harlan,$4.132,2026-09-30
Kentucky,KY,Harrison,$4.082,2026-09-30
Kentucky,KY,Hart,$3.984,2026-09-30
Kentucky,KY,Henderson,$3.792,2026-09-30
Kentucky,KY,Henry,$4.055,2026-09-30
Kentucky,KY,Hickman,,2026-09-30
Kentucky,KY,Hopkins,$4.084,2026-09-30
Kentucky,KY,Jackson,$4.113,2026-09-30
Kentucky,KY,Jefferson,$4.032,2026-09-30
Kentucky,KY,Jessamine,$4.001,2026-09-30
Kentucky,KY,Johnson,$4.274,2026-09-30
Kentucky,KY,Kenton,$4.442,2026-09-30
Kentucky,KY,Knott,$4.099,2026-09-30
Kentucky,KY,Knox,$4.043,2026-09-30
Kentucky,KY,Larue,$3.953,2026-09-30
Kentucky,KY,Laurel,$3.985,2026-09-30
Kentucky,KY,Lawrence,$4.102,2026-09-30
Kentucky,KY,Lee,$4.233,2026-09-30
Kentucky,KY,Leslie,$4.124,2026-09-30
Kentucky,KY,Letcher,$4.099,2026-09-30
Kentucky,KY,Lewis,$4.278,2026-09-30
Kentucky,KY,Lincoln,$4.063,2026-09-30
Kentucky,KY,Livingston,$4.035,2026-09-30
Kentucky,KY,Logan,$3.997,2026-09-30
Kentucky,KY,Lyon,$4.007,2026-09-30
Kentucky,KY,Madison,$4.120,2026-09-30
Kentucky,KY,Magoffin,$4.299,2026-09-30
Kentucky,KY,Marion,$3.936,2026-09-30
Kentucky,KY,Marshall,$4.001,2026-09-30
Kentucky,KY,Martin,$4.249,2026-09-30
Kentucky,KY,Mason,$4.128,2026-09-30
Kentucky,KY,McCracken,$3.957,2026-09-30
Kentucky,KY,McCreary,$4.144,2026-09-30
Kentucky,KY,McLean,$4.150,2026-09-30
Kentucky,KY,Meade,$4.070,2026-09-30
Kentucky,KY,Menifee,$4.149,2026-09-30
Kentucky,KY,Mercer,$4.055,2026-09-30
Kentucky,KY,Metcalfe,$3.957,2026-09-30
Kentucky,KY,Monroe,$4.006,2026-09-30
Kentucky,KY,Montgomery,$4.062,2026-09-30
Kentucky,KY,Morgan,$4.287,2026-09-30
Kentucky,KY,Muhlenberg,$4.271,2026-09-30
Kentucky,KY,Nelson,$4.030,2026-09-30
Kentucky,KY,Nicholas,$4.149,2026-09-30
Kentucky,KY,Ohio,$4.114,2026-09-30
Kentucky,KY,Oldham,$4.093,2026-09-30
Kentucky,KY,Owen,$4.359,2026-09-30
Kentucky,KY,Owsley,$4.199,2026-09-30
Kentucky,KY,Pendleton,$4.486,2026-09-30
Kentucky,KY,Perry,$4.033,2026-09-30
Kentucky,KY,Pike,$4.104,2026-09-30
Kentucky,KY,Powell,$4.173,2026-09-30
Kentucky,KY,Pulaski,$3.998,2026-09-30
Kentucky,KY,Robertson,$4.099,2026-09-30
Kentucky,KY,Rockcastle,$4.240,2026-09-30
Kentucky,KY,Rowan,$4.117,2026-09-30
Kentucky,KY,Russell,$4.028,2026-09-30
Kentucky,KY,Scott,$4.024,2026-09-30
Kentucky,KY,Shelby,$3.945,2026-09-30
Kentucky,KY,Simpson,$3.872,2026-09-30
Kentucky,KY,Spencer,$4.047,2026-09-30
Kentucky,KY,Taylor,$3.994,2026-09-30
Kentucky,KY,Todd,$3.977,2026-09-30
Kentucky,KY,Trigg,$4.049,2026-09-30
Kentucky,KY,Trimble,$4.199,2026-09-30
Kentucky,KY,Union,$4.035,2026-09-30
Kentucky,KY,Warren,$3.921,2026-09-30
Kentucky,KY,Washington,$4.109,2026-09-30
Kentucky,KY,Wayne,$3.989,2026-09-30
Kentucky,KY,Webster,$4.059,2026-09-30
Kentucky,KY,Whitley,$4.038,2026-09-30
Kentucky,KY,Wolfe,$4.179,2026-09-30
Kentucky,KY,Woodford,$4.192,2026-09-30
Louisiana,LA,Acadia,$4.000,2026-09-30
Louisiana,LA,Allen,$4.147,2026-09-30
Louisiana,LA,Ascension,$3.986,2026-09-30
Louisiana,LA,Assumption,$4.009,2026-09-30
Louisiana,LA,Avoyelles,$3.997,2026-09-30
Louisiana,LA,Beauregard,$3.974,2026-09-30
Louisiana,LA,Bienville,$4.086,2026-09-30
Louisiana,LA,Bossier,$3.897,2026-09-30
Louisiana,LA,Caddo,$3.959,2026-09-30
Louisiana,LA,Calcasieu,$4.012,2026-09-30
Louisiana,LA,Caldwell,$4.064,2026-09-30
Louisiana,LA,Cameron,$4.474,2026-09-30
Louisiana,LA,Catahoula,$4.132,2026-09-30
Louisiana,LA,Claiborne,$4.085,2026-09-30
Louisiana,LA,Concordia,$3.829,2026-09-30
Louisiana,LA,De Soto,$4.004,2026-09-30
Louisiana,LA,East Baton Rouge,$3.960,2026-09-30
Louisiana,LA,East Carroll,$3.999,2026-09-30
Louisiana,LA,East Feliciana,$4.210,2026-09-30
Louisiana,LA,Evangeline,$4.053,2026-09-30
Louisiana,LA,Franklin,$4.057,2026-09-30
Louisiana,LA,Grant,$4.099,2026-09-30
Louisiana,LA,Iberia,$3.964,2026-09-30
Louisiana,LA,Iberville,$4.090,2026-09-30
Louisiana,LA,Jackson,$4.018,2026-09-30
Louisiana,LA,Jefferson,$3.972,2026-09-30
Louisiana,LA,Jefferson Davis,$4.138,2026-09-30
Louisiana,LA,La Salle,$4.090,2026-09-30
Louisiana,LA,Lafayette,$4.000,2026-09-30
Louisiana,LA,Lafourche,$4.017,2026-09-30
Louisiana,LA,Lincoln,$3.852,2026-09-30
Louisiana,LA,Livingston,$3.927,2026-09-30
Louisiana,LA,Madison,$3.939,2026-09-30
Louisiana,LA,Morehouse,$3.953,2026-09-30
Louisiana,LA,Natchitoches,$3.992,2026-09-30
Louisiana,LA,Orleans,$3.993,2026-09-30
Louisiana,LA,Ouachita,$3.927,2026-09-30
Louisiana,LA,Plaquemines,$4.182,2026-09-30
Louisiana,LA,Pointe Coupee,$4.082,2026-09-30
Louisiana,LA,Rapides,$3.996,2026-09-30
Louisiana,LA,Red River,$4.062,2026-09-30
Louisiana,LA,Richland,$3.928,2026-09-30
Louisiana,LA,Sabine,$4.130,2026-09-30
Louisiana,LA,Saint Bernard,$3.892,2026-09-30
Louisiana,LA,Saint Charles,$4.003,2026-09-30
Louisiana,LA,Saint Helena,$4.086,2026-09-30
Louisiana,LA,Saint James,$4.090,2026-09-30
Louisiana,LA,St John the Baptist,$4.028,2026-09-30
Louisiana,LA,Saint Landry,$4.001,2026-09-30
Louisiana,LA,Saint Martin,$3.912,2026-09-30
Louisiana,LA,Saint Mary,$4.078,2026-09-30
Louisiana,LA,Saint Tammany,$3.920,2026-09-30
Louisiana,LA,Tangipahoa,$3.983,2026-09-30
Louisiana,LA,Tensas,$4.049,2026-09-30
Louisiana,LA,Terrebonne,$3.974,2026-09-30
Louisiana,LA,Union,$3.988,2026-09-30
Louisiana,LA,Vermilion,$4.038,2026-09-30
Louisiana,LA,Vernon,$4.158,2026-09-30
Louisiana,LA,Washington,$4.014,2026-09-30
Louisiana,LA,Webster,$4.161,2026-09-30
Louisiana,LA,West Baton Rouge,$3.965,2026-09-30
Louisiana,LA,West Carroll,$3.969,2026-09-30
Louisiana,LA,West Feliciana,$4.273,2026-09-30
Louisiana,LA,Winn,$4.048,2026-09-30
Maine,ME,Androscoggin,$4.449,2026-09-30
Maine,ME,Aroostook,$4.456,2026-09-30
Maine,ME,Cumberland,$4.379,2026-09-30
Maine,ME,Franklin,$4.419,2026-09-30
Maine,ME,Hancock,$4.504,2026-09-30
Maine,ME,Kennebec,$4.394,2026-09-30
Maine,ME,Knox,$4.199,2026-09-30
Maine,ME,Lincoln,$4.396,2026-09-30
Maine,ME,Oxford,$4.420,2026-09-30
Maine,ME,Penobscot,$4.424,2026-09-30
Maine,ME,Piscataquis,$4.391,2026-09-30
Maine,ME,Sagadahoc,$4.399,2026-09-30
Maine,ME,Somerset,$4.354,2026-09-30
Maine,ME,Waldo,$4.447,2026-09-30
Maine,ME,Washington,$4.507,2026-09-30
Maine,ME,York,$4.419,2026-09-30
Montana,MT,Beaverhead,$4.724,2026-09-30
Montana,MT,Big Horn,$4.423,2026-09-30
Montana,MT,Blaine,$4.534,2026-09-30
Montana,MT,Broadwater,$4.539,2026-09-30
Montana,MT,Carbon,$4.504,2026-09-30
Montana,MT,Carter,$4.399,2026-09-30
Montana,MT,Cascade,$4.473,2026-09-30
Montana,MT,Chouteau,$4.626,2026-09-30
Montana,MT,Custer,$4.203,2026-09-30
Montana,MT,Daniels,$4.552,2026-09-30
Montana,MT,Dawson,$4.142,2026-09-30
Montana,MT,Deer Lodge,$4.584,2026-09-30
Montana,MT,Fallon,$4.329,2026-09-30
Montana,MT,Fergus,$4.658,2026-09-30
Montana,MT,Flathead,$4.644,2026-09-30
Montana,MT,Gallatin,$4.651,2026-09-30
Montana,MT,Garfield,$4.489,2026-09-30
Montana,MT,Glacier,$4.822,2026-09-30
Montana,MT,Golden Valley,$4.829,2026-09-30
Montana,MT,Granite,$4.651,2026-09-30
Montana,MT,Hill,$4.636,2026-09-30
Montana,MT,Jefferson,$4.615,2026-09-30
Montana,MT,Judith Basin,$4.624,2026-09-30
Montana,MT,Lake,$4.578,2026-09-30
Montana,MT,Lewis and Clark,$4.632,2026-09-30
Montana,MT,Liberty,$4.509,2026-09-30
Montana,MT,Lincoln,$4.665,2026-09-30
Montana,MT,Madison,$4.607,2026-09-30
Montana,MT,McCone,$4.189,2026-09-30
Montana,MT,Meagher,$4.599,2026-09-30
Montana,MT,Mineral,$4.595,2026-09-30
Montana,MT,Missoula,$4.565,2026-09-30
Montana,MT,Musselshell,$4.666,2026-09-30
Montana,MT,Park,$4.824,2026-09-30
Montana,MT,Petroleum,$4.989,2026-09-30
Montana,MT,Phillips,$4.499,2026-09-30
Montana,MT,Pondera,$4.624,2026-09-30
Montana,MT,Powder River,$4.714,2026-09-30
Montana,MT,Powell,$4.654,2026-09-30
Montana,MT,Prairie,$4.144,2026-09-30
Montana,MT,Ravalli,$4.549,2026-09-30
Montana,MT,Richland,$4.181,2026-09-30
Montana,MT,Roosevelt,$4.281,2026-09-30
Montana,MT,Rosebud,$4.363,2026-09-30
Montana,MT,Sanders,$4.657,2026-09-30
Montana,MT,Sheridan,$4.346,2026-09-30
Montana,MT,Silver Bow,$4.597,2026-09-30
Montana,MT,Stillwater,$4.529,2026-09-30
Montana,MT,Sweet Grass,$4.532,2026-09-30
Montana,MT,Teton,$4.576,2026-09-30
Montana,MT,Toole,$4.536,2026-09-30
Montana,MT,Treasure,$4.259,2026-09-30
Montana,MT,Valley,$4.469,2026-09-30
Montana,MT,Wheatland,$4.836,2026-09-30
Montana,MT,Wibaux,$4.359,2026-09-30
Montana,MT,Yellowstone,$4.507,2026-09-30
Nebraska,NE,Adams,$4.311,2026-09-30
Nebraska,NE,Antelope,$4.294,2026-09-30
Nebraska,NE,Arthur,,2026-09-30
Nebraska,NE,Banner,,2026-09-30
Nebraska,NE,Blaine,,2026-09-30
Nebraska,NE,Boone,$4.166,2026-09-30
Nebraska,NE,Box Butte,$4.426,2026-09-30
Nebraska,NE,Boyd,$4.199,2026-09-30
Nebraska,NE,Brown,$4.499,2026-09-30
Nebraska,NE,Buffalo,$4.329,2026-09-30
Nebraska,NE,Burt,$4.428,2026-09-30
Nebraska,NE,Butler,$4.349,2026-09-30
Nebraska,NE,Cass,$4.346,2026-09-30
Nebraska,NE,Cedar,$4.101,2026-09-30
Nebraska,NE,Chase,$4.712,2026-09-30
Nebraska,NE,Cherry,$4.593,2026-09-30
Nebraska,NE,Cheyenne,$4.253,2026-09-30
Nebraska,NE,Clay,$4.386,2026-09-30
Nebraska,NE,Colfax,$4.122,2026-09-30
Nebraska,NE,Cuming,$4.179,2026-09-30
Nebraska,NE,Custer,$4.788,2026-09-30
Nebraska,NE,Dakota,$4.024,2026-09-30
Nebraska,NE,Dawes,$4.389,2026-09-30
Nebraska,NE,Dawson,$4.195,2026-09-30
Nebraska,NE,Deuel,$4.366,2026-09-30
Nebraska,NE,Dixon,$4.421,2026-09-30
Nebraska,NE,Dodge,$4.302,2026-09-30
Nebraska,NE,Douglas,$4.264,2026-09-30
Nebraska,NE,Dundy,$4.459,2026-09-30
Nebraska,NE,Fillmore,$4.385,2026-09-30
Nebraska,NE,Franklin,$4.199,2026-09-30
Nebraska,NE,Frontier,$5.299,2026-09-30
Nebraska,NE,Furnas,$4.513,2026-09-30
Nebraska,NE,Gage,$4.442,2026-09-30
Nebraska,NE,Garden,$4.399,2026-09-30
Nebraska,NE,Garfield,$4.299,2026-09-30
Nebraska,NE,Gosper,,2026-09-30
Nebraska,NE,Grant,$4.499,2026-09-30
Nebraska,NE,Greeley,$4.549,2026-09-30
Nebraska,NE,Hall,$4.291,2026-09-30
Nebraska,NE,Hamilton,$4.069,2026-09-30
Nebraska,NE,Harlan,$4.299,2026-09-30
Nebraska,NE,Hayes,,2026-09-30
Nebraska,NE,Hitchcock,$4.669,2026-09-30
Nebraska,NE,Holt,$4.169,2026-09-30
Nebraska,NE,Hooker,$4.199,2026-09-30
Nebraska,NE,Howard,$4.299,2026-09-30
Nebraska,NE,Jefferson,$4.374,2026-09-30
Nebraska,NE,Johnson,$4.249,2026-09-30
Nebraska,NE,Kearney,$4.479,2026-09-30
Nebraska,NE,Keith,$4.261,2026-09-30
Nebraska,NE,Keya Paha,$4.899,2026-09-30
Nebraska,NE,Kimball,$4.497,2026-09-30
Nebraska,NE,Knox,$4.326,2026-09-30
Nebraska,NE,Lancaster,$4.409,2026-09-30
Nebraska,NE,Lincoln,$4.390,2026-09-30
Nebraska,NE,Logan,$4.529,2026-09-30
Nebraska,NE,Loup,$4.299,2026-09-30
Nebraska,NE,Madison,$4.220,2026-09-30
Nebraska,NE,McPherson,,2026-09-30
Nebraska,NE,Merrick,$4.546,2026-09-30
Nebraska,NE,Morrill,$4.392,2026-09-30
Nebraska,NE,Nance,$4.124,2026-09-30
Nebraska,NE,Nemaha,$4.199,2026-09-30
Nebraska,NE,Nuckolls,$4.274,2026-09-30
Nebraska,NE,Otoe,$4.239,2026-09-30
Nebraska,NE,Pawnee,$4.194,2026-09-30
Nebraska,NE,Perkins,$4.809,2026-09-30
Nebraska,NE,Phelps,$4.491,2026-09-30
Nebraska,NE,Pierce,$4.051,2026-09-30
Nebraska,NE,Platte,$4.081,2026-09-30
Nebraska,NE,Polk,$4.449,2026-09-30
Nebraska,NE,Red Willow,$4.649,2026-09-30
Nebraska,NE,Richardson,$4.247,2026-09-30
Nebraska,NE,Rock,$4.299,2026-09-30
Nebraska,NE,Saline,$4.485,2026-09-30
Nebraska,NE,Sarpy,$4.358,2026-09-30
Nebraska,NE,Saunders,$4.307,2026-09-30
Nebraska,NE,Scotts Bluff,$4.193,2026-09-30
Nebraska,NE,Seward,$4.309,2026-09-30
Nebraska,NE,Sheridan,$4.416,2026-09-30
Nebraska,NE,Sherman,$5.249,2026-09-30
Nebraska,NE,Sioux,,2026-09-30
Nebraska,NE,Stanton,$4.514,2026-09-30
Nebraska,NE,Thayer,$4.399,2026-09-30
Nebraska,NE,Thomas,$5.499,2026-09-30
Nebraska,NE,Thurston,$4.299,2026-09-30
Nebraska,NE,Valley,$4.537,2026-09-30
Nebraska,NE,Washington,$4.227,2026-09-30
Nebraska,NE,Wayne,$4.162,2026-09-30
Nebraska,NE,Webster,$4.524,2026-09-30
Nebraska,NE,Wheeler,$4.969,2026-09-30
Nebraska,NE,York,$4.118,2026-09-30
Nevada,NV,Carson City,$5.195,2026-09-30
Nevada,NV,Churchill,$5.224,2026-09-30
Nevada,NV,Clark,$5.511,2026-09-30
Nevada,NV,Douglas,$5.396,2026-09-30
Nevada,NV,Elko,$5.065,2026-09-30
Nevada,NV,Esmeralda,$5.489,2026-09-30
Nevada,NV,Eureka,$5.099,2026-09-30
Nevada,NV,Humboldt,$5.335,2026-09-30
Nevada,NV,Lander,$5.183,2026-09-30
Nevada,NV,Lincoln,$5.457,2026-09-30
Nevada,NV,Lyon,$5.177,2026-09-30
Nevada,NV,Mineral,$6.057,2026-09-30
Nevada,NV,Nye,$5.216,2026-09-30
Nevada,NV,Pershing,$5.205,2026-09-30
Nevada,NV,Storey,$5.319,2026-09-30
Nevada,NV,Washoe,$5.905,2026-09-30
Nevada,NV,White Pine,$4.949,2026-09-30
New Hampshire,NH,Belknap,$4.339,2026-09-30
New Hampshire,NH,Carroll,$4.327,2026-09-30
New Hampshire,NH,Cheshire,$4.385,2026-09-30
New Hampshire,NH,Coos,$4.379,2026-09-30
New Hampshire,NH,Grafton,$4.349,2026-09-30
New Hampshire,NH,Hillsborough,$4.332,2026-09-30
New Hampshire,NH,Merrimack,$4.358,2026-09-30
New Hampshire,NH,Rockingham,$4.361,2026-09-30
New Hampshire,NH,Strafford,$4.361,2026-09-30
New Hampshire,NH,Sullivan,$4.382,2026-09-30
New Jersey,NJ,Atlantic,$4.327,2026-09-30
New Jersey,NJ,Bergen,$4.334,2026-09-30
New Jersey,NJ,Burlington,$4.315,2026-09-30
New Jersey,NJ,Camden,$4.288,2026-09-30
New Jersey,NJ,Cape May,$4.530,2026-09-30
New Jersey,NJ,Cumberland,$4.348,2026-09-30
New Jersey,NJ,Essex,$4.472,2026-09-30
New Jersey,NJ,Gloucester,$4.343,2026-09-30
New Jersey,NJ,Hudson,$4.379,2026-09-30
New Jersey,NJ,Hunterdon,$4.366,2026-09-30
New Jersey,NJ,Mercer,$4.304,2026-09-30
New Jersey,NJ,Middlesex,$4.336,2026-09-30
New Jersey,NJ,Monmouth,$4.361,2026-09-30
New Jersey,NJ,Morris,$4.331,2026-09-30
New Jersey,NJ,Ocean,$4.348,2026-09-30
New Jersey,NJ,Passaic,$4.356,2026-09-30
New Jersey,NJ,Salem,$4.318,2026-09-30
New Jersey,NJ,Somerset,$4.396,2026-09-30
New Jersey,NJ,Sussex,$4.310,2026-09-30
New Jersey,NJ,Union,$4.360,2026-09-30
New Jersey,NJ,Warren,$4.268,2026-09-30
New Mexico,NM,Bernalillo,$4.460,2026-09-30
New Mexico,NM,Catron,$4.931,2026-09-30
New Mexico,NM,Chaves,$4.305,2026-09-30
New Mexico,NM,Cibola,$4.494,2026-09-30
New Mexico,NM,Colfax,$4.501,2026-09-30
New Mexico,NM,Curry,$4.090,2026-09-30
New Mexico,NM,De Baca,$4.349,2026-09-30
New Mexico,NM,Dona Ana,$4.439,2026-09-30
New Mexico,NM,Eddy,$4.372,2026-09-30
New Mexico,NM,Grant,$4.557,2026-09-30
New Mexico,NM,Guadalupe,$4.451,2026-09-30
New Mexico,NM,Harding,$5.209,2026-09-30
New Mexico,NM,Hidalgo,$4.548,2026-09-30
New Mexico,NM,Lea,$4.147,2026-09-30
New Mexico,NM,Lincoln,$4.486,2026-09-30
New Mexico,NM,Los Alamos,$4.759,2026-09-30
New Mexico,NM,Luna,$4.751,2026-09-30
New Mexico,NM,McKinley,$4.464,2026-09-30
New Mexico,NM,Mora,$4.599,2026-09-30
New Mexico,NM,Otero,$4.004,2026-09-30
New Mexico,NM,Quay,$4.211,2026-09-30
New Mexico,NM,Rio Arriba,$4.503,2026-09-30
New Mexico,NM,Roosevelt,$4.300,2026-09-30
New Mexico,NM,San Juan,$4.816,2026-09-30
New Mexico,NM,San Miguel,$4.511,2026-09-30
New Mexico,NM,Sandoval,$4.509,2026-09-30
New Mexico,NM,Santa Fe,$4.502,2026-09-30
New Mexico,NM,Sierra,$4.484,2026-09-30
New Mexico,NM,Socorro,$4.265,2026-09-30
New Mexico,NM,Taos,$4.704,2026-09-30
New Mexico,NM,Torrance,$4.369,2026-09-30
New Mexico,NM,Union,$4.296,2026-09-30
New Mexico,NM,Valencia,$4.291,2026-09-30
New York,NY,Albany,$4.425,2026-09-30
New York,NY,Allegany,$4.441,2026-09-30
New York,NY,Bronx,$4.573,2026-09-30
New York,NY,Broome,$4.503,2026-09-30
New York,NY,Cattaraugus,$4.362,2026-09-30
New York,NY,Cayuga,$4.346,2026-09-30
New York,NY,Chautauqua,$4.444,2026-09-30
New York,NY,Chemung,$4.378,2026-09-30
New York,NY,Chenango,$4.490,2026-09-30
New York,NY,Clinton,$4.586,2026-09-30
New York,NY,Columbia,$4.428,2026-09-30
New York,NY,Cortland,$4.425,2026-09-30
New York,NY,Delaware,$4.507,2026-09-30
New York,NY,Dutchess,$4.478,2026-09-30
New York,NY,Erie,$4.431,2026-09-30
New York,NY,Essex,$4.768,2026-09-30
New York,NY,Franklin,$4.688,2026-09-30
New York,NY,Fulton,$4.462,2026-09-30
New York,NY,Genesee,$4.437,2026-09-30
New York,NY,Greene,$4.443,2026-09-30
New York,NY,Hamilton,$4.845,2026-09-30
New York,NY,Herkimer,$4.423,2026-09-30
New York,NY,Jefferson,$4.561,2026-09-30
New York,NY,Kings,$4.549,2026-09-30
New York,NY,Lewis,$4.606,2026-09-30
New York,NY,Livingston,$4.450,2026-09-30
New York,NY,Madison,$4.374,2026-09-30
New York,NY,Monroe,$4.419,2026-09-30
New York,NY,Montgomery,$4.413,2026-09-30
New York,NY,Nassau,$4.462,2026-09-30
New York,NY,New York,$4.983,2026-09-30
New York,NY,Niagara,$4.391,2026-09-30
New York,NY,Oneida,$4.483,2026-09-30
New York,NY,Onondaga,$4.395,2026-09-30
New York,NY,Ontario,$4.428,2026-09-30
New York,NY,Orange,$4.419,2026-09-30
New York,NY,Orleans,$4.437,2026-09-30
New York,NY,Oswego,$4.374,2026-09-30
New York,NY,Otsego,$4.527,2026-09-30
New York,NY,Putnam,$4.473,2026-09-30
New York,NY,Queens,$4.568,2026-09-30
New York,NY,Rensselaer,$4.440,2026-09-30
New York,NY,Richmond,$4.559,2026-09-30
New York,NY,Rockland,$4.649,2026-09-30
New York,NY,Saratoga,$4.450,2026-09-30
New York,NY,Schenectady,$4.399,2026-09-30
New York,NY,Schoharie,$4.439,2026-09-30
New York,NY,Schuyler,$4.459,2026-09-30
New York,NY,Seneca,$4.307,2026-09-30
New York,NY,Saint Lawrence,$4.753,2026-09-30
New York,NY,Steuben,$4.413,2026-09-30
New York,NY,Suffolk,$4.475,2026-09-30
New York,NY,Sullivan,$4.441,2026-09-30
New York,NY,Tioga,$4.469,2026-09-30
New York,NY,Tompkins,$4.452,2026-09-30
New York,NY,Ulster,$4.405,2026-09-30
New York,NY,Warren,$4.495,2026-09-30
New York,NY,Washington,$4.442,2026-09-30
New York,NY,Wayne,$4.432,2026-09-30
New York,NY,Westchester,$4.681,2026-09-30
New York,NY,Wyoming,$4.439,2026-09-30
New York,NY,Yates,$4.409,2026-09-30
North Carolina,NC,Alamance,$4.111,2026-09-30
North Carolina,NC,Alexander,$4.025,2026-09-30
North Carolina,NC,Alleghany,$4.092,2026-09-30
North Carolina,NC,Anson,$4.094,2026-09-30
North Carolina,NC,Ashe,$4.049,2026-09-30
North Carolina,NC,Avery,$4.224,2026-09-30
North Carolina,NC,Beaufort,$4.011,2026-09-30
North Carolina,NC,Bertie,$4.061,2026-09-30
North Carolina,NC,Bladen,$4.026,2026-09-30
North Carolina,NC,Brunswick,$4.024,2026-09-30
North Carolina,NC,Buncombe,$4.196,2026-09-30
North Carolina,NC,Burke,$4.093,2026-09-30
North Carolina,NC,Cabarrus,$4.104,2026-09-30
North Carolina,NC,Caldwell,$4.012,2026-09-30
North Carolina,NC,Camden,$4.214,2026-09-30
North Carolina,NC,Carteret,$4.088,2026-09-30
North Carolina,NC,Caswell,$4.219,2026-09-30
North Carolina,NC,Catawba,$3.960,2026-09-30
North Carolina,NC,Chatham,$4.122,2026-09-30
North Carolina,NC,Cherokee,$4.188,2026-09-30
North Carolina,NC,Chowan,$4.204,2026-09-30
North Carolina,NC,Clay,$4.059,2026-09-30
North Carolina,NC,Cleveland,$4.112,2026-09-30
North Carolina,NC,Columbus,$4.028,2026-09-30
North Carolina,NC,Craven,$4.062,2026-09-30
North Carolina,NC,Cumberland,$4.022,2026-09-30
North Carolina,NC,Currituck,$4.191,2026-09-30
North Carolina,NC,Dare,$4.233,2026-09-30
North Carolina,NC,Davidson,$4.065,2026-09-30
North Carolina,NC,Davie,$4.119,2026-09-30
North Carolina,NC,Duplin,$4.097,2026-09-30
North Carolina,NC,Durham,$4.126,2026-09-30
North Carolina,NC,Edgecombe,$4.088,2026-09-30
North Carolina,NC,Forsyth,$4.080,2026-09-30
North Carolina,NC,Franklin,$4.126,2026-09-30
North Carolina,NC,Gaston,$4.149,2026-09-30
North Carolina,NC,Gates,$4.213,2026-09-30
North Carolina,NC,Graham,$4.232,2026-09-30
North Carolina,NC,Granville,$4.180,2026-09-30
North Carolina,NC,Greene,$4.077,2026-09-30
North Carolina,NC,Guilford,$4.105,2026-09-30
North Carolina,NC,Halifax,$4.008,2026-09-30
North Carolina,NC,Harnett,$4.020,2026-09-30
North Carolina,NC,Haywood,$4.189,2026-09-30
North Carolina,NC,Henderson,$4.154,2026-09-30
North Carolina,NC,Hertford,$4.107,2026-09-30
North Carolina,NC,Hoke,$4.130,2026-09-30
North Carolina,NC,Hyde,$4.187,2026-09-30
North Carolina,NC,Iredell,$4.161,2026-09-30
North Carolina,NC,Jackson,$4.242,2026-09-30
North Carolina,NC,Johnston,$4.068,2026-09-30
North Carolina,NC,Jones,$4.099,2026-09-30
North Carolina,NC,Lee,$4.050,2026-09-30
North Carolina,NC,Lenoir,$4.031,2026-09-30
North Carolina,NC,Lincoln,$4.080,2026-09-30
North Carolina,NC,Macon,$4.242,2026-09-30
North Carolina,NC,Madison,$4.203,2026-09-30
North Carolina,NC,Martin,$3.951,2026-09-30
North Carolina,NC,McDowell,$4.066,2026-09-30
North Carolina,NC,Mecklenburg,$4.157,2026-09-30
North Carolina,NC,Mitchell,$3.997,2026-09-30
North Carolina,NC,Montgomery,$4.148,2026-09-30
North Carolina,NC,Moore,$4.128,2026-09-30
North Carolina,NC,Nash,$4.087,2026-09-30
North Carolina,NC,New Hanover,$3.959,2026-09-30
North Carolina,NC,Northampton,$4.079,2026-09-30
North Carolina,NC,Onslow,$3.985,2026-09-30
North Carolina,NC,Orange,$4.203,2026-09-30
North Carolina,NC,Pamlico,$4.119,2026-09-30
North Carolina,NC,Pasquotank,$4.121,2026-09-30
North Carolina,NC,Pender,$4.072,2026-09-30
North Carolina,NC,Perquimans,$4.127,2026-09-30
North Carolina,NC,Person,$4.217,2026-09-30
North Carolina,NC,Pitt,$3.922,2026-09-30
North Carolina,NC,Polk,$4.248,2026-09-30
North Carolina,NC,Randolph,$4.124,2026-09-30
North Carolina,NC,Richmond,$4.125,2026-09-30
North Carolina,NC,Robeson,$4.059,2026-09-30
North Carolina,NC,Rockingham,$4.153,2026-09-30
North Carolina,NC,Rowan,$4.127,2026-09-30
North Carolina,NC,Rutherford,$4.089,2026-09-30
North Carolina,NC,Sampson,$4.034,2026-09-30
North Carolina,NC,Scotland,$4.052,2026-09-30
North Carolina,NC,Stanly,$4.087,2026-09-30
North Carolina,NC,Stokes,$4.155,2026-09-30
North Carolina,NC,Surry,$4.027,2026-09-30
North Carolina,NC,Swain,$4.195,2026-09-30
North Carolina,NC,Transylvania,$4.263,2026-09-30
North Carolina,NC,Tyrrell,$4.084,2026-09-30
North Carolina,NC,Union,$4.076,2026-09-30
North Carolina,NC,Vance,$4.185,2026-09-30
North Carolina,NC,Wake,$4.124,2026-09-30
North Carolina,NC,Warren,$4.186,2026-09-30
North Carolina,NC,Washington,$3.912,2026-09-30
North Carolina,NC,Watauga,$4.179,2026-09-30
North Carolina,NC,Wayne,$3.965,2026-09-30
North Carolina,NC,Wilkes,$4.072,2026-09-30
North Carolina,NC,Wilson,$4.007,2026-09-30
North Carolina,NC,Yadkin,$4.101,2026-09-30
North Carolina,NC,Yancey,$4.096,2026-09-30
North Dakota,ND,Adams,$4.349,2026-09-30
North Dakota,ND,Barnes,$4.284,2026-09-30
North Dakota,ND,Benson,$4.312,2026-09-30
North Dakota,ND,Billings,$4.399,2026-09-30
North Dakota,ND,Bottineau,$4.220,2026-09-30
North Dakota,ND,Bowman,$4.277,2026-09-30
North Dakota,ND,Burke,$4.184,2026-09-30
North Dakota,ND,Burleigh,$4.291,2026-09-30
North Dakota,ND,Cass,$4.041,2026-09-30
North Dakota,ND,Cavalier,$4.199,2026-09-30
North Dakota,ND,Dickey,$4.319,2026-09-30
North Dakota,ND,Divide,$4.199,2026-09-30
North Dakota,ND,Dunn,$4.539,2026-09-30
North Dakota,ND,Eddy,$4.249,2026-09-30
North Dakota,ND,Emmons,$4.299,2026-09-30
North Dakota,ND,Foster,$4.299,2026-09-30
North Dakota,ND,Golden Valley,$4.269,2026-09-30
North Dakota,ND,Grand Forks,$4.214,2026-09-30
North Dakota,ND,Grant,$4.299,2026-09-30
North Dakota,ND,Griggs,$4.314,2026-09-30
North Dakota,ND,Hettinger,$4.232,2026-09-30
North Dakota,ND,Kidder,$4.209,2026-09-30
North Dakota,ND,LaMoure,$4.282,2026-09-30
North Dakota,ND,Logan,$4.299,2026-09-30
North Dakota,ND,McHenry,$4.351,2026-09-30
North Dakota,ND,McIntosh,$4.554,2026-09-30
North Dakota,ND,McKenzie,$4.369,2026-09-30
North Dakota,ND,McLean,$4.194,2026-09-30
North Dakota,ND,Mercer,$4.225,2026-09-30
North Dakota,ND,Morton,$4.217,2026-09-30
North Dakota,ND,Mountrail,$4.284,2026-09-30
North Dakota,ND,Nelson,$4.299,2026-09-30
North Dakota,ND,Oliver,$4.099,2026-09-30
North Dakota,ND,Pembina,$4.297,2026-09-30
North Dakota,ND,Pierce,$4.349,2026-09-30
North Dakota,ND,Ramsey,$4.303,2026-09-30
North Dakota,ND,Ransom,$4.276,2026-09-30
North Dakota,ND,Renville,$4.299,2026-09-30
North Dakota,ND,Richland,$4.194,2026-09-30
North Dakota,ND,Rolette,$4.210,2026-09-30
North Dakota,ND,Sargent,$4.249,2026-09-30
North Dakota,ND,Sheridan,$4.199,2026-09-30
North Dakota,ND,Sioux,$4.399,2026-09-30
North Dakota,ND,Slope,,2026-09-30
North Dakota,ND,Stark,$4.255,2026-09-30
North Dakota,ND,Steele,$4.279,2026-09-30
North Dakota,ND,Stutsman,$4.273,2026-09-30
North Dakota,ND,Towner,$4.194,2026-09-30
North Dakota,ND,Traill,$4.239,2026-09-30
North Dakota,ND,Walsh,$4.263,2026-09-30
North Dakota,ND,Ward,$4.276,2026-09-30
North Dakota,ND,Wells,$4.299,2026-09-30
North Dakota,ND,Williams,$4.252,2026-09-30
Ohio,OH,Adams,$4.477,2026-09-30
Ohio,OH,Allen,$4.055,2026-09-30
Ohio,OH,Ashland,$4.175,2026-09-30
Ohio,OH,Ashtabula,$4.329,2026-09-30
Ohio,OH,Athens,$4.536,2026-09-30
Ohio,OH,Auglaize,$4.205,2026-09-30
Ohio,OH,Belmont,$4.257,2026-09-30
Ohio,OH,Brown,$4.431,2026-09-30
Ohio,OH,Butler,$4.083,2026-09-30
Ohio,OH,Carroll,$4.367,2026-09-30
Ohio,OH,Champaign,$4.307,2026-09-30
Ohio,OH,Clark,$4.240,2026-09-30
Ohio,OH,Clermont,$4.259,2026-09-30
Ohio,OH,Clinton,$4.329,2026-09-30
Ohio,OH,Columbiana,$4.149,2026-09-30
Ohio,OH,Coshocton,$4.121,2026-09-30
Ohio,OH,Crawford,$4.137,2026-09-30
Ohio,OH,Cuyahoga,$4.336,2026-09-30
Ohio,OH,Darke,$4.097,2026-09-30
Ohio,OH,Defiance,$4.155,2026-09-30
Ohio,OH,Delaware,$4.331,2026-09-30
Ohio,OH,Erie,$4.278,2026-09-30
Ohio,OH,Fairfield,$4.092,2026-09-30
Ohio,OH,Fayette,$4.344,2026-09-30
Ohio,OH,Franklin,$4.206,2026-09-30
Ohio,OH,Fulton,$4.174,2026-09-30
Ohio,OH,Gallia,$4.439,2026-09-30
Ohio,OH,Geauga,$4.399,2026-09-30
Ohio,OH,Greene,$4.156,2026-09-30
Ohio,OH,Guernsey,$4.252,2026-09-30
Ohio,OH,Hamilton,$4.280,2026-09-30
Ohio,OH,Hancock,$4.129,2026-09-30
Ohio,OH,Hardin,$4.275,2026-09-30
Ohio,OH,Harrison,$4.345,2026-09-30
Ohio,OH,Henry,$4.053,2026-09-30
Ohio,OH,Highland,$4.295,2026-09-30
Ohio,OH,Hocking,$4.229,2026-09-30
Ohio,OH,Holmes,$4.321,2026-09-30
Ohio,OH,Huron,$4.350,2026-09-30
Ohio,OH,Jackson,$4.348,2026-09-30
Ohio,OH,Jefferson,$4.381,2026-09-30
Ohio,OH,Knox,$4.232,2026-09-30
Ohio,OH,Lake,$4.238,2026-09-30
Ohio,OH,Lawrence,$4.223,2026-09-30
Ohio,OH,Licking,$4.295,2026-09-30
Ohio,OH,Logan,$4.222,2026-09-30
Ohio,OH,Lorain,$4.272,2026-09-30
Ohio,OH,Lucas,$4.184,2026-09-30
Ohio,OH,Madison,$4.373,2026-09-30
Ohio,OH,Mahoning,$4.230,2026-09-30
Ohio,OH,Marion,$4.362,2026-09-30
Ohio,OH,Medina,$4.324,2026-09-30
Ohio,OH,Meigs,$4.383,2026-09-30
Ohio,OH,Mercer,$4.214,2026-09-30
Ohio,OH,Miami,$4.180,2026-09-30
Ohio,OH,Monroe,$4.475,2026-09-30
Ohio,OH,Montgomery,$4.171,2026-09-30
Ohio,OH,Morgan,$4.441,2026-09-30
Ohio,OH,Morrow,$4.486,2026-09-30
Ohio,OH,Muskingum,$4.087,2026-09-30
Ohio,OH,Noble,$4.539,2026-09-30
Ohio,OH,Ottawa,$4.388,2026-09-30
Ohio,OH,Paulding,$4.367,2026-09-30
Ohio,OH,Perry,$4.320,2026-09-30
Ohio,OH,Pickaway,$4.420,2026-09-30
Ohio,OH,Pike,$4.469,2026-09-30
Ohio,OH,Portage,$4.214,2026-09-30
Ohio,OH,Preble,$4.224,2026-09-30
Ohio,OH,Putnam,$4.274,2026-09-30
Ohio,OH,Richland,$4.140,2026-09-30
Ohio,OH,Ross,$4.230,2026-09-30
Ohio,OH,Sandusky,$4.290,2026-09-30
Ohio,OH,Scioto,$4.331,2026-09-30
Ohio,OH,Seneca,$4.195,2026-09-30
Ohio,OH,Shelby,$4.129,2026-09-30
Ohio,OH,Stark,$4.183,2026-09-30
Ohio,OH,Summit,$4.100,2026-09-30
Ohio,OH,Trumbull,$4.127,2026-09-30
Ohio,OH,Tuscarawas,$4.270,2026-09-30
Ohio,OH,Union,$4.415,2026-09-30
Ohio,OH,Van Wert,$4.160,2026-09-30
Ohio,OH,Vinton,$4.389,2026-09-30
Ohio,OH,Warren,$4.054,2026-09-30
Ohio,OH,Washington,$4.499,2026-09-30
Ohio,OH,Wayne,$4.274,2026-09-30
Ohio,OH,Williams,$4.180,2026-09-30
Ohio,OH,Wood,$4.192,2026-09-30
Ohio,OH,Wyandot,$4.302,2026-09-30
Oklahoma,OK,Adair,$3.932,2026-09-30
Oklahoma,OK,Alfalfa,$4.032,2026-09-30
Oklahoma,OK,Atoka,$4.004,2026-09-30
Oklahoma,OK,Beaver,$4.182,2026-09-30
Oklahoma,OK,Beckham,$4.079,2026-09-30
Oklahoma,OK,Blaine,$4.118,2026-09-30
Oklahoma,OK,Bryan,$3.891,2026-09-30
Oklahoma,OK,Caddo,$4.163,2026-09-30
Oklahoma,OK,Canadian,$4.037,2026-09-30
Oklahoma,OK,Carter,$4.160,2026-09-30
Oklahoma,OK,Cherokee,$4.037,2026-09-30
Oklahoma,OK,Choctaw,$4.054,2026-09-30
Oklahoma,OK,Cimarron,$4.109,2026-09-30
Oklahoma,OK,Cleveland,$4.101,2026-09-30
Oklahoma,OK,Coal,$4.589,2026-09-30
Oklahoma,OK,Comanche,$3.910,2026-09-30
Oklahoma,OK,Cotton,$4.021,2026-09-30
Oklahoma,OK,Craig,$3.877,2026-09-30
Oklahoma,OK,Creek,$4.154,2026-09-30
Oklahoma,OK,Custer,$4.112,2026-09-30
Oklahoma,OK,Delaware,$4.072,2026-09-30
Oklahoma,OK,Dewey,$4.393,2026-09-30
Oklahoma,OK,Ellis,$4.479,2026-09-30
Oklahoma,OK,Garfield,$4.131,2026-09-30
Oklahoma,OK,Garvin,$4.118,2026-09-30
Oklahoma,OK,Grady,$4.126,2026-09-30
Oklahoma,OK,Grant,$4.199,2026-09-30
Oklahoma,OK,Greer,$4.006,2026-09-30
Oklahoma,OK,Harmon,$3.929,2026-09-30
Oklahoma,OK,Harper,$4.130,2026-09-30
Oklahoma,OK,Haskell,$3.995,2026-09-30
Oklahoma,OK,Hughes,$4.288,2026-09-30
Oklahoma,OK,Jackson,$3.958,2026-09-30
Oklahoma,OK,Jefferson,$4.047,2026-09-30
Oklahoma,OK,Johnston,$4.123,2026-09-30
Oklahoma,OK,Kay,$4.043,2026-09-30
Oklahoma,OK,Kingfisher,$4.204,2026-09-30
Oklahoma,OK,Kiowa,$4.289,2026-09-30
Oklahoma,OK,Latimer,$4.070,2026-09-30
Oklahoma,OK,Le Flore,$4.020,2026-09-30
Oklahoma,OK,Lincoln,$4.299,2026-09-30
Oklahoma,OK,Logan,$4.357,2026-09-30
Oklahoma,OK,Love,$4.110,2026-09-30
Oklahoma,OK,Major,$4.068,2026-09-30
Oklahoma,OK,Marshall,$4.233,2026-09-30
Oklahoma,OK,Mayes,$4.023,2026-09-30
Oklahoma,OK,McClain,$4.347,2026-09-30
Oklahoma,OK,McCurtain,$4.102,2026-09-30
Oklahoma,OK,McIntosh,$4.098,2026-09-30
Oklahoma,OK,Murray,$4.142,2026-09-30
Oklahoma,OK,Muskogee,$4.009,2026-09-30
Oklahoma,OK,Noble,$4.179,2026-09-30
Oklahoma,OK,Nowata,$3.955,2026-09-30
Oklahoma,OK,Okfuskee,$4.166,2026-09-30
Oklahoma,OK,Oklahoma,$4.080,2026-09-30
Oklahoma,OK,Okmulgee,$3.981,2026-09-30
Oklahoma,OK,Osage,$4.155,2026-09-30
Oklahoma,OK,Ottawa,$3.938,2026-09-30
Oklahoma,OK,Pawnee,$4.101,2026-09-30
Oklahoma,OK,Payne,$4.129,2026-09-30
Oklahoma,OK,Pittsburg,$3.883,2026-09-30
Oklahoma,OK,Pontotoc,$4.153,2026-09-30
Oklahoma,OK,Pottawatomie,$4.014,2026-09-30
Oklahoma,OK,Pushmataha,$4.005,2026-09-30
Oklahoma,OK,Roger Mills,$4.370,2026-09-30
Oklahoma,OK,Rogers,$4.158,2026-09-30
Oklahoma,OK,Seminole,$4.075,2026-09-30
Oklahoma,OK,Sequoyah,$4.009,2026-09-30
Oklahoma,OK,Stephens,$4.041,2026-09-30
Oklahoma,OK,Texas,$4.008,2026-09-30
Oklahoma,OK,Tillman,$3.964,2026-09-30
Oklahoma,OK,Tulsa,$4.081,2026-09-30
Oklahoma,OK,Wagoner,$4.055,2026-09-30
Oklahoma,OK,Washington,$4.042,2026-09-30
Oklahoma,OK,Washita,$4.065,2026-09-30
Oklahoma,OK,Woods,$4.070,2026-09-30
Oklahoma,OK,Woodward,$4.167,2026-09-30
Oregon,OR,Baker,$5.014,2026-09-30
Oregon,OR,Benton,$4.864,2026-09-30
Oregon,OR,Clackamas,$5.075,2026-09-30
Oregon,OR,Clatsop,$5.196,2026-09-30
Oregon,OR,Columbia,$5.122,2026-09-30
Oregon,OR,Coos,$5.006,2026-09-30
Oregon,OR,Crook,$5.165,2026-09-30
Oregon,OR,Curry,$5.342,2026-09-30
Oregon,OR,Deschutes,$4.957,2026-09-30
Oregon,OR,Douglas,$5.026,2026-09-30
Oregon,OR,Gilliam,$4.949,2026-09-30
Oregon,OR,Grant,$5.211,2026-09-30
Oregon,OR,Harney,$5.181,2026-09-30
Oregon,OR,Hood River,$4.990,2026-09-30
Oregon,OR,Jackson,$5.085,2026-09-30
Oregon,OR,Jefferson,$5.035,2026-09-30
Oregon,OR,Josephine,$5.234,2026-09-30
Oregon,OR,Klamath,$4.992,2026-09-30
Oregon,OR,Lake,$5.074,2026-09-30
Oregon,OR,Lane,$5.066,2026-09-30
Oregon,OR,Lincoln,$4.862,2026-09-30
Oregon,OR,Linn,$4.905,2026-09-30
Oregon,OR,Malheur,$5.224,2026-09-30
Oregon,OR,Marion,$4.862,2026-09-30
Oregon,OR,Morrow,$4.948,2026-09-30
Oregon,OR,Multnomah,$5.134,2026-09-30
Oregon,OR,Polk,$4.940,2026-09-30
Oregon,OR,Sherman,$4.866,2026-09-30
Oregon,OR,Tillamook,$5.363,2026-09-30
Oregon,OR,Umatilla,$5.050,2026-09-30
Oregon,OR,Union,$5.369,2026-09-30
Oregon,OR,Wallowa,$5.399,2026-09-30
Oregon,OR,Wasco,$5.085,2026-09-30
Oregon,OR,Washington,$5.070,2026-09-30
Oregon,OR,Wheeler,,2026-09-30
Oregon,OR,Yamhill,$5.084,2026-09-30
Maryland,MD,Allegany,$4.487,2026-09-30
Maryland,MD,Anne Arundel,$4.315,2026-09-30
Maryland,MD,Baltimore City,$4.321,2026-09-30
Maryland,MD,Baltimore,$4.303,2026-09-30
Maryland,MD,Calvert,$4.239,2026-09-30
Maryland,MD,Cecil,$4.282,2026-09-30
Maryland,MD,Charles,$4.240,2026-09-30
Maryland,MD,Carroll,$4.189,2026-09-30
Maryland,MD,Caroline,$4.320,2026-09-30
Maryland,MD,Dorchester,$4.312,2026-09-30
Maryland,MD,Frederick,$4.294,2026-09-30
Maryland,MD,Garrett,$4.457,2026-09-30
Maryland,MD,Harford,$4.303,2026-09-30
Maryland,MD,Howard,$4.379,2026-09-30
Maryland,MD,Kent,$4.330,2026-09-30
Maryland,MD,Montgomery,$4.365,2026-09-30
Maryland,MD,Prince Georges,$4.329,2026-09-30
Maryland,MD,Queen Annes,$4.275,2026-09-30
Maryland,MD,Saint Marys,$4.281,2026-09-30
Maryland,MD,Somerset,$4.349,2026-09-30
Maryland,MD,Talbot,$4.342,2026-09-30
Maryland,MD,Washington,$4.119,2026-09-30
Maryland,MD,Wicomico,$4.298,2026-09-30
Maryland,MD,Worcester,$4.309,2026-09-30
Massachusetts,MA,Barnstable,$4.405,2026-09-30
Massachusetts,MA,Berkshire,$4.403,2026-09-30
Massachusetts,MA,Bristol,$4.244,2026-09-30
Massachusetts,MA,Dukes,$5.485,2026-09-30
Massachusetts,MA,Essex,$4.417,2026-09-30
Massachusetts,MA,Franklin,$4.330,2026-09-30
Massachusetts,MA,Hampden,$4.233,2026-09-30
Massachusetts,MA,Hampshire,$4.321,2026-09-30
Massachusetts,MA,Middlesex,$4.418,2026-09-30
Massachusetts,MA,Nantucket,$5.794,2026-09-30
Massachusetts,MA,Norfolk,$4.377,2026-09-30
Massachusetts,MA,Plymouth,$4.317,2026-09-30
Massachusetts,MA,Suffolk,$4.542,2026-09-30
Massachusetts,MA,Worcester,$4.383,2026-09-30
Michigan,MI,Alcona,$4.660,2026-09-30
Michigan,MI,Alger,$4.673,2026-09-30
Michigan,MI,Allegan,$4.645,2026-09-30
Michigan,MI,Alpena,$4.522,2026-09-30
Michigan,MI,Antrim,$4.646,2026-09-30
Michigan,MI,Arenac,$4.794,2026-09-30
Michigan,MI,Baraga,$4.453,2026-09-30
Michigan,MI,Barry,$4.708,2026-09-30
Michigan,MI,Bay,$4.648,2026-09-30
Michigan,MI,Benzie,$4.601,2026-09-30
Michigan,MI,Berrien,$4.621,2026-09-30
Michigan,MI,Branch,$4.646,2026-09-30
Michigan,MI,Calhoun,$4.524,2026-09-30
Michigan,MI,Cass,$4.522,2026-09-30
Michigan,MI,Charlevoix,$4.691,2026-09-30
Michigan,MI,Cheboygan,$4.676,2026-09-30
Michigan,MI,Chippewa,$4.815,2026-09-30
Michigan,MI,Clare,$4.580,2026-09-30
Michigan,MI,Clinton,$4.560,2026-09-30
Michigan,MI,Crawford,$4.761,2026-09-30
Michigan,MI,Delta,$4.557,2026-09-30
Michigan,MI,Dickinson,$4.451,2026-09-30
Michigan,MI,Eaton,$4.519,2026-09-30
Michigan,MI,Emmet,$4.617,2026-09-30
Michigan,MI,Genesee,$4.414,2026-09-30
Michigan,MI,Gladwin,$4.731,2026-09-30
Michigan,MI,Gogebic,$4.518,2026-09-30
Michigan,MI,Grand Traverse,$4.607,2026-09-30
Michigan,MI,Gratiot,$4.602,2026-09-30
Michigan,MI,Hillsdale,$4.336,2026-09-30
Michigan,MI,Houghton,$4.463,2026-09-30
Michigan,MI,Huron,$4.732,2026-09-30
Michigan,MI,Ingham,$4.555,2026-09-30
Michigan,MI,Ionia,$4.570,2026-09-30
Michigan,MI,Iosco,$4.796,2026-09-30
Michigan,MI,Iron,$4.706,2026-09-30
Michigan,MI,Isabella,$4.360,2026-09-30
Michigan,MI,Jackson,$4.605,2026-09-30
Michigan,MI,Kalamazoo,$4.676,2026-09-30
Michigan,MI,Kalkaska,$4.643,2026-09-30
Michigan,MI,Kent,$4.609,2026-09-30
Michigan,MI,Keweenaw,$4.499,2026-09-30
Michigan,MI,Lake,$4.671,2026-09-30
Michigan,MI,Lapeer,$4.606,2026-09-30
Michigan,MI,Leelanau,$4.559,2026-09-30
Michigan,MI,Lenawee,$4.419,2026-09-30
Michigan,MI,Livingston,$4.785,2026-09-30
Michigan,MI,Luce,$4.866,2026-09-30
Michigan,MI,Mackinac,$4.808,2026-09-30
Michigan,MI,Macomb,$4.599,2026-09-30
Michigan,MI,Manistee,$4.625,2026-09-30
Michigan,MI,Marquette,$4.534,2026-09-30
Michigan,MI,Mason,$4.427,2026-09-30
Michigan,MI,Mecosta,$4.640,2026-09-30
Michigan,MI,Menominee,$4.294,2026-09-30
Michigan,MI,Midland,$4.439,2026-09-30
Michigan,MI,Missaukee,$4.669,2026-09-30
Michigan,MI,Monroe,$4.499,2026-09-30
Michigan,MI,Montcalm,$4.549,2026-09-30
Michigan,MI,Montmorency,$4.560,2026-09-30
Michigan,MI,Muskegon,$4.412,2026-09-30
Michigan,MI,Newaygo,$4.426,2026-09-30
Michigan,MI,Oakland,$4.679,2026-09-30
Michigan,MI,Oceana,$4.441,2026-09-30
Michigan,MI,Ogemaw,$4.702,2026-09-30
Michigan,MI,Ontonagon,$4.579,2026-09-30
Michigan,MI,Osceola,$4.700,2026-09-30
Michigan,MI,Oscoda,$4.699,2026-09-30
Michigan,MI,Otsego,$4.516,2026-09-30
Michigan,MI,Ottawa,$4.551,2026-09-30
Michigan,MI,Presque Isle,$4.783,2026-09-30
Michigan,MI,Roscommon,$4.619,2026-09-30
Michigan,MI,Saginaw,$4.424,2026-09-30
Michigan,MI,Sanilac,$4.703,2026-09-30
Michigan,MI,Schoolcraft,$4.839,2026-09-30
Michigan,MI,Shiawassee,$4.500,2026-09-30
Michigan,MI,Saint Clair,$4.699,2026-09-30
Michigan,MI,Saint Joseph,$4.492,2026-09-30
Michigan,MI,Tuscola,$4.583,2026-09-30
Michigan,MI,Van Buren,$4.688,2026-09-30
Michigan,MI,Washtenaw,$4.644,2026-09-30
Michigan,MI,Wayne,$4.535,2026-09-30
Michigan,MI,Wexford,$4.456,2026-09-30
Minnesota,MN,Aitkin,$4.299,2026-09-30
Minnesota,MN,Anoka,$4.197,2026-09-30
Minnesota,MN,Becker,$4.411,2026-09-30
Minnesota,MN,Beltrami,$4.287,2026-09-30
Minnesota,MN,Benton,$4.233,2026-09-30
Minnesota,MN,Big Stone,$4.269,2026-09-30
Minnesota,MN,Blue Earth,$4.228,2026-09-30
Minnesota,MN,Brown,$4.412,2026-09-30
Minnesota,MN,Carlton,$4.315,2026-09-30
Minnesota,MN,Carver,$4.362,2026-09-30
Minnesota,MN,Cass,$4.233,2026-09-30
Minnesota,MN,Chippewa,$4.373,2026-09-30
Minnesota,MN,Chisago,$4.283,2026-09-30
Minnesota,MN,Clay,$4.082,2026-09-30
Minnesota,MN,Clearwater,$4.258,2026-09-30
Minnesota,MN,Cook,$4.497,2026-09-30
Minnesota,MN,Cottonwood,$4.449,2026-09-30
Minnesota,MN,Crow Wing,$4.203,2026-09-30
Minnesota,MN,Dakota,$4.344,2026-09-30
Minnesota,MN,Dodge,$4.399,2026-09-30
Minnesota,MN,Douglas,$4.183,2026-09-30
Minnesota,MN,Faribault,$4.362,2026-09-30
Minnesota,MN,Fillmore,$4.361,2026-09-30
Minnesota,MN,Freeborn,$4.227,2026-09-30
Minnesota,MN,Goodhue,$4.388,2026-09-30
Minnesota,MN,Grant,$4.226,2026-09-30
Minnesota,MN,Hennepin,$4.353,2026-09-30
Minnesota,MN,Houston,$4.351,2026-09-30
Minnesota,MN,Hubbard,$4.325,2026-09-30
Minnesota,MN,Isanti,$4.123,2026-09-30
Minnesota,MN,Itasca,$4.280,2026-09-30
Minnesota,MN,Jackson,$4.299,2026-09-30
Minnesota,MN,Kanabec,$4.241,2026-09-30
Minnesota,MN,Kandiyohi,$4.273,2026-09-30
Minnesota,MN,Kittson,$4.254,2026-09-30
Minnesota,MN,Koochiching,$4.258,2026-09-30
Minnesota,MN,Lac Qui Parle,$4.335,2026-09-30
Minnesota,MN,Lake,$4.416,2026-09-30
Minnesota,MN,Lake of the Woods,$4.312,2026-09-30
Minnesota,MN,Le Sueur,$4.327,2026-09-30
Minnesota,MN,Lincoln,$4.339,2026-09-30
Minnesota,MN,Lyon,$4.404,2026-09-30
Minnesota,MN,Mahnomen,$4.312,2026-09-30
Minnesota,MN,Marshall,$4.258,2026-09-30
Minnesota,MN,Martin,$4.152,2026-09-30
Minnesota,MN,McLeod,$4.178,2026-09-30
Minnesota,MN,Meeker,$4.342,2026-09-30
Minnesota,MN,Mille Lacs,$4.243,2026-09-30
Minnesota,MN,Morrison,$4.289,2026-09-30
Minnesota,MN,Mower,$4.223,2026-09-30
Minnesota,MN,Murray,$4.277,2026-09-30
Minnesota,MN,Nicollet,$4.310,2026-09-30
Minnesota,MN,Nobles,$4.305,2026-09-30
Minnesota,MN,Norman,$4.257,2026-09-30
Minnesota,MN,Olmsted,$4.385,2026-09-30
Minnesota,MN,Otter Tail,$4.285,2026-09-30
Minnesota,MN,Pennington,$4.299,2026-09-30
Minnesota,MN,Pine,$4.275,2026-09-30
Minnesota,MN,Pipestone,$4.309,2026-09-30
Minnesota,MN,Polk,$4.311,2026-09-30
Minnesota,MN,Pope,$4.234,2026-09-30
Minnesota,MN,Ramsey,$4.352,2026-09-30
Minnesota,MN,Red Lake,$4.324,2026-09-30
Minnesota,MN,Redwood,$4.305,2026-09-30
Minnesota,MN,Renville,$4.308,2026-09-30
Minnesota,MN,Rice,$4.282,2026-09-30
Minnesota,MN,Rock,$4.222,2026-09-30
Minnesota,MN,Roseau,$4.323,2026-09-30
Minnesota,MN,Scott,$4.316,2026-09-30
Minnesota,MN,Sherburne,$4.240,2026-09-30
Minnesota,MN,Sibley,$4.377,2026-09-30
Minnesota,MN,Saint Louis,$4.254,2026-09-30
Minnesota,MN,Stearns,$4.184,2026-09-30
Minnesota,MN,Steele,$4.181,2026-09-30
Minnesota,MN,Stevens,$4.222,2026-09-30
Minnesota,MN,Swift,$4.318,2026-09-30
Minnesota,MN,Todd,$4.320,2026-09-30
Minnesota,MN,Traverse,$4.264,2026-09-30
Minnesota,MN,Wabasha,$4.324,2026-09-30
Minnesota,MN,Wadena,$4.345,2026-09-30
Minnesota,MN,Waseca,$4.340,2026-09-30
Minnesota,MN,Washington,$4.283,2026-09-30
Minnesota,MN,Watonwan,$4.413,2026-09-30
Minnesota,MN,Wilkin,$4.174,2026-09-30
Minnesota,MN,Winona,$4.229,2026-09-30
Minnesota,MN,Wright,$4.242,2026-09-30
Minnesota,MN,Yellow Medicine,$4.429,2026-09-30
Mississippi,MS,Adams,$4.021,2026-09-30
Mississippi,MS,Alcorn,$3.987,2026-09-30
Mississippi,MS,Amite,$3.991,2026-09-30
Mississippi,MS,Attala,$4.064,2026-09-30
Mississippi,MS,Benton,$3.994,2026-09-30
Mississippi,MS,Bolivar,$3.977,2026-09-30
Mississippi,MS,Calhoun,$4.128,2026-09-30
Mississippi,MS,Carroll,$4.111,2026-09-30
Mississippi,MS,Chickasaw,$4.134,2026-09-30
Mississippi,MS,Choctaw,$4.079,2026-09-30
Mississippi,MS,Claiborne,$4.129,2026-09-30
Mississippi,MS,Clarke,$4.024,2026-09-30
Mississippi,MS,Clay,$4.005,2026-09-30
Mississippi,MS,Coahoma,$4.147,2026-09-30
Mississippi,MS,Copiah,$3.968,2026-09-30
Mississippi,MS,Covington,$3.995,2026-09-30
Mississippi,MS,De Soto,$3.983,2026-09-30
Mississippi,MS,Forrest,$3.874,2026-09-30
Mississippi,MS,Franklin,$4.039,2026-09-30
Mississippi,MS,George,$3.921,2026-09-30
Mississippi,MS,Greene,$3.995,2026-09-30
Mississippi,MS,Grenada,$3.877,2026-09-30
Mississippi,MS,Hancock,$3.944,2026-09-30
Mississippi,MS,Harrison,$3.874,2026-09-30
Mississippi,MS,Hinds,$3.965,2026-09-30
Mississippi,MS,Holmes,$3.986,2026-09-30
Mississippi,MS,Humphreys,$3.999,2026-09-30
Mississippi,MS,Issaquena,,2026-09-30
Mississippi,MS,Itawamba,$3.972,2026-09-30
Mississippi,MS,Jackson,$3.917,2026-09-30
Mississippi,MS,Jasper,$3.889,2026-09-30
Mississippi,MS,Jefferson,$3.999,2026-09-30
Mississippi,MS,Jefferson Davis,$3.996,2026-09-30
Mississippi,MS,Jones,$3.859,2026-09-30
Mississippi,MS,Kemper,$4.019,2026-09-30
Mississippi,MS,Lafayette,$4.128,2026-09-30
Mississippi,MS,Lamar,$3.890,2026-09-30
Mississippi,MS,Lauderdale,$3.982,2026-09-30
Mississippi,MS,Lawrence,$4.032,2026-09-30
Mississippi,MS,Leake,$3.988,2026-09-30
Mississippi,MS,Lee,$4.046,2026-09-30
Mississippi,MS,Leflore,$3.923,2026-09-30
Mississippi,MS,Lincoln,$3.991,2026-09-30
Mississippi,MS,Lowndes,$4.074,2026-09-30
Mississippi,MS,Madison,$3.995,2026-09-30
Mississippi,MS,Marion,$3.978,2026-09-30
Mississippi,MS,Marshall,$4.061,2026-09-30
Mississippi,MS,Monroe,$4.051,2026-09-30
Mississippi,MS,Montgomery,$3.974,2026-09-30
Mississippi,MS,Neshoba,$4.022,2026-09-30
Mississippi,MS,Newton,$4.043,2026-09-30
Mississippi,MS,Noxubee,$4.128,2026-09-30
Mississippi,MS,Oktibbeha,$4.048,2026-09-30
Mississippi,MS,Panola,$4.035,2026-09-30
Mississippi,MS,Pearl River,$3.909,2026-09-30
Mississippi,MS,Perry,$3.962,2026-09-30
Mississippi,MS,Pike,$3.947,2026-09-30
Mississippi,MS,Pontotoc,$4.012,2026-09-30
Mississippi,MS,Prentiss,$3.995,2026-09-30
Mississippi,MS,Quitman,$4.199,2026-09-30
Mississippi,MS,Rankin,$3.908,2026-09-30
Mississippi,MS,Scott,$4.067,2026-09-30
Mississippi,MS,Sharkey,$3.999,2026-09-30
Mississippi,MS,Simpson,$3.970,2026-09-30
Mississippi,MS,Smith,$4.012,2026-09-30
Mississippi,MS,Stone,$3.902,2026-09-30
Mississippi,MS,Sunflower,$3.942,2026-09-30
Mississippi,MS,Tallahatchie,$4.006,2026-09-30
Mississippi,MS,Tate,$4.070,2026-09-30
Mississippi,MS,Tippah,$4.086,2026-09-30
Mississippi,MS,Tishomingo,$4.054,2026-09-30
Mississippi,MS,Tunica,$4.115,2026-09-30
Mississippi,MS,Union,$3.921,2026-09-30
Mississippi,MS,Walthall,$4.026,2026-09-30
Mississippi,MS,Warren,$4.031,2026-09-30
Mississippi,MS,Washington,$3.962,2026-09-30
Mississippi,MS,Wayne,$3.994,2026-09-30
Mississippi,MS,Webster,$4.082,2026-09-30
Mississippi,MS,Wilkinson,$3.979,2026-09-30
Mississippi,MS,Winston,$4.045,2026-09-30
Mississippi,MS,Yalobusha,$4.087,2026-09-30
Mississippi,MS,Yazoo,$3.957,2026-09-30
Missouri,MO,Adair,$4.157,2026-09-30
Missouri,MO,Andrew,$4.168,2026-09-30
Missouri,MO,Atchison,$4.160,2026-09-30
Missouri,MO,Audrain,$4.118,2026-09-30
Missouri,MO,Barry,$4.095,2026-09-30
Missouri,MO,Barton,$4.088,2026-09-30
Missouri,MO,Bates,$4.272,2026-09-30
Missouri,MO,Benton,$4.136,2026-09-30
Missouri,MO,Bollinger,$4.197,2026-09-30
Missouri,MO,Boone,$4.179,2026-09-30
Missouri,MO,Buchanan,$4.145,2026-09-30
Missouri,MO,Butler,$4.128,2026-09-30
Missouri,MO,Caldwell,$4.242,2026-09-30
Missouri,MO,Callaway,$4.166,2026-09-30
Missouri,MO,Camden,$4.048,2026-09-30
Missouri,MO,Cape Girardeau,$4.166,2026-09-30
Missouri,MO,Carroll,$4.293,2026-09-30
Missouri,MO,Carter,$4.221,2026-09-30
Missouri,MO,Cass,$4.126,2026-09-30
Missouri,MO,Cedar,$4.224,2026-09-30
Missouri,MO,Chariton,$4.190,2026-09-30
Missouri,MO,Christian,$4.078,2026-09-30
Missouri,MO,Clark,$4.187,2026-09-30
Missouri,MO,Clay,$4.153,2026-09-30
Missouri,MO,Clinton,$4.225,2026-09-30
Missouri,MO,Cole,$4.197,2026-09-30
Missouri,MO,Cooper,$3.897,2026-09-30
Missouri,MO,Crawford,$4.166,2026-09-30
Missouri,MO,Dade,$3.999,2026-09-30
Missouri,MO,Dallas,$4.200,2026-09-30
Missouri,MO,Daviess,$4.195,2026-09-30
Missouri,MO,DeKalb,$4.201,2026-09-30
Missouri,MO,Dent,$4.241,2026-09-30
Missouri,MO,Douglas,$4.194,2026-09-30
Missouri,MO,Dunklin,$4.168,2026-09-30
Missouri,MO,Franklin,$4.025,2026-09-30
Missouri,MO,Gasconade,$4.155,2026-09-30
Missouri,MO,Gentry,$4.186,2026-09-30
Missouri,MO,Greene,$4.069,2026-09-30
Missouri,MO,Grundy,$4.193,2026-09-30
Missouri,MO,Harrison,$4.236,2026-09-30
Missouri,MO,Henry,$4.192,2026-09-30
Missouri,MO,Hickory,$4.172,2026-09-30
Missouri,MO,Holt,$4.239,2026-09-30
Missouri,MO,Howard,$4.074,2026-09-30
Missouri,MO,Howell,$4.155,2026-09-30
Missouri,MO,Iron,$4.278,2026-09-30
Missouri,MO,Jackson,$4.169,2026-09-30
Missouri,MO,Jasper,$3.971,2026-09-30
Missouri,MO,Jefferson,$3.925,2026-09-30
Missouri,MO,Johnson,$4.164,2026-09-30
Missouri,MO,Knox,$4.199,2026-09-30
Missouri,MO,Laclede,$4.182,2026-09-30
Missouri,MO,Lafayette,$4.168,2026-09-30
Missouri,MO,Lawrence,$4.153,2026-09-30
Missouri,MO,Lewis,$4.139,2026-09-30
Missouri,MO,Lincoln,$4.070,2026-09-30
Missouri,MO,Linn,$4.142,2026-09-30
Missouri,MO,Livingston,$4.306,2026-09-30
Missouri,MO,Macon,$4.182,2026-09-30
Missouri,MO,Madison,$3.951,2026-09-30
Missouri,MO,Maries,$4.205,2026-09-30
Missouri,MO,Marion,$4.059,2026-09-30
Missouri,MO,McDonald,$4.000,2026-09-30
Missouri,MO,Mercer,$4.087,2026-09-30
Missouri,MO,Miller,$4.131,2026-09-30
Missouri,MO,Mississippi,$4.088,2026-09-30
Missouri,MO,Moniteau,$4.177,2026-09-30
Missouri,MO,Monroe,$4.173,2026-09-30
Missouri,MO,Montgomery,$4.189,2026-09-30
Missouri,MO,Morgan,$4.145,2026-09-30
Missouri,MO,New Madrid,$4.152,2026-09-30
Missouri,MO,Newton,$4.051,2026-09-30
Missouri,MO,Nodaway,$4.123,2026-09-30
Missouri,MO,Oregon,$4.200,2026-09-30
Missouri,MO,Osage,$4.071,2026-09-30
Missouri,MO,Ozark,$4.212,2026-09-30
Missouri,MO,Pemiscot,$4.147,2026-09-30
Missouri,MO,Perry,$4.178,2026-09-30
Missouri,MO,Pettis,$4.113,2026-09-30
Missouri,MO,Phelps,$4.110,2026-09-30
Missouri,MO,Pike,$4.199,2026-09-30
Missouri,MO,Platte,$4.208,2026-09-30
Missouri,MO,Polk,$4.245,2026-09-30
Missouri,MO,Pulaski,$4.176,2026-09-30
Missouri,MO,Putnam,$4.199,2026-09-30
Missouri,MO,Ralls,$4.129,2026-09-30
Missouri,MO,Randolph,$4.116,2026-09-30
Missouri,MO,Ray,$4.176,2026-09-30
Missouri,MO,Reynolds,$4.274,2026-09-30
Missouri,MO,Ripley,$4.229,2026-09-30
Missouri,MO,Saline,$4.065,2026-09-30
Missouri,MO,Schuyler,$4.194,2026-09-30
Missouri,MO,Scotland,$4.199,2026-09-30
Missouri,MO,Scott,$4.212,2026-09-30
Missouri,MO,Shannon,$4.282,2026-09-30
Missouri,MO,Shelby,$4.199,2026-09-30
Missouri,MO,Saint Charles,$4.008,2026-09-30
Missouri,MO,Saint Clair,$4.236,2026-09-30
Missouri,MO,Saint Francois,$4.119,2026-09-30
Missouri,MO,Saint Louis,$4.118,2026-09-30
Missouri,MO,Saint Louis City,$4.138,2026-09-30
Missouri,MO,Sainte Genevieve,$3.987,2026-09-30
Missouri,MO,Stoddard,$4.143,2026-09-30
Missouri,MO,Stone,$4.198,2026-09-30
Missouri,MO,Sullivan,$4.162,2026-09-30
Missouri,MO,Taney,$4.259,2026-09-30
Missouri,MO,Texas,$4.228,2026-09-30
Missouri,MO,Vernon,$4.164,2026-09-30
Missouri,MO,Warren,$4.123,2026-09-30
Missouri,MO,Washington,$3.987,2026-09-30
Missouri,MO,Wayne,$4.240,2026-09-30
Missouri,MO,Webster,$4.144,2026-09-30
Missouri,MO,Worth,$4.129,2026-09-30
Missouri,MO,Wright,$4.231,2026-09-30
Pennsylvania,PA,Adams,$4.472,2026-09-30
Pennsylvania,PA,Allegheny,$4.727,2026-09-30
Pennsylvania,PA,Armstrong,$4.667,2026-09-30
Pennsylvania,PA,Beaver,$4.726,2026-09-30
Pennsylvania,PA,Bedford,$4.481,2026-09-30
Pennsylvania,PA,Berks,$4.451,2026-09-30
Pennsylvania,PA,Blair,$4.596,2026-09-30
Pennsylvania,PA,Bradford,$4.530,2026-09-30
Pennsylvania,PA,Bucks,$4.472,2026-09-30
Pennsylvania,PA,Butler,$4.717,2026-09-30
Pennsylvania,PA,Cambria,$4.612,2026-09-30
Pennsylvania,PA,Cameron,$4.412,2026-09-30
Pennsylvania,PA,Carbon,$4.400,2026-09-30
Pennsylvania,PA,Centre,$4.537,2026-09-30
Pennsylvania,PA,Chester,$4.453,2026-09-30
Pennsylvania,PA,Clarion,$4.645,2026-09-30
Pennsylvania,PA,Clearfield,$4.581,2026-09-30
Pennsylvania,PA,Clinton,$4.527,2026-09-30
Pennsylvania,PA,Columbia,$4.377,2026-09-30
Pennsylvania,PA,Crawford,$4.758,2026-09-30
Pennsylvania,PA,Cumberland,$4.347,2026-09-30
Pennsylvania,PA,Dauphin,$4.384,2026-09-30
Pennsylvania,PA,Delaware,$4.466,2026-09-30
Pennsylvania,PA,Elk,$4.527,2026-09-30
Pennsylvania,PA,Erie,$4.712,2026-09-30
Pennsylvania,PA,Fayette,$4.657,2026-09-30
Pennsylvania,PA,Forest,$4.709,2026-09-30
Pennsylvania,PA,Franklin,$4.262,2026-09-30
Pennsylvania,PA,Fulton,$4.327,2026-09-30
Pennsylvania,PA,Greene,$4.697,2026-09-30
Pennsylvania,PA,Huntingdon,$4.567,2026-09-30
Pennsylvania,PA,Indiana,$4.638,2026-09-30
Pennsylvania,PA,Jefferson,$4.594,2026-09-30
Pennsylvania,PA,Juniata,$4.459,2026-09-30
Pennsylvania,PA,Lackawanna,$4.480,2026-09-30
Pennsylvania,PA,Lancaster,$4.408,2026-09-30
Pennsylvania,PA,Lawrence,$4.659,2026-09-30
Pennsylvania,PA,Lebanon,$4.338,2026-09-30
Pennsylvania,PA,Lehigh,$4.369,2026-09-30
Pennsylvania,PA,Luzerne,$4.453,2026-09-30
Pennsylvania,PA,Lycoming,$4.450,2026-09-30
Pennsylvania,PA,McKean,$4.429,2026-09-30
Pennsylvania,PA,Mercer,$4.701,2026-09-30
Pennsylvania,PA,Mifflin,$4.365,2026-09-30
Pennsylvania,PA,Monroe,$4.449,2026-09-30
Pennsylvania,PA,Montgomery,$4.480,2026-09-30
Pennsylvania,PA,Montour,$4.289,2026-09-30
Pennsylvania,PA,Northampton,$4.358,2026-09-30
Pennsylvania,PA,Northumberland,$4.357,2026-09-30
Pennsylvania,PA,Perry,$4.359,2026-09-30
Pennsylvania,PA,Philadelphia,$4.520,2026-09-30
Pennsylvania,PA,Pike,$4.572,2026-09-30
Pennsylvania,PA,Potter,$4.587,2026-09-30
Pennsylvania,PA,Schuylkill,$4.418,2026-09-30
Pennsylvania,PA,Snyder,$4.362,2026-09-30
Pennsylvania,PA,Somerset,$4.602,2026-09-30
Pennsylvania,PA,Sullivan,$4.592,2026-09-30
Pennsylvania,PA,Susquehanna,$4.526,2026-09-30
Pennsylvania,PA,Tioga,$4.507,2026-09-30
Pennsylvania,PA,Union,$4.378,2026-09-30
Pennsylvania,PA,Venango,$4.747,2026-09-30
Pennsylvania,PA,Warren,$4.772,2026-09-30
Pennsylvania,PA,Washington,$4.646,2026-09-30
Pennsylvania,PA,Wayne,$4.481,2026-09-30
Pennsylvania,PA,Westmoreland,$4.679,2026-09-30
Pennsylvania,PA,Wyoming,$4.487,2026-09-30
Pennsylvania,PA,York,$4.460,2026-09-30
Rhode Island,RI,Bristol,$4.407,2026-09-30
Rhode Island,RI,Kent,$4.308,2026-09-30
Rhode Island,RI,Newport,$4.374,2026-09-30
Rhode Island,RI,Providence,$4.357,2026-09-30
Rhode Island,RI,Washington,$4.473,2026-09-30
South Carolina,SC,Abbeville,$3.931,2026-09-30
South Carolina,SC,Aiken,$4.043,2026-09-30
South Carolina,SC,Allendale,$4.149,2026-09-30
South Carolina,SC,Anderson,$3.993,2026-09-30
South Carolina,SC,Bamberg,$4.106,2026-09-30
South Carolina,SC,Barnwell,$4.193,2026-09-30
South Carolina,SC,Beaufort,$4.112,2026-09-30
South Carolina,SC,Berkeley,$3.937,2026-09-30
South Carolina,SC,Calhoun,$4.215,2026-09-30
South Carolina,SC,Charleston,$3.974,2026-09-30
South Carolina,SC,Cherokee,$4.082,2026-09-30
South Carolina,SC,Chester,$4.157,2026-09-30
South Carolina,SC,Chesterfield,$4.045,2026-09-30
South Carolina,SC,Clarendon,$4.024,2026-09-30
South Carolina,SC,Colleton,$4.021,2026-09-30
South Carolina,SC,Darlington,$4.072,2026-09-30
South Carolina,SC,Dillon,$3.952,2026-09-30
South Carolina,SC,Dorchester,$3.962,2026-09-30
South Carolina,SC,Edgefield,$4.062,2026-09-30
South Carolina,SC,Fairfield,$4.109,2026-09-30
South Carolina,SC,Florence,$4.018,2026-09-30
South Carolina,SC,Georgetown,$4.032,2026-09-30
South Carolina,SC,Greenville,$4.107,2026-09-30
South Carolina,SC,Greenwood,$3.965,2026-09-30
South Carolina,SC,Hampton,$4.146,2026-09-30
South Carolina,SC,Horry,$3.918,2026-09-30
South Carolina,SC,Jasper,$4.092,2026-09-30
South Carolina,SC,Kershaw,$4.005,2026-09-30
South Carolina,SC,Lancaster,$4.072,2026-09-30
South Carolina,SC,Laurens,$4.124,2026-09-30
South Carolina,SC,Lee,$4.054,2026-09-30
South Carolina,SC,Lexington,$4.001,2026-09-30
South Carolina,SC,Marion,$3.959,2026-09-30
South Carolina,SC,Marlboro,$4.056,2026-09-30
South Carolina,SC,McCormick,$4.098,2026-09-30
South Carolina,SC,Newberry,$4.125,2026-09-30
South Carolina,SC,Oconee,$4.006,2026-09-30
South Carolina,SC,Orangeburg,$4.158,2026-09-30
South Carolina,SC,Pickens,$3.994,2026-09-30
South Carolina,SC,Richland,$4.067,2026-09-30
South Carolina,SC,Saluda,$4.056,2026-09-30
South Carolina,SC,Spartanburg,$4.027,2026-09-30
South Carolina,SC,Sumter,$4.091,2026-09-30
South Carolina,SC,Union,$4.008,2026-09-30
South Carolina,SC,Williamsburg,$4.100,2026-09-30
South Carolina,SC,York,$3.995,2026-09-30
South Dakota,SD,Aurora,$4.052,2026-09-30
South Dakota,SD,Beadle,$4.324,2026-09-30
South Dakota,SD,Bennett,$4.416,2026-09-30
South Dakota,SD,Bon Homme,$4.307,2026-09-30
South Dakota,SD,Brookings,$4.263,2026-09-30
South Dakota,SD,Brown,$4.486,2026-09-30
South Dakota,SD,Brule,$4.658,2026-09-30
South Dakota,SD,Buffalo,$4.589,2026-09-30
South Dakota,SD,Butte,$4.316,2026-09-30
South Dakota,SD,Campbell,$4.139,2026-09-30
South Dakota,SD,Charles Mix,$4.471,2026-09-30
South Dakota,SD,Clark,$4.399,2026-09-30
South Dakota,SD,Clay,$4.213,2026-09-30
South Dakota,SD,Codington,$4.245,2026-09-30
South Dakota,SD,Corson,$4.754,2026-09-30
South Dakota,SD,Custer,$4.432,2026-09-30
South Dakota,SD,Davison,$4.222,2026-09-30
South Dakota,SD,Day,$4.249,2026-09-30
South Dakota,SD,Deuel,$4.824,2026-09-30
South Dakota,SD,Dewey,$4.849,2026-09-30
South Dakota,SD,Douglas,$4.799,2026-09-30
South Dakota,SD,Edmunds,$4.374,2026-09-30
South Dakota,SD,Fall River,$4.286,2026-09-30
South Dakota,SD,Faulk,$4.709,2026-09-30
South Dakota,SD,Grant,$4.279,2026-09-30
South Dakota,SD,Gregory,$4.259,2026-09-30
South Dakota,SD,Haakon,$4.317,2026-09-30
South Dakota,SD,Hamlin,$4.259,2026-09-30
South Dakota,SD,Hand,$4.559,2026-09-30
South Dakota,SD,Hanson,$4.014,2026-09-30
South Dakota,SD,Harding,$4.299,2026-09-30
South Dakota,SD,Hughes,$4.599,2026-09-30
South Dakota,SD,Hutchinson,$4.160,2026-09-30
South Dakota,SD,Hyde,$4.532,2026-09-30
South Dakota,SD,Jackson,$4.476,2026-09-30
South Dakota,SD,Jerauld,$4.099,2026-09-30
South Dakota,SD,Jones,$4.249,2026-09-30
South Dakota,SD,Kingsbury,$4.662,2026-09-30
South Dakota,SD,Lake,$4.147,2026-09-30
South Dakota,SD,Lawrence,$4.310,2026-09-30
South Dakota,SD,Lincoln,$4.166,2026-09-30
South Dakota,SD,Lyman,$4.472,2026-09-30
South Dakota,SD,Marshall,$4.354,2026-09-30
South Dakota,SD,McCook,$4.022,2026-09-30
South Dakota,SD,McPherson,$4.799,2026-09-30
South Dakota,SD,Meade,$4.428,2026-09-30
South Dakota,SD,Mellette,$4.339,2026-09-30
South Dakota,SD,Miner,$5.049,2026-09-30
South Dakota,SD,Minnehaha,$4.133,2026-09-30
South Dakota,SD,Moody,$4.589,2026-09-30
South Dakota,SD,Pennington,$4.228,2026-09-30
South Dakota,SD,Perkins,$4.249,2026-09-30
South Dakota,SD,Potter,$4.242,2026-09-30
South Dakota,SD,Roberts,$4.233,2026-09-30
South Dakota,SD,Sanborn,$4.489,2026-09-30
South Dakota,SD,Shannon,$4.412,2026-09-30
South Dakota,SD,Spink,$4.259,2026-09-30
South Dakota,SD,Stanley,$4.699,2026-09-30
South Dakota,SD,Sully,,2026-09-30
South Dakota,SD,Todd,$4.472,2026-09-30
South Dakota,SD,Tripp,$4.311,2026-09-30
South Dakota,SD,Turner,$4.157,2026-09-30
South Dakota,SD,Union,$4.108,2026-09-30
South Dakota,SD,Walworth,$4.459,2026-09-30
South Dakota,SD,Yankton,$4.378,2026-09-30
South Dakota,SD,Ziebach,,2026-09-30
Tennessee,TN,Anderson,$3.953,2026-09-30
Tennessee,TN,Bedford,$3.794,2026-09-30
Tennessee,TN,Benton,$3.897,2026-09-30
Tennessee,TN,Bledsoe,$4.067,2026-09-30
Tennessee,TN,Blount,$4.039,2026-09-30
Tennessee,TN,Bradley,$3.823,2026-09-30
Tennessee,TN,Campbell,$3.998,2026-09-30
Tennessee,TN,Cannon,$4.049,2026-09-30
Tennessee,TN,Carroll,$4.057,2026-09-30
Tennessee,TN,Carter,$3.900,2026-09-30
Tennessee,TN,Cheatham,$4.048,2026-09-30
Tennessee,TN,Chester,$4.109,2026-09-30
Tennessee,TN,Claiborne,$3.946,2026-09-30
Tennessee,TN,Clay,$4.199,2026-09-30
Tennessee,TN,Cocke,$3.971,2026-09-30
Tennessee,TN,Coffee,$3.810,2026-09-30
Tennessee,TN,Crockett,$4.258,2026-09-30
Tennessee,TN,Cumberland,$4.004,2026-09-30
Tennessee,TN,Davidson,$4.054,2026-09-30
Tennessee,TN,Decatur,$3.995,2026-09-30
Tennessee,TN,DeKalb,$4.040,2026-09-30
Tennessee,TN,Dickson,$3.895,2026-09-30
Tennessee,TN,Dyer,$3.987,2026-09-30
Tennessee,TN,Fayette,$4.082,2026-09-30
Tennessee,TN,Fentress,$3.993,2026-09-30
Tennessee,TN,Franklin,$3.990,2026-09-30
Tennessee,TN,Gibson,$4.144,2026-09-30
Tennessee,TN,Giles,$4.021,2026-09-30
Tennessee,TN,Grainger,$4.037,2026-09-30
Tennessee,TN,Greene,$3.894,2026-09-30
Tennessee,TN,Grundy,$3.982,2026-09-30
Tennessee,TN,Hamblen,$3.922,2026-09-30
Tennessee,TN,Hamilton,$3.817,2026-09-30
Tennessee,TN,Hancock,$3.999,2026-09-30
Tennessee,TN,Hardeman,$4.150,2026-09-30
Tennessee,TN,Hardin,$3.997,2026-09-30
Tennessee,TN,Hawkins,$3.910,2026-09-30
Tennessee,TN,Haywood,$4.169,2026-09-30
Tennessee,TN,Henderson,$3.960,2026-09-30
Tennessee,TN,Henry,$3.857,2026-09-30
Tennessee,TN,Hickman,$4.042,2026-09-30
Tennessee,TN,Houston,$4.099,2026-09-30
Tennessee,TN,Humphreys,$3.878,2026-09-30
Tennessee,TN,Jackson,$3.991,2026-09-30
Tennessee,TN,Jefferson,$4.031,2026-09-30
Tennessee,TN,Johnson,$4.106,2026-09-30
Tennessee,TN,Knox,$4.022,2026-09-30
Tennessee,TN,Lake,$4.099,2026-09-30
Tennessee,TN,Lauderdale,$4.155,2026-09-30
Tennessee,TN,Lawrence,$3.977,2026-09-30
Tennessee,TN,Lewis,$3.999,2026-09-30
Tennessee,TN,Lincoln,$3.931,2026-09-30
Tennessee,TN,Loudon,$4.098,2026-09-30
Tennessee,TN,Macon,$4.034,2026-09-30
Tennessee,TN,Madison,$4.139,2026-09-30
Tennessee,TN,Marion,$3.991,2026-09-30
Tennessee,TN,Marshall,$3.973,2026-09-30
Tennessee,TN,Maury,$4.010,2026-09-30
Tennessee,TN,McMinn,$4.002,2026-09-30
Tennessee,TN,McNairy,$4.070,2026-09-30
Tennessee,TN,Meigs,$4.099,2026-09-30
Tennessee,TN,Monroe,$4.037,2026-09-30
Tennessee,TN,Montgomery,$3.905,2026-09-30
Tennessee,TN,Moore,$3.849,2026-09-30
Tennessee,TN,Morgan,$3.997,2026-09-30
Tennessee,TN,Obion,$4.145,2026-09-30
Tennessee,TN,Overton,$4.024,2026-09-30
Tennessee,TN,Perry,$3.979,2026-09-30
Tennessee,TN,Pickett,$4.166,2026-09-30
Tennessee,TN,Polk,$4.004,2026-09-30
Tennessee,TN,Putnam,$3.963,2026-09-30
Tennessee,TN,Rhea,$3.936,2026-09-30
Tennessee,TN,Roane,$3.987,2026-09-30
Tennessee,TN,Robertson,$4.008,2026-09-30
Tennessee,TN,Rutherford,$3.921,2026-09-30
Tennessee,TN,Scott,$3.938,2026-09-30
Tennessee,TN,Sequatchie,$4.076,2026-09-30
Tennessee,TN,Sevier,$3.986,2026-09-30
Tennessee,TN,Shelby,$4.081,2026-09-30
Tennessee,TN,Smith,$4.035,2026-09-30
Tennessee,TN,Stewart,$4.132,2026-09-30
Tennessee,TN,Sullivan,$3.968,2026-09-30
Tennessee,TN,Sumner,$3.963,2026-09-30
Tennessee,TN,Tipton,$4.077,2026-09-30
Tennessee,TN,Trousdale,$4.199,2026-09-30
Tennessee,TN,Unicoi,$3.893,2026-09-30
Tennessee,TN,Union,$4.048,2026-09-30
Tennessee,TN,Van Buren,$4.049,2026-09-30
Tennessee,TN,Warren,$4.186,2026-09-30
Tennessee,TN,Washington,$4.003,2026-09-30
Tennessee,TN,Wayne,$3.974,2026-09-30
Tennessee,TN,Weakley,$4.066,2026-09-30
Tennessee,TN,White,$3.883,2026-09-30
Tennessee,TN,Williamson,$4.161,2026-09-30
Tennessee,TN,Wilson,$3.780,2026-09-30
Texas,TX,Anderson,$3.946,2026-09-30
Texas,TX,Andrews,$3.992,2026-09-30
Texas,TX,Angelina,$4.010,2026-09-30
Texas,TX,Aransas,$3.868,2026-09-30
Texas,TX,Archer,$3.995,2026-09-30
Texas,TX,Armstrong,$3.959,2026-09-30
Texas,TX,Atascosa,$3.882,2026-09-30
Texas,TX,Austin,$3.962,2026-09-30
Texas,TX,Bailey,$4.117,2026-09-30
Texas,TX,Bandera,$4.021,2026-09-30
Texas,TX,Bastrop,$3.916,2026-09-30
Texas,TX,Baylor,$4.099,2026-09-30
Texas,TX,Bee,$3.965,2026-09-30
Texas,TX,Bell,$3.864,2026-09-30
Texas,TX,Bexar,$3.898,2026-09-30
Texas,TX,Blanco,$3.978,2026-09-30
Texas,TX,Borden,,2026-09-30
Texas,TX,Bosque,$3.992,2026-09-30
Texas,TX,Bowie,$3.981,2026-09-30
Texas,TX,Brazoria,$3.904,2026-09-30
Texas,TX,Brazos,$3.978,2026-09-30
Texas,TX,Brewster,$4.474,2026-09-30
Texas,TX,Briscoe,$4.126,2026-09-30
Texas,TX,Brooks,$3.764,2026-09-30
Texas,TX,Brown,$3.910,2026-09-30
Texas,TX,Burleson,$3.989,2026-09-30
Texas,TX,Burnet,$3.860,2026-09-30
Texas,TX,Caldwell,$3.898,2026-09-30
Texas,TX,Calhoun,$3.923,2026-09-30
Texas,TX,Callahan,$3.961,2026-09-30
Texas,TX,Cameron,$3.846,2026-09-30
Texas,TX,Camp,$3.876,2026-09-30
Texas,TX,Carson,$4.004,2026-09-30
Texas,TX,Cass,$3.980,2026-09-30
Texas,TX,Castro,$4.173,2026-09-30
Texas,TX,Chambers,$3.926,2026-09-30
Texas,TX,Cherokee,$3.974,2026-09-30
Texas,TX,Childress,$3.907,2026-09-30
Texas,TX,Clay,$3.995,2026-09-30
Texas,TX,Cochran,$3.972,2026-09-30
Texas,TX,Coke,$4.139,2026-09-30
Texas,TX,Coleman,$3.978,2026-09-30
Texas,TX,Collin,$3.874,2026-09-30
Texas,TX,Collingsworth,$4.052,2026-09-30
Texas,TX,Colorado,$3.956,2026-09-30
Texas,TX,Comal,$3.919,2026-09-30
Texas,TX,Comanche,$3.909,2026-09-30
Texas,TX,Concho,$4.099,2026-09-30
Texas,TX,Cooke,$3.914,2026-09-30
Texas,TX,Coryell,$3.850,2026-09-30
Texas,TX,Cottle,$4.179,2026-09-30
Texas,TX,Crane,$4.199,2026-09-30
Texas,TX,Crockett,$4.219,2026-09-30
Texas,TX,Crosby,$4.075,2026-09-30
Texas,TX,Culberson,$4.363,2026-09-30
Texas,TX,Dallam,$3.999,2026-09-30
Texas,TX,Dallas,$3.929,2026-09-30
Texas,TX,Dawson,$4.158,2026-09-30
Texas,TX,Deaf Smith,$3.917,2026-09-30
Texas,TX,Delta,$3.999,2026-09-30
Texas,TX,Denton,$3.884,2026-09-30
Texas,TX,De Witt,$4.058,2026-09-30
Texas,TX,Dickens,$4.244,2026-09-30
Texas,TX,Dimmit,$4.064,2026-09-30
Texas,TX,Donley,$3.999,2026-09-30
Texas,TX,Duval,$3.934,2026-09-30
Texas,TX,Eastland,$3.889,2026-09-30
Texas,TX,Ector,$4.047,2026-09-30
Texas,TX,Edwards,$4.334,2026-09-30
Texas,TX,El Paso,$4.362,2026-09-30
Texas,TX,Ellis,$3.937,2026-09-30
Texas,TX,Erath,$3.913,2026-09-30
Texas,TX,Falls,$4.003,2026-09-30
Texas,TX,Fannin,$3.895,2026-09-30
Texas,TX,Fayette,$3.987,2026-09-30
Texas,TX,Fisher,$4.099,2026-09-30
Texas,TX,Floyd,$3.949,2026-09-30
Texas,TX,Foard,$3.989,2026-09-30
Texas,TX,Fort Bend,$3.870,2026-09-30
Texas,TX,Franklin,$3.940,2026-09-30
Texas,TX,Freestone,$3.883,2026-09-30
Texas,TX,Frio,$3.952,2026-09-30
Texas,TX,Gaines,$4.049,2026-09-30
Texas,TX,Galveston,$3.919,2026-09-30
Texas,TX,Garza,$4.199,2026-09-30
Texas,TX,Gillespie,$4.052,2026-09-30
Texas,TX,Glasscock,$4.399,2026-09-30
Texas,TX,Goliad,$4.139,2026-09-30
Texas,TX,Gonzales,$3.914,2026-09-30
Texas,TX,Gray,$3.898,2026-09-30
Texas,TX,Grayson,$3.750,2026-09-30
Texas,TX,Gregg,$3.939,2026-09-30
Texas,TX,Grimes,$4.015,2026-09-30
Texas,TX,Guadalupe,$3.853,2026-09-30
Texas,TX,Hale,$3.858,2026-09-30
Texas,TX,Hall,$4.006,2026-09-30
Texas,TX,Hamilton,$3.924,2026-09-30
Texas,TX,Hansford,$4.059,2026-09-30
Texas,TX,Hardeman,$3.974,2026-09-30
Texas,TX,Hardin,$3.906,2026-09-30
Texas,TX,Harris,$3.897,2026-09-30
Texas,TX,Harrison,$3.990,2026-09-30
Texas,TX,Hartley,$4.099,2026-09-30
Texas,TX,Haskell,$3.959,2026-09-30
Texas,TX,Hays,$3.892,2026-09-30
Texas,TX,Hemphill,$4.186,2026-09-30
Texas,TX,Henderson,$3.950,2026-09-30
Texas,TX,Hidalgo,$3.796,2026-09-30
Texas,TX,Hill,$3.880,2026-09-30
Texas,TX,Hockley,$3.992,2026-09-30
Texas,TX,Hood,$3.959,2026-09-30
Texas,TX,Hopkins,$3.930,2026-09-30
Texas,TX,Houston,$4.046,2026-09-30
Texas,TX,Howard,$3.945,2026-09-30
Texas,TX,Hudspeth,$4.599,2026-09-30
Texas,TX,Hunt,$3.880,2026-09-30
Texas,TX,Hutchinson,$3.978,2026-09-30
Texas,TX,Irion,$4.024,2026-09-30
Texas,TX,Jack,$4.003,2026-09-30
Texas,TX,Jackson,$4.084,2026-09-30
Texas,TX,Jasper,$3.997,2026-09-30
Texas,TX,Jeff Davis,,2026-09-30
Texas,TX,Jefferson,$3.923,2026-09-30
Texas,TX,Jim Hogg,$3.959,2026-09-30
Texas,TX,Jim Wells,$3.894,2026-09-30
Texas,TX,Johnson,$3.875,2026-09-30
Texas,TX,Jones,$3.999,2026-09-30
Texas,TX,Karnes,$3.874,2026-09-30
Texas,TX,Kaufman,$3.924,2026-09-30
Texas,TX,Kendall,$3.946,2026-09-30
Texas,TX,Kenedy,,2026-09-30
Texas,TX,Kent,,2026-09-30
Texas,TX,Kerr,$3.963,2026-09-30
Texas,TX,Kimble,$3.988,2026-09-30
Texas,TX,King,$4.099,2026-09-30
Texas,TX,Kinney,$3.859,2026-09-30
Texas,TX,Kleberg,$3.807,2026-09-30
Texas,TX,Knox,$4.099,2026-09-30
Texas,TX,La Salle,$4.035,2026-09-30
Texas,TX,Lamar,$3.944,2026-09-30
Texas,TX,Lamb,$4.126,2026-09-30
Texas,TX,Lampasas,$3.849,2026-09-30
Texas,TX,Lavaca,$4.049,2026-09-30
Texas,TX,Lee,$4.002,2026-09-30
Texas,TX,Leon,$4.027,2026-09-30
Texas,TX,Liberty,$3.887,2026-09-30
Texas,TX,Limestone,$3.951,2026-09-30
Texas,TX,Lipscomb,$4.086,2026-09-30
Texas,TX,Live Oak,$3.930,2026-09-30
Texas,TX,Llano,$3.881,2026-09-30
Texas,TX,Loving,$4.349,2026-09-30
Texas,TX,Lubbock,$4.042,2026-09-30
Texas,TX,Lynn,$4.187,2026-09-30
Texas,TX,Madison,$3.987,2026-09-30
Texas,TX,Marion,$3.939,2026-09-30
Texas,TX,Martin,$4.223,2026-09-30
Texas,TX,Mason,$4.117,2026-09-30
Texas,TX,Matagorda,$3.901,2026-09-30
Texas,TX,Maverick,$3.952,2026-09-30
Texas,TX,McCulloch,$4.232,2026-09-30
Texas,TX,McLennan,$3.890,2026-09-30
Texas,TX,McMullen,$3.999,2026-09-30
Texas,TX,Medina,$3.877,2026-09-30
Texas,TX,Menard,$4.051,2026-09-30
Texas,TX,Midland,$4.100,2026-09-30
Texas,TX,Milam,$3.919,2026-09-30
Texas,TX,Mills,$3.999,2026-09-30
Texas,TX,Mitchell,$3.979,2026-09-30
Texas,TX,Montague,$3.937,2026-09-30
Texas,TX,Montgomery,$3.888,2026-09-30
Texas,TX,Moore,$3.939,2026-09-30
Texas,TX,Morris,$4.000,2026-09-30
Texas,TX,Motley,$4.199,2026-09-30
Texas,TX,Nacogdoches,$3.985,2026-09-30
Texas,TX,Navarro,$3.981,2026-09-30
Texas,TX,Newton,$3.991,2026-09-30
Texas,TX,Nolan,$3.955,2026-09-30
Texas,TX,Nueces,$3.810,2026-09-30
Texas,TX,Ochiltree,$3.970,2026-09-30
Texas,TX,Oldham,$4.335,2026-09-30
Texas,TX,Orange,$3.887,2026-09-30
Texas,TX,Palo Pinto,$3.899,2026-09-30
Texas,TX,Panola,$3.930,2026-09-30
Texas,TX,Parker,$3.884,2026-09-30
Texas,TX,Parmer,$4.063,2026-09-30
Texas,TX,Pecos,$4.096,2026-09-30
Texas,TX,Polk,$3.879,2026-09-30
Texas,TX,Potter,$4.061,2026-09-30
Texas,TX,Presidio,$4.303,2026-09-30
Texas,TX,Rains,$3.956,2026-09-30
Texas,TX,Randall,$4.019,2026-09-30
Texas,TX,Reagan,$4.199,2026-09-30
Texas,TX,Real,$4.082,2026-09-30
Texas,TX,Red River,$4.041,2026-09-30
Texas,TX,Reeves,$4.162,2026-09-30
Texas,TX,Refugio,$4.010,2026-09-30
Texas,TX,Roberts,$4.159,2026-09-30
Texas,TX,Robertson,$3.963,2026-09-30
Texas,TX,Rockwall,$3.911,2026-09-30
Texas,TX,Runnels,$4.067,2026-09-30
Texas,TX,Rusk,$3.975,2026-09-30
Texas,TX,Sabine,$3.990,2026-09-30
Texas,TX,San Augustine,$4.009,2026-09-30
Texas,TX,San Jacinto,$3.870,2026-09-30
Texas,TX,San Patricio,$3.867,2026-09-30
Texas,TX,San Saba,$4.089,2026-09-30
Texas,TX,Schleicher,$4.199,2026-09-30
Texas,TX,Scurry,$3.841,2026-09-30
Texas,TX,Shackelford,$3.929,2026-09-30
Texas,TX,Shelby,$3.940,2026-09-30
Texas,TX,Sherman,$3.949,2026-09-30
Texas,TX,Smith,$3.907,2026-09-30
Texas,TX,Somervell,$3.905,2026-09-30
Texas,TX,Starr,$3.920,2026-09-30
Texas,TX,Stephens,$3.866,2026-09-30
Texas,TX,Sterling,$4.189,2026-09-30
Texas,TX,Stonewall,$4.299,2026-09-30
Texas,TX,Sutton,$4.116,2026-09-30
Texas,TX,Swisher,$4.006,2026-09-30
Texas,TX,Tarrant,$3.901,2026-09-30
Texas,TX,Taylor,$3.843,2026-09-30
Texas,TX,Terrell,$4.339,2026-09-30
Texas,TX,Terry,$4.011,2026-09-30
Texas,TX,Throckmorton,$4.099,2026-09-30
Texas,TX,Titus,$4.012,2026-09-30
Texas,TX,Tom Green,$4.095,2026-09-30
Texas,TX,Travis,$3.901,2026-09-30
Texas,TX,Trinity,$3.947,2026-09-30
Texas,TX,Tyler,$3.934,2026-09-30
Texas,TX,Upshur,$3.943,2026-09-30
Texas,TX,Upton,$4.183,2026-09-30
Texas,TX,Uvalde,$3.872,2026-09-30
Texas,TX,Val Verde,$3.912,2026-09-30
Texas,TX,Van Zandt,$3.902,2026-09-30
Texas,TX,Victoria,$3.952,2026-09-30
Texas,TX,Walker,$3.877,2026-09-30
Texas,TX,Waller,$3.952,2026-09-30
Texas,TX,Ward,$4.003,2026-09-30
Texas,TX,Washington,$3.961,2026-09-30
Texas,TX,Webb,$3.880,2026-09-30
Texas,TX,Wharton,$3.904,2026-09-30
Texas,TX,Wheeler,$4.016,2026-09-30
Texas,TX,Wichita,$3.960,2026-09-30
Texas,TX,Wilbarger,$3.903,2026-09-30
Texas,TX,Willacy,$3.834,2026-09-30
Texas,TX,Williamson,$3.903,2026-09-30
Texas,TX,Wilson,$3.905,2026-09-30
Texas,TX,Winkler,$3.936,2026-09-30
Texas,TX,Wise,$3.852,2026-09-30
Texas,TX,Wood,$3.989,2026-09-30
Texas,TX,Yoakum,$3.963,2026-09-30
Texas,TX,Young,$4.015,2026-09-30
Texas,TX,Zapata,$3.933,2026-09-30
Texas,TX,Zavala,$3.968,2026-09-30
Utah,UT,Beaver,$5.171,2026-09-30
Utah,UT,Box Elder,$4.955,2026-09-30
Utah,UT,Cache,$4.973,2026-09-30
Utah,UT,Carbon,$5.079,2026-09-30
Utah,UT,Daggett,$5.112,2026-09-30
Utah,UT,Davis,$4.973,2026-09-30
Utah,UT,Duchesne,$4.993,2026-09-30
Utah,UT,Emery,$4.999,2026-09-30
Utah,UT,Garfield,$5.104,2026-09-30
Utah,UT,Grand,$5.069,2026-09-30
Utah,UT,Iron,$5.017,2026-09-30
Utah,UT,Juab,$5.011,2026-09-30
Utah,UT,Kane,$5.123,2026-09-30
Utah,UT,Millard,$5.022,2026-09-30
Utah,UT,Morgan,$4.986,2026-09-30
Utah,UT,Piute,$5.239,2026-09-30
Utah,UT,Rich,$5.266,2026-09-30
Utah,UT,Salt Lake,$4.967,2026-09-30
Utah,UT,San Juan,$5.086,2026-09-30
Utah,UT,Sanpete,$5.024,2026-09-30
Utah,UT,Sevier,$5.076,2026-09-30
Utah,UT,Summit,$5.063,2026-09-30
Utah,UT,Tooele,$5.013,2026-09-30
Utah,UT,Uintah,$5.001,2026-09-30
Utah,UT,Utah,$4.982,2026-09-30
Utah,UT,Wasatch,$4.986,2026-09-30
Utah,UT,Washington,$5.024,2026-09-30
Utah,UT,Wayne,$5.365,2026-09-30
Utah,UT,Weber,$4.974,2026-09-30
Vermont,VT,Addison,$4.395,2026-09-30
Vermont,VT,Bennington,$4.339,2026-09-30
Vermont,VT,Caledonia,$4.428,2026-09-30
Vermont,VT,Chittenden,$4.502,2026-09-30
Vermont,VT,Essex,$4.486,2026-09-30
Vermont,VT,Franklin,$4.518,2026-09-30
Vermont,VT,Grand Isle,$4.553,2026-09-30
Vermont,VT,Lamoille,$4.437,2026-09-30
Vermont,VT,Orange,$4.426,2026-09-30
Vermont,VT,Orleans,$4.362,2026-09-30
Vermont,VT,Rutland,$4.406,2026-09-30
Vermont,VT,Washington,$4.490,2026-09-30
Vermont,VT,Windham,$4.383,2026-09-30
Vermont,VT,Windsor,$4.433,2026-09-30
Virginia,VA,Accomack,$4.332,2026-09-30
Virginia,VA,Albemarle,$4.231,2026-09-30
Virginia,VA,Alexandria City,$4.329,2026-09-30
Virginia,VA,Alleghany,$4.159,2026-09-30
Virginia,VA,Amelia,$4.259,2026-09-30
Virginia,VA,Amherst,$4.256,2026-09-30
Virginia,VA,Appomattox,$4.208,2026-09-30
Virginia,VA,Arlington,$4.303,2026-09-30
Virginia,VA,Augusta,$4.068,2026-09-30
Virginia,VA,Bath,$4.224,2026-09-30
Virginia,VA,Bedford,$4.185,2026-09-30
Virginia,VA,Bedford City,$4.047,2026-09-30
Virginia,VA,Bland,$4.267,2026-09-30
Virginia,VA,Botetourt,$4.321,2026-09-30
Virginia,VA,Bristol,$4.082,2026-09-30
Virginia,VA,Brunswick,$4.156,2026-09-30
Virginia,VA,Buchanan,$4.061,2026-09-30
Virginia,VA,Buckingham,$4.181,2026-09-30
Virginia,VA,Buena Vista City,$4.132,2026-09-30
Virginia,VA,Campbell,$4.158,2026-09-30
Virginia,VA,Caroline,$4.055,2026-09-30
Virginia,VA,Carroll,$4.149,2026-09-30
Virginia,VA,Charles City,$4.236,2026-09-30
Virginia,VA,Charlotte,$4.212,2026-09-30
Virginia,VA,Charlottesville City,$4.231,2026-09-30
Virginia,VA,Chesapeake City,$4.180,2026-09-30
Virginia,VA,Chesterfield,$4.147,2026-09-30
Virginia,VA,Clarke,$4.191,2026-09-30
Virginia,VA,Clifton Forge City,$4.241,2026-09-30
Virginia,VA,Colonial Heights City,$4.057,2026-09-30
Virginia,VA,Covington City,$4.246,2026-09-30
Virginia,VA,Craig,$4.186,2026-09-30
Virginia,VA,Culpeper,$4.183,2026-09-30
Virginia,VA,Cumberland,$4.148,2026-09-30
Virginia,VA,Danville City,$4.150,2026-09-30
Virginia,VA,Dickenson,$4.108,2026-09-30
Virginia,VA,Dinwiddie,$4.156,2026-09-30
Virginia,VA,Emporia City,$4.082,2026-09-30
Virginia,VA,Essex,$4.087,2026-09-30
Virginia,VA,Fairfax,$4.324,2026-09-30
Virginia,VA,Fairfax City,$4.225,2026-09-30
Virginia,VA,Falls Church City,$4.279,2026-09-30
Virginia,VA,Fauquier,$4.277,2026-09-30
Virginia,VA,Floyd,$4.279,2026-09-30
Virginia,VA,Fluvanna,$4.251,2026-09-30
Virginia,VA,Franklin,$4.168,2026-09-30
Virginia,VA,Franklin City,$4.082,2026-09-30
Virginia,VA,Frederick,$4.110,2026-09-30
Virginia,VA,Fredericksburg City,$4.147,2026-09-30
Virginia,VA,Galax City,$4.196,2026-09-30
Virginia,VA,Giles,$4.205,2026-09-30
Virginia,VA,Gloucester,$4.062,2026-09-30
Virginia,VA,Goochland,$4.258,2026-09-30
Virginia,VA,Grayson,$4.210,2026-09-30
Virginia,VA,Greene,$4.062,2026-09-30
Virginia,VA,Greensville,$4.044,2026-09-30
Virginia,VA,Halifax,$4.237,2026-09-30
Virginia,VA,Hampton City,$4.153,2026-09-30
Virginia,VA,Hanover,$4.202,2026-09-30
Virginia,VA,Harrisonburg City,$4.156,2026-09-30
Virginia,VA,Henrico,$4.155,2026-09-30
Virginia,VA,Henry,$4.129,2026-09-30
Virginia,VA,Highland,$4.399,2026-09-30
Virginia,VA,Hopewell City,$4.137,2026-09-30
Virginia,VA,Isle of Wight,$4.229,2026-09-30
Virginia,VA,James City,$4.197,2026-09-30
Virginia,VA,King and Queen,$4.184,2026-09-30
Virginia,VA,King George,$4.136,2026-09-30
Virginia,VA,King William,$4.184,2026-09-30
Virginia,VA,Lancaster,$4.251,2026-09-30
Virginia,VA,Lee,$4.104,2026-09-30
Virginia,VA,Lexington City,$4.208,2026-09-30
Virginia,VA,Loudoun,$4.269,2026-09-30
Virginia,VA,Louisa,$4.224,2026-09-30
Virginia,VA,Lunenburg,$4.139,2026-09-30
Virginia,VA,Lynchburg City,$4.180,2026-09-30
Virginia,VA,Madison,$4.290,2026-09-30
Virginia,VA,Manassas City,$4.195,2026-09-30
Virginia,VA,Manassas Park City,,2026-09-30
Virginia,VA,Martinsville City,$4.218,2026-09-30
Virginia,VA,Mathews,$4.199,2026-09-30
Virginia,VA,Mecklenburg,$4.080,2026-09-30
Virginia,VA,Middlesex,$4.154,2026-09-30
Virginia,VA,Montgomery,$4.250,2026-09-30
Virginia,VA,Nelson,$4.362,2026-09-30
Virginia,VA,New Kent,$4.181,2026-09-30
Virginia,VA,Newport News City,$4.146,2026-09-30
Virginia,VA,Norfolk City,$4.213,2026-09-30
Virginia,VA,Northampton,$4.358,2026-09-30
Virginia,VA,Northumberland,$4.180,2026-09-30
Virginia,VA,Norton City,$4.069,2026-09-30
Virginia,VA,Nottoway,$4.159,2026-09-30
Virginia,VA,Orange,$4.229,2026-09-30
Virginia,VA,Page,$4.313,2026-09-30
Virginia,VA,Patrick,$4.168,2026-09-30
Virginia,VA,Petersburg City,$4.139,2026-09-30
Virginia,VA,Pittsylvania,$4.282,2026-09-30
Virginia,VA,Poquoson City,$4.279,2026-09-30
Virginia,VA,Portsmouth City,$4.281,2026-09-30
Virginia,VA,Powhatan,$4.185,2026-09-30
Virginia,VA,Prince Edward,$4.106,2026-09-30
Virginia,VA,Prince George,$4.114,2026-09-30
Virginia,VA,Prince William,$4.231,2026-09-30
Virginia,VA,Pulaski,$4.113,2026-09-30
Virginia,VA,Radford City,$4.167,2026-09-30
Virginia,VA,Rappahannock,$4.279,2026-09-30
Virginia,VA,Richmond,$4.124,2026-09-30
Virginia,VA,Richmond City,$4.191,2026-09-30
Virginia,VA,Roanoke,$4.220,2026-09-30
Virginia,VA,Roanoke City,$4.189,2026-09-30
Virginia,VA,Rockbridge,$4.140,2026-09-30
Virginia,VA,Rockingham,$4.117,2026-09-30
Virginia,VA,Russell,$4.130,2026-09-30
Virginia,VA,Salem,$4.171,2026-09-30
Virginia,VA,Scott,$4.218,2026-09-30
Virginia,VA,Shenandoah,$4.254,2026-09-30
Virginia,VA,Smyth,$4.133,2026-09-30
Virginia,VA,Southampton,$4.132,2026-09-30
Virginia,VA,Spotsylvania,$4.024,2026-09-30
Virginia,VA,Stafford,$4.205,2026-09-30
Virginia,VA,Staunton City,$4.032,2026-09-30
Virginia,VA,Suffolk City,$4.089,2026-09-30
Virginia,VA,Surry,$4.296,2026-09-30
Virginia,VA,Sussex,$4.241,2026-09-30
Virginia,VA,Tazewell,$4.189,2026-09-30
Virginia,VA,Virginia Beach City,$4.230,2026-09-30
Virginia,VA,Warren,$4.056,2026-09-30
Virginia,VA,Washington,$4.121,2026-09-30
Virginia,VA,Waynesboro City,$3.937,2026-09-30
Virginia,VA,Westmoreland,$4.214,2026-09-30
Virginia,VA,Williamsburg City,,2026-09-30
Virginia,VA,Winchester City,$4.087,2026-09-30
Virginia,VA,Wise,$4.138,2026-09-30
Virginia,VA,Wythe,$4.182,2026-09-30
Virginia,VA,York,$4.147,2026-09-30
Washington,WA,Adams,$5.383,2026-09-30
Washington,WA,Asotin,$5.166,2026-09-30
Washington,WA,Benton,$5.333,2026-09-30
Washington,WA,Chelan,$5.469,2026-09-30
Washington,WA,Clallam,$5.726,2026-09-30
Washington,WA,Clark,$5.368,2026-09-30
Washington,WA,Columbia,$5.624,2026-09-30
Washington,WA,Cowlitz,$5.409,2026-09-30
Washington,WA,Douglas,$5.344,2026-09-30
Washington,WA,Ferry,$5.281,2026-09-30
Washington,WA,Franklin,$5.299,2026-09-30
Washington,WA,Garfield,$5.374,2026-09-30
Washington,WA,Grant,$5.402,2026-09-30
Washington,WA,Grays Harbor,$5.714,2026-09-30
Washington,WA,Island,$5.520,2026-09-30
Washington,WA,Jefferson,$5.965,2026-09-30
Washington,WA,King,$5.760,2026-09-30
Washington,WA,Kitsap,$5.599,2026-09-30
Washington,WA,Kittitas,$5.455,2026-09-30
Washington,WA,Klickitat,$5.529,2026-09-30
Washington,WA,Lewis,$5.489,2026-09-30
Washington,WA,Lincoln,$5.421,2026-09-30
Washington,WA,Mason,$5.558,2026-09-30
Washington,WA,Okanogan,$5.397,2026-09-30
Washington,WA,Pacific,$5.799,2026-09-30
Washington,WA,Pend Oreille,$5.370,2026-09-30
Washington,WA,Pierce,$5.536,2026-09-30
Washington,WA,San Juan,$6.372,2026-09-30
Washington,WA,Skagit,$5.290,2026-09-30
Washington,WA,Skamania,$5.774,2026-09-30
Washington,WA,Snohomish,$5.530,2026-09-30
Washington,WA,Spokane,$5.234,2026-09-30
Washington,WA,Stevens,$5.183,2026-09-30
Washington,WA,Thurston,$5.442,2026-09-30
Washington,WA,Wahkiakum,$5.999,2026-09-30
Washington,WA,Walla Walla,$5.497,2026-09-30
Washington,WA,Whatcom,$5.359,2026-09-30
Washington,WA,Whitman,$5.448,2026-09-30
Washington,WA,Yakima,$5.291,2026-09-30
West Virginia,WV,Barbour,$4.211,2026-09-30
West Virginia,WV,Berkeley,$4.155,2026-09-30
West Virginia,WV,Boone,$4.264,2026-09-30
West Virginia,WV,Braxton,$4.217,2026-09-30
West Virginia,WV,Brooke,$4.374,2026-09-30
West Virginia,WV,Cabell,$4.309,2026-09-30
West Virginia,WV,Calhoun,$4.446,2026-09-30
West Virginia,WV,Clay,$4.370,2026-09-30
West Virginia,WV,Doddridge,$4.449,2026-09-30
West Virginia,WV,Fayette,$4.321,2026-09-30
West Virginia,WV,Gilmer,$4.249,2026-09-30
West Virginia,WV,Grant,$4.369,2026-09-30
West Virginia,WV,Greenbrier,$4.100,2026-09-30
West Virginia,WV,Hampshire,$4.326,2026-09-30
West Virginia,WV,Hancock,$4.346,2026-09-30
West Virginia,WV,Hardy,$4.393,2026-09-30
West Virginia,WV,Harrison,$4.536,2026-09-30
West Virginia,WV,Jackson,$4.317,2026-09-30
West Virginia,WV,Jefferson,$4.247,2026-09-30
West Virginia,WV,Kanawha,$4.386,2026-09-30
West Virginia,WV,Lewis,$4.300,2026-09-30
West Virginia,WV,Lincoln,$4.357,2026-09-30
West Virginia,WV,Logan,$4.384,2026-09-30
West Virginia,WV,Marion,$4.500,2026-09-30
West Virginia,WV,Marshall,$3.968,2026-09-30
West Virginia,WV,Mason,$4.370,2026-09-30
West Virginia,WV,McDowell,$4.253,2026-09-30
West Virginia,WV,Mercer,$4.327,2026-09-30
West Virginia,WV,Mineral,$4.214,2026-09-30
West Virginia,WV,Mingo,$4.421,2026-09-30
West Virginia,WV,Monongalia,$4.536,2026-09-30
West Virginia,WV,Monroe,$4.299,2026-09-30
West Virginia,WV,Morgan,$4.366,2026-09-30
West Virginia,WV,Nicholas,$4.390,2026-09-30
West Virginia,WV,Ohio,$4.149,2026-09-30
West Virginia,WV,Pendleton,$4.499,2026-09-30
West Virginia,WV,Pleasants,$4.366,2026-09-30
West Virginia,WV,Pocahontas,$4.224,2026-09-30
West Virginia,WV,Preston,$4.536,2026-09-30
West Virginia,WV,Putnam,$4.386,2026-09-30
West Virginia,WV,Raleigh,$4.394,2026-09-30
West Virginia,WV,Randolph,$4.182,2026-09-30
West Virginia,WV,Ritchie,$4.349,2026-09-30
West Virginia,WV,Roane,$4.279,2026-09-30
West Virginia,WV,Summers,$4.099,2026-09-30
West Virginia,WV,Taylor,$4.575,2026-09-30
West Virginia,WV,Tucker,$4.574,2026-09-30
West Virginia,WV,Tyler,$4.436,2026-09-30
West Virginia,WV,Upshur,$4.315,2026-09-30
West Virginia,WV,Wayne,$4.273,2026-09-30
West Virginia,WV,Webster,$4.399,2026-09-30
West Virginia,WV,Wetzel,$4.267,2026-09-30
West Virginia,WV,Wirt,$4.249,2026-09-30
West Virginia,WV,Wood,$4.296,2026-09-30
West Virginia,WV,Wyoming,$4.196,2026-09-30
Wisconsin,WI,Adams,$4.416,2026-09-30
Wisconsin,WI,Ashland,$4.332,2026-09-30
Wisconsin,WI,Barron,$4.292,2026-09-30
Wisconsin,WI,Bayfield,$4.453,2026-09-30
Wisconsin,WI,Brown,$4.257,2026-09-30
Wisconsin,WI,Buffalo,$4.200,2026-09-30
Wisconsin,WI,Burnett,$4.226,2026-09-30
Wisconsin,WI,Calumet,$4.257,2026-09-30
Wisconsin,WI,Chippewa,$4.237,2026-09-30
Wisconsin,WI,Clark,$4.264,2026-09-30
Wisconsin,WI,Columbia,$4.261,2026-09-30
Wisconsin,WI,Crawford,$4.380,2026-09-30
Wisconsin,WI,Dane,$4.254,2026-09-30
Wisconsin,WI,Dodge,$4.085,2026-09-30
Wisconsin,WI,Door,$4.272,2026-09-30
Wisconsin,WI,Douglas,$4.323,2026-09-30
Wisconsin,WI,Dunn,$4.220,2026-09-30
Wisconsin,WI,Eau Claire,$4.222,2026-09-30
Wisconsin,WI,Florence,$4.306,2026-09-30
Wisconsin,WI,Fond du Lac,$4.210,2026-09-30
Wisconsin,WI,Forest,$4.275,2026-09-30
Wisconsin,WI,Grant,$4.400,2026-09-30
Wisconsin,WI,Green,$4.423,2026-09-30
Wisconsin,WI,Green Lake,$4.281,2026-09-30
Wisconsin,WI,Iowa,$4.386,2026-09-30
Wisconsin,WI,Iron,$4.338,2026-09-30
Wisconsin,WI,Jackson,$4.310,2026-09-30
Wisconsin,WI,Jefferson,$4.292,2026-09-30
Wisconsin,WI,Juneau,$4.224,2026-09-30
Wisconsin,WI,Kenosha,$4.299,2026-09-30
Wisconsin,WI,Kewaunee,$4.224,2026-09-30
Wisconsin,WI,La Crosse,$4.298,2026-09-30
Wisconsin,WI,Lafayette,$4.474,2026-09-30
Wisconsin,WI,Langlade,$4.235,2026-09-30
Wisconsin,WI,Lincoln,$4.197,2026-09-30
Wisconsin,WI,Manitowoc,$4.274,2026-09-30
Wisconsin,WI,Marathon,$4.269,2026-09-30
Wisconsin,WI,Marinette,$4.192,2026-09-30
Wisconsin,WI,Marquette,$4.335,2026-09-30
Wisconsin,WI,Menominee,$4.099,2026-09-30
Wisconsin,WI,Milwaukee,$4.253,2026-09-30
Wisconsin,WI,Monroe,$4.333,2026-09-30
Wisconsin,WI,Oconto,$4.262,2026-09-30
Wisconsin,WI,Oneida,$4.308,2026-09-30
Wisconsin,WI,Outagamie,$4.184,2026-09-30
Wisconsin,WI,Ozaukee,$4.364,2026-09-30
Wisconsin,WI,Pepin,$4.193,2026-09-30
Wisconsin,WI,Pierce,$4.272,2026-09-30
Wisconsin,WI,Polk,$4.159,2026-09-30
Wisconsin,WI,Portage,$4.318,2026-09-30
Wisconsin,WI,Price,$4.304,2026-09-30
Wisconsin,WI,Racine,$4.183,2026-09-30
Wisconsin,WI,Richland,$4.215,2026-09-30
Wisconsin,WI,Rock,$4.112,2026-09-30
Wisconsin,WI,Rusk,$4.290,2026-09-30
Wisconsin,WI,Sauk,$4.227,2026-09-30
Wisconsin,WI,Sawyer,$4.382,2026-09-30
Wisconsin,WI,Shawano,$4.118,2026-09-30
Wisconsin,WI,Sheboygan,$4.296,2026-09-30
Wisconsin,WI,Saint Croix,$4.269,2026-09-30
Wisconsin,WI,Taylor,$4.213,2026-09-30
Wisconsin,WI,Trempealeau,$4.200,2026-09-30
Wisconsin,WI,Vernon,$4.316,2026-09-30
Wisconsin,WI,Vilas,$4.394,2026-09-30
Wisconsin,WI,Walworth,$4.256,2026-09-30
Wisconsin,WI,Washburn,$4.331,2026-09-30
Wisconsin,WI,Washington,$4.234,2026-09-30
Wisconsin,WI,Waukesha,$4.183,2026-09-30
Wisconsin,WI,Waupaca,$4.267,2026-09-30
Wisconsin,WI,Waushara,$4.380,2026-09-30
Wisconsin,WI,Winnebago,$4.278,2026-09-30
Wisconsin,WI,Wood,$4.278,2026-09-30
Wyoming,WY,Albany,$4.328,2026-09-30
Wyoming,WY,Big Horn,$4.555,2026-09-30
Wyoming,WY,Campbell,$4.215,2026-09-30
Wyoming,WY,Carbon,$4.451,2026-09-30
Wyoming,WY,Converse,$4.257,2026-09-30
Wyoming,WY,Crook,$4.279,2026-09-30
Wyoming,WY,Fremont,$4.589,2026-09-30
Wyoming,WY,Goshen,$4.145,2026-09-30
Wyoming,WY,Hot Springs,$4.592,2026-09-30
Wyoming,WY,Johnson,$4.648,2026-09-30
Wyoming,WY,Laramie,$4.214,2026-09-30
Wyoming,WY,Lincoln,$4.987,2026-09-30
Wyoming,WY,Natrona,$4.209,2026-09-30
Wyoming,WY,Niobrara,$4.292,2026-09-30
Wyoming,WY,Park,$4.889,2026-09-30
Wyoming,WY,Platte,$4.832,2026-09-30
Wyoming,WY,Sheridan,$4.330,2026-09-30
Wyoming,WY,Sublette,$4.652,2026-09-30
Wyoming,WY,Sweetwater,$4.558,2026-09-30
Wyoming,WY,Teton,$5.210,2026-09-30
Wyoming,WY,Uinta,$4.921,2026-09-30
Wyoming,WY,Washakie,$4.391,2026-09-30
Wyoming,WY,Weston,$4.522,2026-09-30
