state,abbreviation,name,price,date
Alabama,AL,Autauga,$4.002,2026-09-21
Alabama,AL,Baldwin,$3.983,2026-09-21
Alabama,AL,Barbour,$4.040,2026-09-21
Alabama,AL,Bibb,$4.029,2026-09-21
Alabama,AL,Blount,$4.009,2026-09-21
Alabama,AL,Bullock,$4.082,2026-09-21
Alabama,AL,Butler,$4.036,2026-09-21
Alabama,AL,Calhoun,$3.956,2026-09-21
Alabama,AL,Chambers,$3.992,2026-09-21
Alabama,AL,Cherokee,$3.981,2026-09-21
Alabama,AL,Chilton,$4.060,2026-09-21
Alabama,AL,Choctaw,$4.177,2026-09-21
Alabama,AL,Clarke,$4.099,2026-09-21
Alabama,AL,Clay,$4.032,2026-09-21
Alabama,AL,Cleburne,$4.053,2026-09-21
Alabama,AL,Coffee,$4.000,2026-09-21
Alabama,AL,Colbert,$3.986,2026-09-21
Alabama,AL,Conecuh,$4.099,2026-09-21
Alabama,AL,Coosa,$4.114,2026-09-21
Alabama,AL,Covington,$4.055,2026-09-21
Alabama,AL,Crenshaw,$4.060,2026-09-21
Alabama,AL,Cullman,$4.021,2026-09-21
Alabama,AL,Dale,$4.002,2026-09-21
Alabama,AL,Dallas,$4.090,2026-09-21
Alabama,AL,De Kalb,$4.024,2026-09-21
Alabama,AL,Elmore,$4.022,2026-09-21
Alabama,AL,Escambia,$4.076,2026-09-21
Alabama,AL,Etowah,$3.971,2026-09-21
Alabama,AL,Fayette,$4.180,2026-09-21
Alabama,AL,Franklin,$4.022,2026-09-21
Alabama,AL,Geneva,$4.016,2026-09-21
Alabama,AL,Greene,$4.246,2026-09-21
Alabama,AL,Hale,$4.052,2026-09-21
Alabama,AL,Henry,$3.991,2026-09-21
Alabama,AL,Houston,$4.011,2026-09-21
Alabama,AL,Jackson,$4.079,2026-09-21
Alabama,AL,Jefferson,$4.009,2026-09-21
Alabama,AL,Lamar,$4.092,2026-09-21
Alabama,AL,Lauderdale,$4.007,2026-09-21
Alabama,AL,Lawrence,$4.003,2026-09-21
Alabama,AL,Lee,$3.999,2026-09-21
Alabama,AL,Limestone,$4.018,2026-09-21
Alabama,AL,Lowndes,$4.039,2026-09-21
Alabama,AL,Macon,$4.114,2026-09-21
Alabama,AL,Madison,$4.000,2026-09-21
Alabama,AL,Marengo,$4.028,2026-09-21
Alabama,AL,Marion,$4.100,2026-09-21
Alabama,AL,Marshall,$3.965,2026-09-21
Alabama,AL,Mobile,$3.990,2026-09-21
Alabama,AL,Monroe,$4.048,2026-09-21
Alabama,AL,Montgomery,$4.033,2026-09-21
Alabama,AL,Morgan,$3.992,2026-09-21
Alabama,AL,Perry,$4.232,2026-09-21
Alabama,AL,Pickens,$4.093,2026-09-21
Alabama,AL,Pike,$4.083,2026-09-21
Alabama,AL,Randolph,$3.986,2026-09-21
Alabama,AL,Russell,$4.063,2026-09-21
Alabama,AL,Shelby,$4.001,2026-09-21
Alabama,AL,Saint Clair,$3.987,2026-09-21
Alabama,AL,Sumter,$4.250,2026-09-21
Alabama,AL,Talladega,$3.991,2026-09-21
Alabama,AL,Tallapoosa,$4.039,2026-09-21
Alabama,AL,Tuscaloosa,$3.992,2026-09-21
Alabama,AL,Walker,$3.982,2026-09-21
Alabama,AL,Washington,$4.122,2026-09-21
Alabama,AL,Wilcox,$4.182,2026-09-21
Alabama,AL,Winston,$4.096,2026-09-21
Alaska,AK,Aleutians East,,2026-09-21
Alaska,AK,Aleutians West,,2026-09-21
Alaska,AK,Anchorage,$5.071,2026-09-21
Alaska,AK,Bethel,,2026-09-21
Alaska,AK,Bristol Bay,,2026-09-21
Alaska,AK,Denali,$5.259,2026-09-21
Alaska,AK,Dillingham,,2026-09-21
Alaska,AK,Fairbanks North Star,$5.044,2026-09-21
Alaska,AK,Haines,$5.679,2026-09-21
Alaska,AK,Juneau,$4.830,2026-09-21
Alaska,AK,Kenai Peninsula,$5.102,2026-09-21
Alaska,AK,Ketchikan Gateway,$4.779,2026-09-21
Alaska,AK,Kodiak Island,,2026-09-21
Alaska,AK,Matanuska Susitna,$4.960,2026-09-21
Alaska,AK,Nome,,2026-09-21
Alaska,AK,North Slope,,2026-09-21
Alaska,AK,Northwest Arctic,,2026-09-21
Alaska,AK,Lake and Peninsula,,2026-09-21
Alaska,AK,Prince Wales Ketchikan,$5.969,2026-09-21
Alaska,AK,Sitka,$5.049,2026-09-21
Alaska,AK,Skagway Hoonah Angoon,,2026-09-21
Alaska,AK,Southeast Fairbanks,$5.171,2026-09-21
Alaska,AK,Valdez Cordova,$5.452,2026-09-21
Alaska,AK,Wade Hampton,,2026-09-21
Alaska,AK,Wrangell Petersburg,$5.499,2026-09-21
Alaska,AK,Yakutat,,2026-09-21
Alaska,AK,Yukon Koyukuk,$5.369,2026-09-21
Arizona,AZ,Apache,$4.772,2026-09-21
Arizona,AZ,Cochise,$4.400,2026-09-21
Arizona,AZ,Coconino,$4.802,2026-09-21
Arizona,AZ,Gila,$4.486,2026-09-21
Arizona,AZ,Graham,$4.714,2026-09-21
Arizona,AZ,Greenlee,$4.569,2026-09-21
Arizona,AZ,La Paz,$4.640,2026-09-21
Arizona,AZ,Maricopa,$4.717,2026-09-21
Arizona,AZ,Mohave,$4.782,2026-09-21
Arizona,AZ,Navajo,$4.576,2026-09-21
Arizona,AZ,Pima,$4.467,2026-09-21
Arizona,AZ,Pinal,$4.552,2026-09-21
Arizona,AZ,Santa Cruz,$4.620,2026-09-21
Arizona,AZ,Yavapai,$4.706,2026-09-21
Arizona,AZ,Yuma,$4.635,2026-09-21
Arkansas,AR,Arkansas,$4.047,2026-09-21
Arkansas,AR,Ashley,$4.009,2026-09-21
Arkansas,AR,Baxter,$4.158,2026-09-21
Arkansas,AR,Benton,$4.174,2026-09-21
Arkansas,AR,Boone,$4.240,2026-09-21
Arkansas,AR,Bradley,$3.985,2026-09-21
Arkansas,AR,Calhoun,$4.099,2026-09-21
Arkansas,AR,Carroll,$4.166,2026-09-21
Arkansas,AR,Chicot,$3.988,2026-09-21
Arkansas,AR,Clark,$4.072,2026-09-21
Arkansas,AR,Clay,$4.199,2026-09-21
Arkansas,AR,Cleburne,$4.119,2026-09-21
Arkansas,AR,Cleveland,,2026-09-21
Arkansas,AR,Columbia,$4.192,2026-09-21
Arkansas,AR,Conway,$4.129,2026-09-21
Arkansas,AR,Craighead,$3.994,2026-09-21
Arkansas,AR,Crawford,$4.209,2026-09-21
Arkansas,AR,Crittenden,$4.059,2026-09-21
Arkansas,AR,Cross,$4.139,2026-09-21
Arkansas,AR,Dallas,$3.949,2026-09-21
Arkansas,AR,Desha,$4.174,2026-09-21
Arkansas,AR,Drew,$4.101,2026-09-21
Arkansas,AR,Faulkner,$4.070,2026-09-21
Arkansas,AR,Franklin,$4.137,2026-09-21
Arkansas,AR,Fulton,$4.176,2026-09-21
Arkansas,AR,Garland,$4.008,2026-09-21
Arkansas,AR,Grant,$4.075,2026-09-21
Arkansas,AR,Greene,$3.939,2026-09-21
Arkansas,AR,Hempstead,$4.123,2026-09-21
Arkansas,AR,Hot Spring,$3.997,2026-09-21
Arkansas,AR,Howard,$4.173,2026-09-21
Arkansas,AR,Independence,$4.090,2026-09-21
Arkansas,AR,Izard,$4.113,2026-09-21
Arkansas,AR,Jackson,$4.107,2026-09-21
Arkansas,AR,Jefferson,$3.986,2026-09-21
Arkansas,AR,Johnson,$4.161,2026-09-21
Arkansas,AR,Lafayette,$4.179,2026-09-21
Arkansas,AR,Lawrence,$4.136,2026-09-21
Arkansas,AR,Lee,$4.199,2026-09-21
Arkansas,AR,Lincoln,$4.066,2026-09-21
Arkansas,AR,Little River,$4.111,2026-09-21
Arkansas,AR,Logan,$4.239,2026-09-21
Arkansas,AR,Lonoke,$3.999,2026-09-21
Arkansas,AR,Madison,$4.096,2026-09-21
Arkansas,AR,Marion,$4.172,2026-09-21
Arkansas,AR,Miller,$4.059,2026-09-21
Arkansas,AR,Mississippi,$4.061,2026-09-21
Arkansas,AR,Monroe,$4.028,2026-09-21
Arkansas,AR,Montgomery,$4.199,2026-09-21
Arkansas,AR,Nevada,$4.014,2026-09-21
Arkansas,AR,Newton,$4.192,2026-09-21
Arkansas,AR,Ouachita,$4.079,2026-09-21
Arkansas,AR,Perry,$3.992,2026-09-21
Arkansas,AR,Phillips,$4.160,2026-09-21
Arkansas,AR,Pike,$4.039,2026-09-21
Arkansas,AR,Poinsett,$4.084,2026-09-21
Arkansas,AR,Polk,$4.102,2026-09-21
Arkansas,AR,Pope,$4.163,2026-09-21
Arkansas,AR,Prairie,$3.982,2026-09-21
Arkansas,AR,Pulaski,$4.016,2026-09-21
Arkansas,AR,Randolph,$4.159,2026-09-21
Arkansas,AR,Saline,$4.010,2026-09-21
Arkansas,AR,Scott,$4.037,2026-09-21
Arkansas,AR,Searcy,$4.166,2026-09-21
Arkansas,AR,Sebastian,$4.117,2026-09-21
Arkansas,AR,Sevier,$4.100,2026-09-21
Arkansas,AR,Sharp,$3.965,2026-09-21
Arkansas,AR,Saint Francis,$4.078,2026-09-21
Arkansas,AR,Stone,$4.236,2026-09-21
Arkansas,AR,Union,$4.075,2026-09-21
Arkansas,AR,Van Buren,$3.962,2026-09-21
Arkansas,AR,Washington,$4.205,2026-09-21
Arkansas,AR,White,$3.950,2026-09-21
Arkansas,AR,Woodruff,$4.019,2026-09-21
Arkansas,AR,Yell,$4.147,2026-09-21
California,CA,Alameda,$6.256,2026-09-21
California,CA,Alpine,,2026-09-21
California,CA,Amador,$6.057,2026-09-21
California,CA,Butte,$5.927,2026-09-21
California,CA,Calaveras,$6.060,2026-09-21
California,CA,Colusa,$6.126,2026-09-21
California,CA,Contra Costa,$6.177,2026-09-21
California,CA,Del Norte,$6.064,2026-09-21
California,CA,El Dorado,$6.159,2026-09-21
California,CA,Fresno,$6.186,2026-09-21
California,CA,Glenn,$6.135,2026-09-21
California,CA,Humboldt,$6.580,2026-09-21
California,CA,Imperial,$5.926,2026-09-21
California,CA,Inyo,$6.390,2026-09-21
California,CA,Kern,$6.132,2026-09-21
California,CA,Kings,$6.115,2026-09-21
California,CA,Lake,$6.197,2026-09-21
California,CA,Lassen,$5.943,2026-09-21
California,CA,Los Angeles,$6.221,2026-09-21
California,CA,Madera,$6.187,2026-09-21
California,CA,Marin,$6.339,2026-09-21
California,CA,Mariposa,$6.355,2026-09-21
California,CA,Mendocino,$6.133,2026-09-21
California,CA,Merced,$6.059,2026-09-21
California,CA,Modoc,$6.139,2026-09-21
California,CA,Mono,$7.110,2026-09-21
California,CA,Monterey,$6.329,2026-09-21
California,CA,Napa,$6.318,2026-09-21
California,CA,Nevada,$6.416,2026-09-21
California,CA,Orange,$6.195,2026-09-21
California,CA,Placer,$6.185,2026-09-21
California,CA,Plumas,$6.084,2026-09-21
California,CA,Riverside,$6.113,2026-09-21
California,CA,Sacramento,$6.033,2026-09-21
California,CA,San Benito,$6.228,2026-09-21
California,CA,San Bernardino,$6.096,2026-09-21
California,CA,San Diego,$6.230,2026-09-21
California,CA,San Francisco,$6.278,2026-09-21
California,CA,San Joaquin,$6.034,2026-09-21
California,CA,San Luis Obispo,$6.374,2026-09-21
California,CA,San Mateo,$6.358,2026-09-21
California,CA,Santa Barbara,$6.199,2026-09-21
California,CA,Santa Clara,$6.156,2026-09-21
California,CA,Santa Cruz,$6.128,2026-09-21
California,CA,Shasta,$5.928,2026-09-21
California,CA,Sierra,$6.449,2026-09-21
California,CA,Siskiyou,$6.325,2026-09-21
California,CA,Solano,$6.112,2026-09-21
California,CA,Sonoma,$6.371,2026-09-21
California,CA,Stanislaus,$5.970,2026-09-21
California,CA,Sutter,$5.872,2026-09-21
California,CA,Tehama,$5.895,2026-09-21
California,CA,Trinity,$6.134,2026-09-21
California,CA,Tulare,$6.155,2026-09-21
California,CA,Tuolumne,$6.002,2026-09-21
California,CA,Ventura,$6.139,2026-09-21
California,CA,Yolo,$6.091,2026-09-21
California,CA,Yuba,$5.909,2026-09-21
Colorado,CO,Adams,$4.140,2026-09-21
Colorado,CO,Alamosa,$4.280,2026-09-21
Colorado,CO,Arapahoe,$4.182,2026-09-21
Colorado,CO,Archuleta,$4.684,2026-09-21
Colorado,CO,Baca,$4.219,2026-09-21
Colorado,CO,Bent,$4.359,2026-09-21
Colorado,CO,Boulder,$4.383,2026-09-21
Colorado,CO,Broomfield,$4.244,2026-09-21
Colorado,CO,Chaffee,$4.518,2026-09-21
Colorado,CO,Cheyenne,$4.099,2026-09-21
Colorado,CO,Clear Creek,$4.535,2026-09-21
Colorado,CO,Conejos,$4.299,2026-09-21
Colorado,CO,Costilla,$4.459,2026-09-21
Colorado,CO,Crowley,$4.099,2026-09-21
Colorado,CO,Custer,$4.299,2026-09-21
Colorado,CO,Delta,$4.428,2026-09-21
Colorado,CO,Denver,$4.262,2026-09-21
Colorado,CO,Dolores,$4.619,2026-09-21
Colorado,CO,Douglas,$4.289,2026-09-21
Colorado,CO,Eagle,$4.776,2026-09-21
Colorado,CO,El Paso,$4.194,2026-09-21
Colorado,CO,Elbert,$4.411,2026-09-21
Colorado,CO,Fremont,$4.224,2026-09-21
Colorado,CO,Garfield,$4.807,2026-09-21
Colorado,CO,Gilpin,$4.499,2026-09-21
Colorado,CO,Grand,$4.680,2026-09-21
Colorado,CO,Gunnison,$4.538,2026-09-21
Colorado,CO,Hinsdale,,2026-09-21
Colorado,CO,Huerfano,$4.274,2026-09-21
Colorado,CO,Jackson,$4.899,2026-09-21
Colorado,CO,Jefferson,$4.265,2026-09-21
Colorado,CO,Kiowa,$4.164,2026-09-21
Colorado,CO,Kit Carson,$4.197,2026-09-21
Colorado,CO,La Plata,$4.779,2026-09-21
Colorado,CO,Lake,$4.629,2026-09-21
Colorado,CO,Larimer,$4.271,2026-09-21
Colorado,CO,Las Animas,$4.237,2026-09-21
Colorado,CO,Lincoln,$4.129,2026-09-21
Colorado,CO,Logan,$4.534,2026-09-21
Colorado,CO,Mesa,$4.444,2026-09-21
Colorado,CO,Mineral,$4.799,2026-09-21
Colorado,CO,Moffat,$4.613,2026-09-21
Colorado,CO,Montezuma,$4.401,2026-09-21
Colorado,CO,Montrose,$4.642,2026-09-21
Colorado,CO,Morgan,$4.302,2026-09-21
Colorado,CO,Otero,$4.218,2026-09-21
Colorado,CO,Ouray,$4.992,2026-09-21
Colorado,CO,Park,$4.529,2026-09-21
Colorado,CO,Phillips,$5.084,2026-09-21
Colorado,CO,Pitkin,$5.743,2026-09-21
Colorado,CO,Prowers,$4.177,2026-09-21
Colorado,CO,Pueblo,$4.152,2026-09-21
Colorado,CO,Rio Blanco,$4.644,2026-09-21
Colorado,CO,Rio Grande,$4.407,2026-09-21
Colorado,CO,Routt,$4.911,2026-09-21
Colorado,CO,Saguache,$4.649,2026-09-21
Colorado,CO,San Juan,$4.999,2026-09-21
Colorado,CO,San Miguel,$5.111,2026-09-21
Colorado,CO,Sedgwick,$5.099,2026-09-21
Colorado,CO,Summit,$4.638,2026-09-21
Colorado,CO,Teller,$4.406,2026-09-21
Colorado,CO,Washington,$4.466,2026-09-21
Colorado,CO,Weld,$4.187,2026-09-21
Colorado,CO,Yuma,$4.433,2026-09-21
Connecticut,CT,Fairfield,$4.578,2026-09-21
Connecticut,CT,Hartford,$4.487,2026-09-21
Connecticut,CT,Litchfield,$4.512,2026-09-21
Connecticut,CT,Middlesex,$4.454,2026-09-21
Connecticut,CT,New Haven,$4.471,2026-09-21
Connecticut,CT,New London,$4.491,2026-09-21
Connecticut,CT,Tolland,$4.462,2026-09-21
Connecticut,CT,Windham,$4.521,2026-09-21
Delaware,DE,Kent,$4.378,2026-09-21
Delaware,DE,New castle,$4.361,2026-09-21
Delaware,DE,Sussex,$4.376,2026-09-21
Florida,FL,Alachua,$4.354,2026-09-21
Florida,FL,Baker,$4.163,2026-09-21
Florida,FL,Bay,$4.030,2026-09-21
Florida,FL,Bradford,$4.290,2026-09-21
Florida,FL,Brevard,$4.298,2026-09-21
Florida,FL,Broward,$4.332,2026-09-21
Florida,FL,Calhoun,$4.285,2026-09-21
Florida,FL,Charlotte,$4.250,2026-09-21
Florida,FL,Citrus,$4.363,2026-09-21
Florida,FL,Clay,$4.215,2026-09-21
Florida,FL,Collier,$4.352,2026-09-21
Florida,FL,Columbia,$4.245,2026-09-21
Florida,FL,De Soto,$4.239,2026-09-21
Florida,FL,Dixie,$4.322,2026-09-21
Florida,FL,Duval,$4.297,2026-09-21
Florida,FL,Escambia,$4.027,2026-09-21
Florida,FL,Flagler,$4.361,2026-09-21
Florida,FL,Franklin,$4.058,2026-09-21
Florida,FL,Gadsden,$4.178,2026-09-21
Florida,FL,Gilchrist,$4.340,2026-09-21
Florida,FL,Glades,$4.246,2026-09-21
Florida,FL,Gulf,$4.046,2026-09-21
Florida,FL,Hamilton,$4.162,2026-09-21
Florida,FL,Hardee,$4.330,2026-09-21
Florida,FL,Hendry,$4.379,2026-09-21
Florida,FL,Hernando,$4.306,2026-09-21
Florida,FL,Highlands,$4.343,2026-09-21
Florida,FL,Hillsborough,$4.300,2026-09-21
Florida,FL,Holmes,$4.125,2026-09-21
Florida,FL,Indian River,$4.336,2026-09-21
Florida,FL,Jackson,$4.085,2026-09-21
Florida,FL,Jefferson,$4.263,2026-09-21
Florida,FL,Lafayette,$4.399,2026-09-21
Florida,FL,Lake,$4.271,2026-09-21
Florida,FL,Lee,$4.292,2026-09-21
Florida,FL,Leon,$4.053,2026-09-21
Florida,FL,Levy,$4.349,2026-09-21
Florida,FL,Liberty,$4.299,2026-09-21
Florida,FL,Madison,$4.236,2026-09-21
Florida,FL,Manatee,$4.239,2026-09-21
Florida,FL,Marion,$4.352,2026-09-21
Florida,FL,Martin,$4.272,2026-09-21
Florida,FL,Miami Dade,$4.265,2026-09-21
Florida,FL,Monroe,$4.563,2026-09-21
Florida,FL,Nassau,$4.338,2026-09-21
Florida,FL,Okaloosa,$4.052,2026-09-21
Florida,FL,Okeechobee,$4.325,2026-09-21
Florida,FL,Orange,$4.259,2026-09-21
Florida,FL,Osceola,$4.268,2026-09-21
Florida,FL,Palm Beach,$4.437,2026-09-21
Florida,FL,Pasco,$4.279,2026-09-21
Florida,FL,Pinellas,$4.314,2026-09-21
Florida,FL,Polk,$4.280,2026-09-21
Florida,FL,Putnam,$4.218,2026-09-21
Florida,FL,Santa Rosa,$4.077,2026-09-21
Florida,FL,Sarasota,$4.250,2026-09-21
Florida,FL,Seminole,$4.257,2026-09-21
Florida,FL,Saint Johns,$4.328,2026-09-21
Florida,FL,Saint Lucie,$4.345,2026-09-21
Florida,FL,Sumter,$4.246,2026-09-21
Florida,FL,Suwannee,$4.307,2026-09-21
Florida,FL,Taylor,$4.239,2026-09-21
Florida,FL,Union,$4.405,2026-09-21
Florida,FL,Volusia,$4.301,2026-09-21
Florida,FL,Wakulla,$4.063,2026-09-21
Florida,FL,Walton,$4.060,2026-09-21
Florida,FL,Washington,$4.132,2026-09-21
Georgia,GA,Appling,$4.115,2026-09-21
Georgia,GA,Atkinson,$4.202,2026-09-21
Georgia,GA,Bacon,$4.219,2026-09-21
Georgia,GA,Bibb,$4.118,2026-09-21
Georgia,GA,Bulloch,$4.115,2026-09-21
Georgia,GA,Baldwin,$4.076,2026-09-21
Georgia,GA,Brantley,$4.201,2026-09-21
Georgia,GA,Ben Hill,$4.127,2026-09-21
Georgia,GA,Berrien,$4.201,2026-09-21
Georgia,GA,Baker,$4.349,2026-09-21
Georgia,GA,Bleckley,$4.188,2026-09-21
Georgia,GA,Banks,$4.096,2026-09-21
Georgia,GA,Brooks,$4.166,2026-09-21
Georgia,GA,Bryan,$4.251,2026-09-21
Georgia,GA,Butts,$4.086,2026-09-21
Georgia,GA,Bartow,$4.009,2026-09-21
Georgia,GA,Burke,$4.168,2026-09-21
Georgia,GA,Barrow,$4.071,2026-09-21
Georgia,GA,Chatham,$4.164,2026-09-21
Georgia,GA,Cobb,$4.037,2026-09-21
Georgia,GA,Chattahoochee,$4.166,2026-09-21
Georgia,GA,Crawford,$4.232,2026-09-21
Georgia,GA,Cherokee,$4.033,2026-09-21
Georgia,GA,Coffee,$4.105,2026-09-21
Georgia,GA,Chattooga,$4.145,2026-09-21
Georgia,GA,Charlton,$4.159,2026-09-21
Georgia,GA,Clinch,$4.312,2026-09-21
Georgia,GA,Clarke,$4.051,2026-09-21
Georgia,GA,Calhoun,$4.399,2026-09-21
Georgia,GA,Camden,$4.145,2026-09-21
Georgia,GA,Candler,$4.224,2026-09-21
Georgia,GA,Cook,$4.123,2026-09-21
Georgia,GA,Crisp,$4.027,2026-09-21
Georgia,GA,Colquitt,$4.180,2026-09-21
Georgia,GA,Carroll,$4.096,2026-09-21
Georgia,GA,Catoosa,$4.011,2026-09-21
Georgia,GA,Clayton,$4.055,2026-09-21
Georgia,GA,Columbia,$4.054,2026-09-21
Georgia,GA,Coweta,$4.085,2026-09-21
Georgia,GA,Clay,$4.374,2026-09-21
Georgia,GA,Dade,$4.098,2026-09-21
Georgia,GA,Decatur,$4.038,2026-09-21
Georgia,GA,Douglas,$4.045,2026-09-21
Georgia,GA,DeKalb,$4.098,2026-09-21
Georgia,GA,Dooly,$4.149,2026-09-21
Georgia,GA,Dodge,$4.111,2026-09-21
Georgia,GA,Dougherty,$4.098,2026-09-21
Georgia,GA,Dawson,$4.083,2026-09-21
Georgia,GA,Early,$4.299,2026-09-21
Georgia,GA,Echols,,2026-09-21
Georgia,GA,Effingham,$4.080,2026-09-21
Georgia,GA,Elbert,$4.083,2026-09-21
Georgia,GA,Emanuel,$4.295,2026-09-21
Georgia,GA,Evans,$4.189,2026-09-21
Georgia,GA,Fannin,$4.044,2026-09-21
Georgia,GA,Floyd,$4.053,2026-09-21
Georgia,GA,Forsyth,$4.038,2026-09-21
Georgia,GA,Franklin,$4.089,2026-09-21
Georgia,GA,Fulton,$4.208,2026-09-21
Georgia,GA,Fayette,$4.096,2026-09-21
Georgia,GA,Greene,$4.084,2026-09-21
Georgia,GA,Gilmer,$4.116,2026-09-21
Georgia,GA,Glascock,$4.199,2026-09-21
Georgia,GA,Gordon,$4.102,2026-09-21
Georgia,GA,Grady,$4.248,2026-09-21
Georgia,GA,Gwinnett,$4.042,2026-09-21
Georgia,GA,Glynn,$4.098,2026-09-21
Georgia,GA,Habersham,$4.105,2026-09-21
Georgia,GA,Heard,$4.184,2026-09-21
Georgia,GA,Harris,$4.160,2026-09-21
Georgia,GA,Hall,$4.040,2026-09-21
Georgia,GA,Hancock,$4.199,2026-09-21
Georgia,GA,Houston,$4.046,2026-09-21
Georgia,GA,Haralson,$4.061,2026-09-21
Georgia,GA,Hart,$4.078,2026-09-21
Georgia,GA,Henry,$4.033,2026-09-21
Georgia,GA,Irwin,$4.236,2026-09-21
Georgia,GA,Jackson,$4.001,2026-09-21
Georgia,GA,Jeff Davis,$3.997,2026-09-21
Georgia,GA,Jefferson,$4.182,2026-09-21
Georgia,GA,Jenkins,$4.141,2026-09-21
Georgia,GA,Jones,$4.021,2026-09-21
Georgia,GA,Johnson,$4.099,2026-09-21
Georgia,GA,Jasper,$4.119,2026-09-21
Georgia,GA,Lamar,$4.237,2026-09-21
Georgia,GA,Lincoln,$4.196,2026-09-21
Georgia,GA,Lee,$3.976,2026-09-21
Georgia,GA,Liberty,$4.119,2026-09-21
Georgia,GA,Lanier,$4.199,2026-09-21
Georgia,GA,Long,$4.199,2026-09-21
Georgia,GA,Lumpkin,$4.175,2026-09-21
Georgia,GA,Laurens,$4.004,2026-09-21
Georgia,GA,Lowndes,$3.970,2026-09-21
Georgia,GA,Macon,$4.249,2026-09-21
Georgia,GA,Mcduffie,$4.068,2026-09-21
Georgia,GA,Madison,$4.030,2026-09-21
Georgia,GA,Meriwether,$4.145,2026-09-21
Georgia,GA,Montgomery,$4.166,2026-09-21
Georgia,GA,Mcintosh,$4.133,2026-09-21
Georgia,GA,Miller,$4.212,2026-09-21
Georgia,GA,Morgan,$3.941,2026-09-21
Georgia,GA,Monroe,$4.193,2026-09-21
Georgia,GA,Marion,$4.199,2026-09-21
Georgia,GA,Muscogee,$4.072,2026-09-21
Georgia,GA,Mitchell,$4.198,2026-09-21
Georgia,GA,Murray,$4.183,2026-09-21
Georgia,GA,Newton,$4.068,2026-09-21
Georgia,GA,Oconee,$4.050,2026-09-21
Georgia,GA,Oglethorpe,$4.141,2026-09-21
Georgia,GA,Peach,$4.013,2026-09-21
Georgia,GA,Pickens,$3.948,2026-09-21
Georgia,GA,Paulding,$4.036,2026-09-21
Georgia,GA,Pierce,$4.235,2026-09-21
Georgia,GA,Pike,$4.069,2026-09-21
Georgia,GA,Pulaski,$4.149,2026-09-21
Georgia,GA,Polk,$4.071,2026-09-21
Georgia,GA,Putnam,$4.123,2026-09-21
Georgia,GA,Quitman,$4.006,2026-09-21
Georgia,GA,Randolph,$4.149,2026-09-21
Georgia,GA,Rabun,$3.928,2026-09-21
Georgia,GA,Richmond,$4.173,2026-09-21
Georgia,GA,Rockdale,$4.038,2026-09-21
Georgia,GA,Schley,$4.099,2026-09-21
Georgia,GA,Stephens,$3.956,2026-09-21
Georgia,GA,Seminole,$4.271,2026-09-21
Georgia,GA,Spalding,$4.113,2026-09-21
Georgia,GA,Screven,$4.217,2026-09-21
Georgia,GA,Stewart,$4.179,2026-09-21
Georgia,GA,Sumter,$4.041,2026-09-21
Georgia,GA,Taliaferro,$4.249,2026-09-21
Georgia,GA,Talbot,$4.249,2026-09-21
Georgia,GA,Treutlen,$4.199,2026-09-21
Georgia,GA,Telfair,$4.065,2026-09-21
Georgia,GA,Thomas,$4.273,2026-09-21
Georgia,GA,Tift,$4.114,2026-09-21
Georgia,GA,Terrell,$4.075,2026-09-21
Georgia,GA,Toombs,$4.167,2026-09-21
Georgia,GA,Towns,$4.096,2026-09-21
Georgia,GA,Troup,$4.056,2026-09-21
Georgia,GA,Tattnall,$4.216,2026-09-21
Georgia,GA,Turner,$4.162,2026-09-21
Georgia,GA,Twiggs,$4.194,2026-09-21
Georgia,GA,Taylor,$4.233,2026-09-21
Georgia,GA,Union,$4.063,2026-09-21
Georgia,GA,Upson,$4.090,2026-09-21
Georgia,GA,Ware,$4.104,2026-09-21
Georgia,GA,Wilcox,$4.199,2026-09-21
Georgia,GA,Wheeler,$4.114,2026-09-21
Georgia,GA,Washington,$4.080,2026-09-21
Georgia,GA,Whitfield,$4.073,2026-09-21
Georgia,GA,Wilkinson,$4.181,2026-09-21
Georgia,GA,Walker,$4.159,2026-09-21
Georgia,GA,Wilkes,$4.073,2026-09-21
Georgia,GA,Walton,$4.056,2026-09-21
Georgia,GA,Worth,$4.112,2026-09-21
Georgia,GA,Warren,$4.199,2026-09-21
Georgia,GA,Webster,$4.199,2026-09-21
Georgia,GA,White,$4.123,2026-09-21
Georgia,GA,Wayne,$4.090,2026-09-21
Hawaii,HI,Hawaii,$5.625,2026-09-21
Hawaii,HI,Honolulu,$5.478,2026-09-21
Hawaii,HI,Kalawao,,2026-09-21
Hawaii,HI,Kauai,$5.740,2026-09-21
Hawaii,HI,Maui,$5.593,2026-09-21
Idaho,ID,Ada,$4.863,2026-09-21
Idaho,ID,Adams,$5.014,2026-09-21
Idaho,ID,Bannock,$4.864,2026-09-21
Idaho,ID,Bear Lake,$5.057,2026-09-21
Idaho,ID,Benewah,$4.749,2026-09-21
Idaho,ID,Bingham,$4.891,2026-09-21
Idaho,ID,Blaine,$5.141,2026-09-21
Idaho,ID,Boise,$5.341,2026-09-21
Idaho,ID,Bonner,$4.759,2026-09-21
Idaho,ID,Bonneville,$4.840,2026-09-21
Idaho,ID,Boundary,$4.716,2026-09-21
Idaho,ID,Butte,$4.949,2026-09-21
Idaho,ID,Camas,$5.349,2026-09-21
Idaho,ID,Canyon,$4.846,2026-09-21
Idaho,ID,Caribou,$4.966,2026-09-21
Idaho,ID,Cassia,$4.975,2026-09-21
Idaho,ID,Clark,$5.599,2026-09-21
Idaho,ID,Clearwater,$4.799,2026-09-21
Idaho,ID,Custer,$5.151,2026-09-21
Idaho,ID,Elmore,$4.918,2026-09-21
Idaho,ID,Franklin,$4.788,2026-09-21
Idaho,ID,Fremont,$5.238,2026-09-21
Idaho,ID,Gem,$4.896,2026-09-21
Idaho,ID,Gooding,$5.013,2026-09-21
Idaho,ID,Idaho,$4.847,2026-09-21
Idaho,ID,Jefferson,$4.881,2026-09-21
Idaho,ID,Jerome,$4.895,2026-09-21
Idaho,ID,Kootenai,$4.639,2026-09-21
Idaho,ID,Latah,$4.696,2026-09-21
Idaho,ID,Lemhi,$4.899,2026-09-21
Idaho,ID,Lewis,$4.727,2026-09-21
Idaho,ID,Lincoln,$4.899,2026-09-21
Idaho,ID,Madison,$4.801,2026-09-21
Idaho,ID,Minidoka,$4.853,2026-09-21
Idaho,ID,Nez perce,$4.640,2026-09-21
Idaho,ID,Oneida,$4.879,2026-09-21
Idaho,ID,Owyhee,$4.869,2026-09-21
Idaho,ID,Payette,$5.000,2026-09-21
Idaho,ID,Power,$4.881,2026-09-21
Idaho,ID,Shoshone,$4.981,2026-09-21
Idaho,ID,Teton,$5.092,2026-09-21
Idaho,ID,Twin falls,$4.956,2026-09-21
Idaho,ID,Valley,$5.167,2026-09-21
Idaho,ID,Washington,$5.004,2026-09-21
Illinois,IL,Adams,$4.790,2026-09-21
Illinois,IL,Alexander,$4.999,2026-09-21
Illinois,IL,Bond,$4.747,2026-09-21
Illinois,IL,Boone,$4.931,2026-09-21
Illinois,IL,Brown,$4.699,2026-09-21
Illinois,IL,Bureau,$4.727,2026-09-21
Illinois,IL,Calhoun,,2026-09-21
Illinois,IL,Carroll,$4.767,2026-09-21
Illinois,IL,Cass,$4.805,2026-09-21
Illinois,IL,Champaign,$4.768,2026-09-21
Illinois,IL,Christian,$4.810,2026-09-21
Illinois,IL,Clark,$4.808,2026-09-21
Illinois,IL,Clay,$4.821,2026-09-21
Illinois,IL,Clinton,$4.763,2026-09-21
Illinois,IL,Coles,$4.773,2026-09-21
Illinois,IL,Cook,$5.126,2026-09-21
Illinois,IL,Crawford,$4.779,2026-09-21
Illinois,IL,Cumberland,$4.846,2026-09-21
Illinois,IL,Dewitt,$4.787,2026-09-21
Illinois,IL,De Kalb,$4.858,2026-09-21
Illinois,IL,Douglas,$4.656,2026-09-21
Illinois,IL,Du Page,$4.951,2026-09-21
Illinois,IL,Edgar,$4.799,2026-09-21
Illinois,IL,Edwards,$4.799,2026-09-21
Illinois,IL,Effingham,$4.677,2026-09-21
Illinois,IL,Fayette,$4.804,2026-09-21
Illinois,IL,Ford,$4.704,2026-09-21
Illinois,IL,Franklin,$4.788,2026-09-21
Illinois,IL,Fulton,$4.801,2026-09-21
Illinois,IL,Gallatin,,2026-09-21
Illinois,IL,Greene,$4.758,2026-09-21
Illinois,IL,Grundy,$4.794,2026-09-21
Illinois,IL,Hamilton,$4.799,2026-09-21
Illinois,IL,Hancock,$4.761,2026-09-21
Illinois,IL,Hardin,$4.799,2026-09-21
Illinois,IL,Henderson,$4.679,2026-09-21
Illinois,IL,Henry,$4.768,2026-09-21
Illinois,IL,Iroquois,$4.757,2026-09-21
Illinois,IL,Jackson,$4.819,2026-09-21
Illinois,IL,Jasper,$4.799,2026-09-21
Illinois,IL,Jefferson,$4.783,2026-09-21
Illinois,IL,Jersey,$4.699,2026-09-21
Illinois,IL,Jo Daviess,$4.724,2026-09-21
Illinois,IL,Johnson,$4.571,2026-09-21
Illinois,IL,Kane,$4.943,2026-09-21
Illinois,IL,Kankakee,$4.810,2026-09-21
Illinois,IL,Kendall,$4.912,2026-09-21
Illinois,IL,Knox,$4.745,2026-09-21
Illinois,IL,La Salle,$4.750,2026-09-21
Illinois,IL,Lake,$4.906,2026-09-21
Illinois,IL,Lawrence,$4.782,2026-09-21
Illinois,IL,Lee,$4.801,2026-09-21
Illinois,IL,Livingston,$4.783,2026-09-21
Illinois,IL,Logan,$4.753,2026-09-21
Illinois,IL,Macon,$4.780,2026-09-21
Illinois,IL,Macoupin,$4.771,2026-09-21
Illinois,IL,Madison,$4.760,2026-09-21
Illinois,IL,Marion,$4.790,2026-09-21
Illinois,IL,Marshall,$4.820,2026-09-21
Illinois,IL,Mason,$4.782,2026-09-21
Illinois,IL,Massac,$4.731,2026-09-21
Illinois,IL,McDonough,$4.785,2026-09-21
Illinois,IL,McHenry,$4.855,2026-09-21
Illinois,IL,McLean,$4.766,2026-09-21
Illinois,IL,Menard,$4.785,2026-09-21
Illinois,IL,Mercer,$4.832,2026-09-21
Illinois,IL,Monroe,$4.762,2026-09-21
Illinois,IL,Montgomery,$4.778,2026-09-21
Illinois,IL,Morgan,$4.788,2026-09-21
Illinois,IL,Moultrie,$4.786,2026-09-21
Illinois,IL,Ogle,$4.776,2026-09-21
Illinois,IL,Peoria,$4.912,2026-09-21
Illinois,IL,Perry,$4.799,2026-09-21
Illinois,IL,Piatt,$4.810,2026-09-21
Illinois,IL,Pike,$4.768,2026-09-21
Illinois,IL,Pope,$4.699,2026-09-21
Illinois,IL,Pulaski,$4.799,2026-09-21
Illinois,IL,Putnam,$4.799,2026-09-21
Illinois,IL,Randolph,$4.752,2026-09-21
Illinois,IL,Richland,$4.645,2026-09-21
Illinois,IL,Rock Island,$4.738,2026-09-21
Illinois,IL,Saline,$4.757,2026-09-21
Illinois,IL,Sangamon,$4.775,2026-09-21
Illinois,IL,Schuyler,$4.806,2026-09-21
Illinois,IL,Scott,$4.599,2026-09-21
Illinois,IL,Shelby,$4.759,2026-09-21
Illinois,IL,Saint Clair,$4.773,2026-09-21
Illinois,IL,Stark,$4.809,2026-09-21
Illinois,IL,Stephenson,$4.783,2026-09-21
Illinois,IL,Tazewell,$4.796,2026-09-21
Illinois,IL,Union,$4.799,2026-09-21
Illinois,IL,Vermilion,$4.787,2026-09-21
Illinois,IL,Wabash,$4.701,2026-09-21
Illinois,IL,Warren,$4.815,2026-09-21
Illinois,IL,Washington,$4.787,2026-09-21
Illinois,IL,Wayne,$4.682,2026-09-21
Illinois,IL,White,$4.758,2026-09-21
Illinois,IL,Whiteside,$4.774,2026-09-21
Illinois,IL,Will,$4.910,2026-09-21
Illinois,IL,Williamson,$4.783,2026-09-21
Illinois,IL,Winnebago,$4.802,2026-09-21
Illinois,IL,Woodford,$4.822,2026-09-21
Indiana,IN,Adams,$4.137,2026-09-21
Indiana,IN,Allen,$4.031,2026-09-21
Indiana,IN,Bartholomew,$4.098,2026-09-21
Indiana,IN,Benton,$4.096,2026-09-21
Indiana,IN,Blackford,$3.999,2026-09-21
Indiana,IN,Boone,$3.996,2026-09-21
Indiana,IN,Brown,$4.079,2026-09-21
Indiana,IN,Carroll,$4.266,2026-09-21
Indiana,IN,Cass,$4.069,2026-09-21
Indiana,IN,Clark,$3.938,2026-09-21
Indiana,IN,Clay,$3.932,2026-09-21
Indiana,IN,Clinton,$4.020,2026-09-21
Indiana,IN,Crawford,$3.819,2026-09-21
Indiana,IN,Daviess,$3.992,2026-09-21
Indiana,IN,De Kalb,$4.030,2026-09-21
Indiana,IN,Dearborn,$4.092,2026-09-21
Indiana,IN,Decatur,$4.011,2026-09-21
Indiana,IN,Delaware,$3.989,2026-09-21
Indiana,IN,Dubois,$3.809,2026-09-21
Indiana,IN,Elkhart,$4.038,2026-09-21
Indiana,IN,Fayette,$3.993,2026-09-21
Indiana,IN,Floyd,$3.989,2026-09-21
Indiana,IN,Fountain,$4.072,2026-09-21
Indiana,IN,Franklin,$4.170,2026-09-21
Indiana,IN,Fulton,$4.019,2026-09-21
Indiana,IN,Gibson,$3.785,2026-09-21
Indiana,IN,Grant,$3.974,2026-09-21
Indiana,IN,Greene,$3.926,2026-09-21
Indiana,IN,Hamilton,$3.948,2026-09-21
Indiana,IN,Hancock,$3.970,2026-09-21
Indiana,IN,Harrison,$3.928,2026-09-21
Indiana,IN,Hendricks,$3.974,2026-09-21
Indiana,IN,Henry,$3.998,2026-09-21
Indiana,IN,Howard,$4.045,2026-09-21
Indiana,IN,Huntington,$4.170,2026-09-21
Indiana,IN,Jackson,$4.021,2026-09-21
Indiana,IN,Jasper,$4.239,2026-09-21
Indiana,IN,Jay,$4.059,2026-09-21
Indiana,IN,Jefferson,$3.996,2026-09-21
Indiana,IN,Jennings,$3.990,2026-09-21
Indiana,IN,Johnson,$3.962,2026-09-21
Indiana,IN,Knox,$3.788,2026-09-21
Indiana,IN,Kosciusko,$4.030,2026-09-21
Indiana,IN,La Porte,$4.123,2026-09-21
Indiana,IN,Lagrange,$4.192,2026-09-21
Indiana,IN,Lake,$4.103,2026-09-21
Indiana,IN,Lawrence,$3.952,2026-09-21
Indiana,IN,Madison,$3.990,2026-09-21
Indiana,IN,Marion,$3.985,2026-09-21
Indiana,IN,Marshall,$4.010,2026-09-21
Indiana,IN,Martin,$3.763,2026-09-21
Indiana,IN,Miami,$4.057,2026-09-21
Indiana,IN,Monroe,$4.024,2026-09-21
Indiana,IN,Montgomery,$4.033,2026-09-21
Indiana,IN,Morgan,$3.990,2026-09-21
Indiana,IN,Newton,$4.041,2026-09-21
Indiana,IN,Noble,$4.021,2026-09-21
Indiana,IN,Ohio,$4.202,2026-09-21
Indiana,IN,Orange,$3.713,2026-09-21
Indiana,IN,Owen,$4.028,2026-09-21
Indiana,IN,Parke,$4.010,2026-09-21
Indiana,IN,Perry,$3.728,2026-09-21
Indiana,IN,Pike,$3.849,2026-09-21
Indiana,IN,Porter,$4.157,2026-09-21
Indiana,IN,Posey,$3.785,2026-09-21
Indiana,IN,Pulaski,$4.299,2026-09-21
Indiana,IN,Putnam,$3.996,2026-09-21
Indiana,IN,Randolph,$4.145,2026-09-21
Indiana,IN,Ripley,$4.102,2026-09-21
Indiana,IN,Rush,$3.994,2026-09-21
Indiana,IN,Scott,$3.956,2026-09-21
Indiana,IN,Shelby,$3.962,2026-09-21
Indiana,IN,Spencer,$3.746,2026-09-21
Indiana,IN,St Joseph,$4.104,2026-09-21
Indiana,IN,Starke,$4.261,2026-09-21
Indiana,IN,Steuben,$3.948,2026-09-21
Indiana,IN,Sullivan,$3.980,2026-09-21
Indiana,IN,Switzerland,$4.199,2026-09-21
Indiana,IN,Tippecanoe,$4.148,2026-09-21
Indiana,IN,Tipton,$4.010,2026-09-21
Indiana,IN,Union,$4.099,2026-09-21
Indiana,IN,Vanderburgh,$3.843,2026-09-21
Indiana,IN,Vermillion,$3.955,2026-09-21
Indiana,IN,Vigo,$3.985,2026-09-21
Indiana,IN,Wabash,$4.032,2026-09-21
Indiana,IN,Warren,$4.099,2026-09-21
Indiana,IN,Warrick,$3.814,2026-09-21
Indiana,IN,Washington,$3.983,2026-09-21
Indiana,IN,Wayne,$3.993,2026-09-21
Indiana,IN,Wells,$4.029,2026-09-21
Indiana,IN,White,$4.294,2026-09-21
Indiana,IN,Whitley,$4.140,2026-09-21
Iowa,IA,Adair,$4.459,2026-09-21
Iowa,IA,Adams,$4.399,2026-09-21
Iowa,IA,Allamakee,$4.449,2026-09-21
Iowa,IA,Appanoose,$4.404,2026-09-21
Iowa,IA,Audubon,$4.424,2026-09-21
Iowa,IA,Benton,$4.343,2026-09-21
Iowa,IA,Black Hawk,$4.359,2026-09-21
Iowa,IA,Boone,$4.482,2026-09-21
Iowa,IA,Bremer,$4.424,2026-09-21
Iowa,IA,Buchanan,$4.449,2026-09-21
Iowa,IA,Buena Vista,$4.321,2026-09-21
Iowa,IA,Butler,$4.386,2026-09-21
Iowa,IA,Calhoun,$4.299,2026-09-21
Iowa,IA,Carroll,$4.379,2026-09-21
Iowa,IA,Cass,$4.392,2026-09-21
Iowa,IA,Cedar,$4.404,2026-09-21
Iowa,IA,Cerro Gordo,$4.204,2026-09-21
Iowa,IA,Cherokee,$4.424,2026-09-21
Iowa,IA,Chickasaw,$4.537,2026-09-21
Iowa,IA,Clarke,$4.388,2026-09-21
Iowa,IA,Clay,$4.306,2026-09-21
Iowa,IA,Clayton,$4.426,2026-09-21
Iowa,IA,Clinton,$4.367,2026-09-21
Iowa,IA,Crawford,$4.432,2026-09-21
Iowa,IA,Dallas,$4.391,2026-09-21
Iowa,IA,Davis,$4.336,2026-09-21
Iowa,IA,Decatur,$4.422,2026-09-21
Iowa,IA,Delaware,$4.441,2026-09-21
Iowa,IA,Des Moines,$4.455,2026-09-21
Iowa,IA,Dickinson,$4.472,2026-09-21
Iowa,IA,Dubuque,$4.396,2026-09-21
Iowa,IA,Emmet,$4.299,2026-09-21
Iowa,IA,Fayette,$4.447,2026-09-21
Iowa,IA,Floyd,$4.296,2026-09-21
Iowa,IA,Franklin,$4.399,2026-09-21
Iowa,IA,Fremont,$4.432,2026-09-21
Iowa,IA,Greene,$4.373,2026-09-21
Iowa,IA,Grundy,$4.421,2026-09-21
Iowa,IA,Guthrie,$4.385,2026-09-21
Iowa,IA,Hamilton,$4.399,2026-09-21
Iowa,IA,Hancock,$4.374,2026-09-21
Iowa,IA,Hardin,$4.436,2026-09-21
Iowa,IA,Harrison,$4.377,2026-09-21
Iowa,IA,Henry,$4.203,2026-09-21
Iowa,IA,Howard,$4.431,2026-09-21
Iowa,IA,Humboldt,$4.419,2026-09-21
Iowa,IA,Ida,$4.189,2026-09-21
Iowa,IA,Iowa,$4.327,2026-09-21
Iowa,IA,Jackson,$4.380,2026-09-21
Iowa,IA,Jasper,$4.295,2026-09-21
Iowa,IA,Jefferson,$4.407,2026-09-21
Iowa,IA,Johnson,$4.415,2026-09-21
Iowa,IA,Jones,$4.394,2026-09-21
Iowa,IA,Keokuk,$4.301,2026-09-21
Iowa,IA,Kossuth,$4.457,2026-09-21
Iowa,IA,Lee,$4.447,2026-09-21
Iowa,IA,Linn,$4.347,2026-09-21
Iowa,IA,Louisa,$4.449,2026-09-21
Iowa,IA,Lucas,$4.399,2026-09-21
Iowa,IA,Lyon,$4.249,2026-09-21
Iowa,IA,Madison,$4.439,2026-09-21
Iowa,IA,Mahaska,$4.291,2026-09-21
Iowa,IA,Marion,$4.266,2026-09-21
Iowa,IA,Marshall,$4.411,2026-09-21
Iowa,IA,Mills,$4.301,2026-09-21
Iowa,IA,Mitchell,$4.399,2026-09-21
Iowa,IA,Monona,$4.278,2026-09-21
Iowa,IA,Monroe,$4.457,2026-09-21
Iowa,IA,Montgomery,$4.332,2026-09-21
Iowa,IA,Muscatine,$4.443,2026-09-21
Iowa,IA,O'Brien,,2026-09-21
Iowa,IA,Osceola,$4.399,2026-09-21
Iowa,IA,Page,$4.382,2026-09-21
Iowa,IA,Palo Alto,$4.279,2026-09-21
Iowa,IA,Plymouth,$4.757,2026-09-21
Iowa,IA,Pocahontas,$4.409,2026-09-21
Iowa,IA,Polk,$4.336,2026-09-21
Iowa,IA,Pottawattamie,$4.378,2026-09-21
Iowa,IA,Poweshiek,$4.311,2026-09-21
Iowa,IA,Ringgold,$4.399,2026-09-21
Iowa,IA,Sac,$4.298,2026-09-21
Iowa,IA,Scott,$4.357,2026-09-21
Iowa,IA,Shelby,$4.395,2026-09-21
Iowa,IA,Sioux,$4.422,2026-09-21
Iowa,IA,Story,$4.390,2026-09-21
Iowa,IA,Tama,$4.509,2026-09-21
Iowa,IA,Taylor,$4.392,2026-09-21
Iowa,IA,Union,$4.399,2026-09-21
Iowa,IA,Van Buren,$4.354,2026-09-21
Iowa,IA,Wapello,$4.382,2026-09-21
Iowa,IA,Warren,$4.313,2026-09-21
Iowa,IA,Washington,$4.387,2026-09-21
Iowa,IA,Wayne,$4.436,2026-09-21
Iowa,IA,Webster,$4.269,2026-09-21
Iowa,IA,Winnebago,$4.437,2026-09-21
Iowa,IA,Winneshiek,$4.449,2026-09-21
Iowa,IA,Woodbury,$4.322,2026-09-21
Iowa,IA,Worth,$4.277,2026-09-21
Iowa,IA,Wright,$4.436,2026-09-21
Kansas,KS,Allen,$4.199,2026-09-21
Kansas,KS,Anderson,$4.191,2026-09-21
Kansas,KS,Atchison,$4.205,2026-09-21
Kansas,KS,Barber,$4.269,2026-09-21
Kansas,KS,Barton,$3.993,2026-09-21
Kansas,KS,Bourbon,$4.197,2026-09-21
Kansas,KS,Brown,$4.141,2026-09-21
Kansas,KS,Butler,$4.193,2026-09-21
Kansas,KS,Chase,$4.186,2026-09-21
Kansas,KS,Chautauqua,$4.199,2026-09-21
Kansas,KS,Cherokee,$4.095,2026-09-21
Kansas,KS,Cheyenne,$4.372,2026-09-21
Kansas,KS,Clark,$4.229,2026-09-21
Kansas,KS,Clay,$4.199,2026-09-21
Kansas,KS,Cloud,$4.129,2026-09-21
Kansas,KS,Coffey,$4.143,2026-09-21
Kansas,KS,Comanche,$4.229,2026-09-21
Kansas,KS,Cowley,$4.181,2026-09-21
Kansas,KS,Crawford,$4.180,2026-09-21
Kansas,KS,Decatur,$4.099,2026-09-21
Kansas,KS,Dickinson,$4.064,2026-09-21
Kansas,KS,Doniphan,$4.164,2026-09-21
Kansas,KS,Douglas,$4.193,2026-09-21
Kansas,KS,Edwards,$4.154,2026-09-21
Kansas,KS,Elk,$3.999,2026-09-21
Kansas,KS,Ellis,$4.245,2026-09-21
Kansas,KS,Ellsworth,$4.274,2026-09-21
Kansas,KS,Finney,$4.061,2026-09-21
Kansas,KS,Ford,$4.117,2026-09-21
Kansas,KS,Franklin,$4.199,2026-09-21
Kansas,KS,Geary,$4.212,2026-09-21
Kansas,KS,Gove,$4.299,2026-09-21
Kansas,KS,Graham,$4.299,2026-09-21
Kansas,KS,Grant,$4.209,2026-09-21
Kansas,KS,Gray,$4.142,2026-09-21
Kansas,KS,Greeley,$4.299,2026-09-21
Kansas,KS,Greenwood,$4.203,2026-09-21
Kansas,KS,Hamilton,$4.216,2026-09-21
Kansas,KS,Harper,$4.263,2026-09-21
Kansas,KS,Harvey,$4.062,2026-09-21
Kansas,KS,Haskell,$4.149,2026-09-21
Kansas,KS,Hodgeman,$4.199,2026-09-21
Kansas,KS,Jackson,$4.141,2026-09-21
Kansas,KS,Jefferson,$4.254,2026-09-21
Kansas,KS,Jewell,$4.609,2026-09-21
Kansas,KS,Johnson,$4.263,2026-09-21
Kansas,KS,Kearny,$4.111,2026-09-21
Kansas,KS,Kingman,$4.165,2026-09-21
Kansas,KS,Kiowa,$4.201,2026-09-21
Kansas,KS,Labette,$4.193,2026-09-21
Kansas,KS,Lane,$3.979,2026-09-21
Kansas,KS,Leavenworth,$4.169,2026-09-21
Kansas,KS,Lincoln,,2026-09-21
Kansas,KS,Linn,$4.233,2026-09-21
Kansas,KS,Logan,$4.224,2026-09-21
Kansas,KS,Lyon,$4.135,2026-09-21
Kansas,KS,Marion,$4.135,2026-09-21
Kansas,KS,Marshall,$4.199,2026-09-21
Kansas,KS,Mcpherson,$4.163,2026-09-21
Kansas,KS,Meade,$4.084,2026-09-21
Kansas,KS,Miami,$4.219,2026-09-21
Kansas,KS,Mitchell,$4.212,2026-09-21
Kansas,KS,Montgomery,$4.167,2026-09-21
Kansas,KS,Morris,$3.924,2026-09-21
Kansas,KS,Morton,$4.269,2026-09-21
Kansas,KS,Nemaha,$4.219,2026-09-21
Kansas,KS,Neosho,$4.202,2026-09-21
Kansas,KS,Ness,$4.067,2026-09-21
Kansas,KS,Norton,$4.199,2026-09-21
Kansas,KS,Osage,$4.093,2026-09-21
Kansas,KS,Osborne,$4.249,2026-09-21
Kansas,KS,Ottawa,$4.199,2026-09-21
Kansas,KS,Pawnee,$4.199,2026-09-21
Kansas,KS,Phillips,$4.199,2026-09-21
Kansas,KS,Pottawatomie,$4.199,2026-09-21
Kansas,KS,Pratt,$4.187,2026-09-21
Kansas,KS,Rawlins,$4.299,2026-09-21
Kansas,KS,Reno,$3.934,2026-09-21
Kansas,KS,Republic,$4.156,2026-09-21
Kansas,KS,Rice,$4.167,2026-09-21
Kansas,KS,Riley,$4.187,2026-09-21
Kansas,KS,Rooks,$4.099,2026-09-21
Kansas,KS,Rush,$4.119,2026-09-21
Kansas,KS,Russell,$4.132,2026-09-21
Kansas,KS,Saline,$4.162,2026-09-21
Kansas,KS,Scott,$3.986,2026-09-21
Kansas,KS,Sedgwick,$4.151,2026-09-21
Kansas,KS,Seward,$4.189,2026-09-21
Kansas,KS,Shawnee,$4.083,2026-09-21
Kansas,KS,Sheridan,$4.159,2026-09-21
Kansas,KS,Sherman,$4.193,2026-09-21
Kansas,KS,Smith,$4.179,2026-09-21
Kansas,KS,Stafford,$4.279,2026-09-21
Kansas,KS,Stanton,$4.174,2026-09-21
Kansas,KS,Stevens,$4.186,2026-09-21
Kansas,KS,Sumner,$4.166,2026-09-21
Kansas,KS,Thomas,$4.179,2026-09-21
Kansas,KS,Trego,$4.209,2026-09-21
Kansas,KS,Wabaunsee,$4.159,2026-09-21
Kansas,KS,Wallace,$4.359,2026-09-21
Kansas,KS,Washington,$4.204,2026-09-21
Kansas,KS,Wichita,$4.199,2026-09-21
Kansas,KS,Wilson,$4.189,2026-09-21
Kansas,KS,Woodson,$4.199,2026-09-21
Kansas,KS,Wyandotte,$4.276,2026-09-21
Kentucky,KY,Adair,$4.199,2026-09-21
Kentucky,KY,Allen,$4.174,2026-09-21
Kentucky,KY,Anderson,$4.194,2026-09-21
Kentucky,KY,Ballard,$4.114,2026-09-21
Kentucky,KY,Barren,$4.139,2026-09-21
Kentucky,KY,Bath,$4.321,2026-09-21
Kentucky,KY,Bell,$3.897,2026-09-21
Kentucky,KY,Boone,$4.530,2026-09-21
Kentucky,KY,Bourbon,$4.260,2026-09-21
Kentucky,KY,Boyd,$4.293,2026-09-21
Kentucky,KY,Boyle,$4.139,2026-09-21
Kentucky,KY,Bracken,$4.271,2026-09-21
Kentucky,KY,Breathitt,$4.262,2026-09-21
Kentucky,KY,Breckinridge,$4.122,2026-09-21
Kentucky,KY,Bullitt,$4.136,2026-09-21
Kentucky,KY,Butler,$4.170,2026-09-21
Kentucky,KY,Caldwell,$4.087,2026-09-21
Kentucky,KY,Calloway,$4.139,2026-09-21
Kentucky,KY,Campbell,$4.561,2026-09-21
Kentucky,KY,Carlisle,$4.099,2026-09-21
Kentucky,KY,Carroll,$4.189,2026-09-21
Kentucky,KY,Carter,$4.253,2026-09-21
Kentucky,KY,Casey,$4.156,2026-09-21
Kentucky,KY,Christian,$3.982,2026-09-21
Kentucky,KY,Clark,$4.248,2026-09-21
Kentucky,KY,Clay,$4.268,2026-09-21
Kentucky,KY,Clinton,$4.182,2026-09-21
Kentucky,KY,Crittenden,$3.999,2026-09-21
Kentucky,KY,Cumberland,$4.219,2026-09-21
Kentucky,KY,Daviess,$3.969,2026-09-21
Kentucky,KY,Edmonson,$4.139,2026-09-21
Kentucky,KY,Elliott,$4.299,2026-09-21
Kentucky,KY,Estill,$4.179,2026-09-21
Kentucky,KY,Fayette,$4.263,2026-09-21
Kentucky,KY,Fleming,$4.205,2026-09-21
Kentucky,KY,Floyd,$4.279,2026-09-21
Kentucky,KY,Franklin,$4.255,2026-09-21
Kentucky,KY,Fulton,$3.995,2026-09-21
Kentucky,KY,Gallatin,$4.352,2026-09-21
Kentucky,KY,Garrard,$4.165,2026-09-21
Kentucky,KY,Grant,$4.278,2026-09-21
Kentucky,KY,Graves,$4.059,2026-09-21
Kentucky,KY,Grayson,$4.139,2026-09-21
Kentucky,KY,Green,$4.099,2026-09-21
Kentucky,KY,Greenup,$4.294,2026-09-21
Kentucky,KY,Hancock,$4.010,2026-09-21
Kentucky,KY,Hardin,$4.144,2026-09-21
Kentucky,KY,Harlan,$4.118,2026-09-21
Kentucky,KY,Harrison,$4.252,2026-09-21
Kentucky,KY,Hart,$4.151,2026-09-21
Kentucky,KY,Henderson,$3.855,2026-09-21
Kentucky,KY,Henry,$4.181,2026-09-21
Kentucky,KY,Hickman,,2026-09-21
Kentucky,KY,Hopkins,$3.944,2026-09-21
Kentucky,KY,Jackson,$4.195,2026-09-21
Kentucky,KY,Jefferson,$4.167,2026-09-21
Kentucky,KY,Jessamine,$4.139,2026-09-21
Kentucky,KY,Johnson,$4.296,2026-09-21
Kentucky,KY,Kenton,$4.582,2026-09-21
Kentucky,KY,Knott,$4.122,2026-09-21
Kentucky,KY,Knox,$4.075,2026-09-21
Kentucky,KY,Larue,$4.154,2026-09-21
Kentucky,KY,Laurel,$4.147,2026-09-21
Kentucky,KY,Lawrence,$4.271,2026-09-21
Kentucky,KY,Lee,$4.170,2026-09-21
Kentucky,KY,Leslie,$4.099,2026-09-21
Kentucky,KY,Letcher,$4.099,2026-09-21
Kentucky,KY,Lewis,$4.272,2026-09-21
Kentucky,KY,Lincoln,$4.178,2026-09-21
Kentucky,KY,Livingston,$3.999,2026-09-21
Kentucky,KY,Logan,$4.099,2026-09-21
Kentucky,KY,Lyon,$4.007,2026-09-21
Kentucky,KY,Madison,$4.263,2026-09-21
Kentucky,KY,Magoffin,$4.299,2026-09-21
Kentucky,KY,Marion,$4.041,2026-09-21
Kentucky,KY,Marshall,$4.020,2026-09-21
Kentucky,KY,Martin,$4.241,2026-09-21
Kentucky,KY,Mason,$4.225,2026-09-21
Kentucky,KY,McCracken,$3.994,2026-09-21
Kentucky,KY,McCreary,$4.189,2026-09-21
Kentucky,KY,McLean,$4.076,2026-09-21
Kentucky,KY,Meade,$4.168,2026-09-21
Kentucky,KY,Menifee,$4.179,2026-09-21
Kentucky,KY,Mercer,$4.167,2026-09-21
Kentucky,KY,Metcalfe,$4.143,2026-09-21
Kentucky,KY,Monroe,$4.056,2026-09-21
Kentucky,KY,Montgomery,$4.188,2026-09-21
Kentucky,KY,Morgan,$4.293,2026-09-21
Kentucky,KY,Muhlenberg,$4.062,2026-09-21
Kentucky,KY,Nelson,$4.181,2026-09-21
Kentucky,KY,Nicholas,$4.282,2026-09-21
Kentucky,KY,Ohio,$4.079,2026-09-21
Kentucky,KY,Oldham,$4.191,2026-09-21
Kentucky,KY,Owen,$4.266,2026-09-21
Kentucky,KY,Owsley,$4.299,2026-09-21
Kentucky,KY,Pendleton,$4.587,2026-09-21
Kentucky,KY,Perry,$4.106,2026-09-21
Kentucky,KY,Pike,$4.264,2026-09-21
Kentucky,KY,Powell,$4.201,2026-09-21
Kentucky,KY,Pulaski,$4.168,2026-09-21
Kentucky,KY,Robertson,$4.179,2026-09-21
Kentucky,KY,Rockcastle,$4.244,2026-09-21
Kentucky,KY,Rowan,$4.237,2026-09-21
Kentucky,KY,Russell,$4.199,2026-09-21
Kentucky,KY,Scott,$4.223,2026-09-21
Kentucky,KY,Shelby,$4.215,2026-09-21
Kentucky,KY,Simpson,$3.860,2026-09-21
Kentucky,KY,Spencer,$4.176,2026-09-21
Kentucky,KY,Taylor,$4.088,2026-09-21
Kentucky,KY,Todd,$4.006,2026-09-21
Kentucky,KY,Trigg,$4.044,2026-09-21
Kentucky,KY,Trimble,$4.199,2026-09-21
Kentucky,KY,Union,$4.059,2026-09-21
Kentucky,KY,Warren,$4.173,2026-09-21
Kentucky,KY,Washington,$4.166,2026-09-21
Kentucky,KY,Wayne,$4.156,2026-09-21
Kentucky,KY,Webster,$4.066,2026-09-21
Kentucky,KY,Whitley,$4.158,2026-09-21
Kentucky,KY,Wolfe,$4.207,2026-09-21
Kentucky,KY,Woodford,$4.297,2026-09-21
Louisiana,LA,Acadia,$4.030,2026-09-21
Louisiana,LA,Allen,$4.121,2026-09-21
Louisiana,LA,Ascension,$4.001,2026-09-21
Louisiana,LA,Assumption,$3.986,2026-09-21
Louisiana,LA,Avoyelles,$4.033,2026-09-21
Louisiana,LA,Beauregard,$3.948,2026-09-21
Louisiana,LA,Bienville,$4.090,2026-09-21
Louisiana,LA,Bossier,$3.940,2026-09-21
Louisiana,LA,Caddo,$4.005,2026-09-21
Louisiana,LA,Calcasieu,$3.968,2026-09-21
Louisiana,LA,Caldwell,$4.074,2026-09-21
Louisiana,LA,Cameron,$4.364,2026-09-21
Louisiana,LA,Catahoula,$4.066,2026-09-21
Louisiana,LA,Claiborne,$4.087,2026-09-21
Louisiana,LA,Concordia,$3.815,2026-09-21
Louisiana,LA,De Soto,$4.003,2026-09-21
Louisiana,LA,East Baton Rouge,$4.004,2026-09-21
Louisiana,LA,East Carroll,$4.159,2026-09-21
Louisiana,LA,East Feliciana,$4.211,2026-09-21
Louisiana,LA,Evangeline,$4.005,2026-09-21
Louisiana,LA,Franklin,$4.005,2026-09-21
Louisiana,LA,Grant,$4.088,2026-09-21
Louisiana,LA,Iberia,$3.956,2026-09-21
Louisiana,LA,Iberville,$4.056,2026-09-21
Louisiana,LA,Jackson,$4.046,2026-09-21
Louisiana,LA,Jefferson,$3.958,2026-09-21
Louisiana,LA,Jefferson Davis,$4.158,2026-09-21
Louisiana,LA,La Salle,$4.079,2026-09-21
Louisiana,LA,Lafayette,$4.005,2026-09-21
Louisiana,LA,Lafourche,$3.986,2026-09-21
Louisiana,LA,Lincoln,$3.982,2026-09-21
Louisiana,LA,Livingston,$3.984,2026-09-21
Louisiana,LA,Madison,$3.970,2026-09-21
Louisiana,LA,Morehouse,$3.979,2026-09-21
Louisiana,LA,Natchitoches,$4.016,2026-09-21
Louisiana,LA,Orleans,$3.978,2026-09-21
Louisiana,LA,Ouachita,$3.963,2026-09-21
Louisiana,LA,Plaquemines,$4.106,2026-09-21
Louisiana,LA,Pointe Coupee,$4.139,2026-09-21
Louisiana,LA,Rapides,$4.028,2026-09-21
Louisiana,LA,Red River,$4.099,2026-09-21
Louisiana,LA,Richland,$3.964,2026-09-21
Louisiana,LA,Sabine,$4.140,2026-09-21
Louisiana,LA,Saint Bernard,$3.905,2026-09-21
Louisiana,LA,Saint Charles,$4.037,2026-09-21
Louisiana,LA,Saint Helena,$4.019,2026-09-21
Louisiana,LA,Saint James,$4.101,2026-09-21
Louisiana,LA,St John the Baptist,$4.039,2026-09-21
Louisiana,LA,Saint Landry,$4.000,2026-09-21
Louisiana,LA,Saint Martin,$3.962,2026-09-21
Louisiana,LA,Saint Mary,$3.969,2026-09-21
Louisiana,LA,Saint Tammany,$3.978,2026-09-21
Louisiana,LA,Tangipahoa,$4.042,2026-09-21
Louisiana,LA,Tensas,$4.399,2026-09-21
Louisiana,LA,Terrebonne,$3.959,2026-09-21
Louisiana,LA,Union,$3.944,2026-09-21
Louisiana,LA,Vermilion,$4.047,2026-09-21
Louisiana,LA,Vernon,$4.058,2026-09-21
Louisiana,LA,Washington,$4.049,2026-09-21
Louisiana,LA,Webster,$4.156,2026-09-21
Louisiana,LA,West Baton Rouge,$3.998,2026-09-21
Louisiana,LA,West Carroll,$3.992,2026-09-21
Louisiana,LA,West Feliciana,$4.239,2026-09-21
Louisiana,LA,Winn,$4.041,2026-09-21
Maine,ME,Androscoggin,$4.467,2026-09-21
Maine,ME,Aroostook,$4.466,2026-09-21
Maine,ME,Cumberland,$4.388,2026-09-21
Maine,ME,Franklin,$4.422,2026-09-21
Maine,ME,Hancock,$4.489,2026-09-21
Maine,ME,Kennebec,$4.430,2026-09-21
Maine,ME,Knox,$4.339,2026-09-21
Maine,ME,Lincoln,$4.380,2026-09-21
Maine,ME,Oxford,$4.436,2026-09-21
Maine,ME,Penobscot,$4.445,2026-09-21
Maine,ME,Piscataquis,$4.391,2026-09-21
Maine,ME,Sagadahoc,$4.426,2026-09-21
Maine,ME,Somerset,$4.361,2026-09-21
Maine,ME,Waldo,$4.418,2026-09-21
Maine,ME,Washington,$4.496,2026-09-21
Maine,ME,York,$4.431,2026-09-21
Montana,MT,Beaverhead,$4.750,2026-09-21
Montana,MT,Big Horn,$4.409,2026-09-21
Montana,MT,Blaine,$4.555,2026-09-21
Montana,MT,Broadwater,$4.544,2026-09-21
Montana,MT,Carbon,$4.512,2026-09-21
Montana,MT,Carter,$4.699,2026-09-21
Montana,MT,Cascade,$4.538,2026-09-21
Montana,MT,Chouteau,$4.566,2026-09-21
Montana,MT,Custer,$4.276,2026-09-21
Montana,MT,Daniels,$4.899,2026-09-21
Montana,MT,Dawson,$4.339,2026-09-21
Montana,MT,Deer Lodge,$4.649,2026-09-21
Montana,MT,Fallon,$4.559,2026-09-21
Montana,MT,Fergus,$4.606,2026-09-21
Montana,MT,Flathead,$4.664,2026-09-21
Montana,MT,Gallatin,$4.700,2026-09-21
Montana,MT,Garfield,$4.319,2026-09-21
Montana,MT,Glacier,$4.790,2026-09-21
Montana,MT,Golden Valley,$4.859,2026-09-21
Montana,MT,Granite,$4.642,2026-09-21
Montana,MT,Hill,$4.636,2026-09-21
Montana,MT,Jefferson,$4.647,2026-09-21
Montana,MT,Judith Basin,$4.889,2026-09-21
Montana,MT,Lake,$4.567,2026-09-21
Montana,MT,Lewis and Clark,$4.648,2026-09-21
Montana,MT,Liberty,$4.509,2026-09-21
Montana,MT,Lincoln,$4.695,2026-09-21
Montana,MT,Madison,$4.597,2026-09-21
Montana,MT,McCone,$4.489,2026-09-21
Montana,MT,Meagher,$4.649,2026-09-21
Montana,MT,Mineral,$4.695,2026-09-21
Montana,MT,Missoula,$4.581,2026-09-21
Montana,MT,Musselshell,$4.599,2026-09-21
Montana,MT,Park,$4.782,2026-09-21
Montana,MT,Petroleum,$4.769,2026-09-21
Montana,MT,Phillips,$4.499,2026-09-21
Montana,MT,Pondera,$4.499,2026-09-21
Montana,MT,Powder River,$4.714,2026-09-21
Montana,MT,Powell,$4.667,2026-09-21
Montana,MT,Prairie,$4.369,2026-09-21
Montana,MT,Ravalli,$4.598,2026-09-21
Montana,MT,Richland,$4.246,2026-09-21
Montana,MT,Roosevelt,$4.303,2026-09-21
Montana,MT,Rosebud,$4.486,2026-09-21
Montana,MT,Sanders,$4.646,2026-09-21
Montana,MT,Sheridan,$4.379,2026-09-21
Montana,MT,Silver Bow,$4.644,2026-09-21
Montana,MT,Stillwater,$4.553,2026-09-21
Montana,MT,Sweet Grass,$4.592,2026-09-21
Montana,MT,Teton,$4.549,2026-09-21
Montana,MT,Toole,$4.532,2026-09-21
Montana,MT,Treasure,,2026-09-21
Montana,MT,Valley,$4.469,2026-09-21
Montana,MT,Wheatland,$4.899,2026-09-21
Montana,MT,Wibaux,$4.329,2026-09-21
Montana,MT,Yellowstone,$4.553,2026-09-21
Nebraska,NE,Adams,$4.185,2026-09-21
Nebraska,NE,Antelope,$4.349,2026-09-21
Nebraska,NE,Arthur,,2026-09-21
Nebraska,NE,Banner,,2026-09-21
Nebraska,NE,Blaine,$4.299,2026-09-21
Nebraska,NE,Boone,$4.199,2026-09-21
Nebraska,NE,Box Butte,$4.327,2026-09-21
Nebraska,NE,Boyd,$4.249,2026-09-21
Nebraska,NE,Brown,$4.499,2026-09-21
Nebraska,NE,Buffalo,$4.254,2026-09-21
Nebraska,NE,Burt,$4.377,2026-09-21
Nebraska,NE,Butler,$4.221,2026-09-21
Nebraska,NE,Cass,$4.334,2026-09-21
Nebraska,NE,Cedar,$4.149,2026-09-21
Nebraska,NE,Chase,,2026-09-21
Nebraska,NE,Cherry,$4.035,2026-09-21
Nebraska,NE,Cheyenne,$4.472,2026-09-21
Nebraska,NE,Clay,$4.199,2026-09-21
Nebraska,NE,Colfax,$4.192,2026-09-21
Nebraska,NE,Cuming,$4.479,2026-09-21
Nebraska,NE,Custer,$4.199,2026-09-21
Nebraska,NE,Dakota,$4.299,2026-09-21
Nebraska,NE,Dawes,$4.399,2026-09-21
Nebraska,NE,Dawson,$4.260,2026-09-21
Nebraska,NE,Deuel,$4.332,2026-09-21
Nebraska,NE,Dixon,$4.529,2026-09-21
Nebraska,NE,Dodge,$4.306,2026-09-21
Nebraska,NE,Douglas,$4.276,2026-09-21
Nebraska,NE,Dundy,$4.459,2026-09-21
Nebraska,NE,Fillmore,$4.199,2026-09-21
Nebraska,NE,Franklin,$4.449,2026-09-21
Nebraska,NE,Frontier,,2026-09-21
Nebraska,NE,Furnas,$4.229,2026-09-21
Nebraska,NE,Gage,$4.336,2026-09-21
Nebraska,NE,Garden,,2026-09-21
Nebraska,NE,Garfield,$4.299,2026-09-21
Nebraska,NE,Gosper,,2026-09-21
Nebraska,NE,Grant,$4.059,2026-09-21
Nebraska,NE,Greeley,$4.499,2026-09-21
Nebraska,NE,Hall,$4.234,2026-09-21
Nebraska,NE,Hamilton,$4.125,2026-09-21
Nebraska,NE,Harlan,$4.454,2026-09-21
Nebraska,NE,Hayes,,2026-09-21
Nebraska,NE,Hitchcock,$4.799,2026-09-21
Nebraska,NE,Holt,$4.332,2026-09-21
Nebraska,NE,Hooker,$3.989,2026-09-21
Nebraska,NE,Howard,$4.199,2026-09-21
Nebraska,NE,Jefferson,$4.199,2026-09-21
Nebraska,NE,Johnson,$4.199,2026-09-21
Nebraska,NE,Kearney,$4.332,2026-09-21
Nebraska,NE,Keith,$4.335,2026-09-21
Nebraska,NE,Keya Paha,,2026-09-21
Nebraska,NE,Kimball,$4.502,2026-09-21
Nebraska,NE,Knox,$4.242,2026-09-21
Nebraska,NE,Lancaster,$4.244,2026-09-21
Nebraska,NE,Lincoln,$4.154,2026-09-21
Nebraska,NE,Logan,$4.594,2026-09-21
Nebraska,NE,Loup,,2026-09-21
Nebraska,NE,Madison,$4.133,2026-09-21
Nebraska,NE,McPherson,,2026-09-21
Nebraska,NE,Merrick,$4.459,2026-09-21
Nebraska,NE,Morrill,$4.589,2026-09-21
Nebraska,NE,Nance,$4.199,2026-09-21
Nebraska,NE,Nemaha,$4.199,2026-09-21
Nebraska,NE,Nuckolls,$4.099,2026-09-21
Nebraska,NE,Otoe,$4.290,2026-09-21
Nebraska,NE,Pawnee,$4.199,2026-09-21
Nebraska,NE,Perkins,$4.369,2026-09-21
Nebraska,NE,Phelps,$4.186,2026-09-21
Nebraska,NE,Pierce,$4.164,2026-09-21
Nebraska,NE,Platte,$4.172,2026-09-21
Nebraska,NE,Polk,$4.199,2026-09-21
Nebraska,NE,Red Willow,$4.201,2026-09-21
Nebraska,NE,Richardson,$4.199,2026-09-21
Nebraska,NE,Rock,$4.299,2026-09-21
Nebraska,NE,Saline,$4.216,2026-09-21
Nebraska,NE,Sarpy,$4.275,2026-09-21
Nebraska,NE,Saunders,$4.399,2026-09-21
Nebraska,NE,Scotts Bluff,$4.243,2026-09-21
Nebraska,NE,Seward,$4.319,2026-09-21
Nebraska,NE,Sheridan,$4.399,2026-09-21
Nebraska,NE,Sherman,$4.099,2026-09-21
Nebraska,NE,Sioux,,2026-09-21
Nebraska,NE,Stanton,$4.199,2026-09-21
Nebraska,NE,Thayer,$4.199,2026-09-21
Nebraska,NE,Thomas,,2026-09-21
Nebraska,NE,Thurston,$3.999,2026-09-21
Nebraska,NE,Valley,$4.099,2026-09-21
Nebraska,NE,Washington,$4.257,2026-09-21
Nebraska,NE,Wayne,$4.224,2026-09-21
Nebraska,NE,Webster,$4.099,2026-09-21
Nebraska,NE,Wheeler,,2026-09-21
Nebraska,NE,York,$4.065,2026-09-21
Nevada,NV,Carson City,$5.114,2026-09-21
Nevada,NV,Churchill,$5.105,2026-09-21
Nevada,NV,Clark,$5.274,2026-09-21
Nevada,NV,Douglas,$5.281,2026-09-21
Nevada,NV,Elko,$4.939,2026-09-21
Nevada,NV,Esmeralda,$5.544,2026-09-21
Nevada,NV,Eureka,$4.862,2026-09-21
Nevada,NV,Humboldt,$5.156,2026-09-21
Nevada,NV,Lander,$5.195,2026-09-21
Nevada,NV,Lincoln,$5.179,2026-09-21
Nevada,NV,Lyon,$5.034,2026-09-21
Nevada,NV,Mineral,$5.751,2026-09-21
Nevada,NV,Nye,$5.048,2026-09-21
Nevada,NV,Pershing,$5.056,2026-09-21
Nevada,NV,Storey,$4.949,2026-09-21
Nevada,NV,Washoe,$5.713,2026-09-21
Nevada,NV,White Pine,$4.952,2026-09-21
New Hampshire,NH,Belknap,$4.396,2026-09-21
New Hampshire,NH,Carroll,$4.346,2026-09-21
New Hampshire,NH,Cheshire,$4.375,2026-09-21
New Hampshire,NH,Coos,$4.426,2026-09-21
New Hampshire,NH,Grafton,$4.355,2026-09-21
New Hampshire,NH,Hillsborough,$4.359,2026-09-21
New Hampshire,NH,Merrimack,$4.406,2026-09-21
New Hampshire,NH,Rockingham,$4.407,2026-09-21
New Hampshire,NH,Strafford,$4.427,2026-09-21
New Hampshire,NH,Sullivan,$4.314,2026-09-21
New Jersey,NJ,Atlantic,$4.425,2026-09-21
New Jersey,NJ,Bergen,$4.395,2026-09-21
New Jersey,NJ,Burlington,$4.405,2026-09-21
New Jersey,NJ,Camden,$4.404,2026-09-21
New Jersey,NJ,Cape May,$4.556,2026-09-21
New Jersey,NJ,Cumberland,$4.440,2026-09-21
New Jersey,NJ,Essex,$4.514,2026-09-21
New Jersey,NJ,Gloucester,$4.439,2026-09-21
New Jersey,NJ,Hudson,$4.429,2026-09-21
New Jersey,NJ,Hunterdon,$4.446,2026-09-21
New Jersey,NJ,Mercer,$4.374,2026-09-21
New Jersey,NJ,Middlesex,$4.425,2026-09-21
New Jersey,NJ,Monmouth,$4.424,2026-09-21
New Jersey,NJ,Morris,$4.410,2026-09-21
New Jersey,NJ,Ocean,$4.429,2026-09-21
New Jersey,NJ,Passaic,$4.431,2026-09-21
New Jersey,NJ,Salem,$4.388,2026-09-21
New Jersey,NJ,Somerset,$4.480,2026-09-21
New Jersey,NJ,Sussex,$4.370,2026-09-21
New Jersey,NJ,Union,$4.435,2026-09-21
New Jersey,NJ,Warren,$4.363,2026-09-21
New Mexico,NM,Bernalillo,$4.515,2026-09-21
New Mexico,NM,Catron,$4.904,2026-09-21
New Mexico,NM,Chaves,$4.153,2026-09-21
New Mexico,NM,Cibola,$4.464,2026-09-21
New Mexico,NM,Colfax,$4.355,2026-09-21
New Mexico,NM,Curry,$3.903,2026-09-21
New Mexico,NM,De Baca,$4.299,2026-09-21
New Mexico,NM,Dona Ana,$4.374,2026-09-21
New Mexico,NM,Eddy,$4.263,2026-09-21
New Mexico,NM,Grant,$4.537,2026-09-21
New Mexico,NM,Guadalupe,$4.468,2026-09-21
New Mexico,NM,Harding,,2026-09-21
New Mexico,NM,Hidalgo,$4.292,2026-09-21
New Mexico,NM,Lea,$4.153,2026-09-21
New Mexico,NM,Lincoln,$4.454,2026-09-21
New Mexico,NM,Los Alamos,$4.487,2026-09-21
New Mexico,NM,Luna,$4.401,2026-09-21
New Mexico,NM,McKinley,$4.468,2026-09-21
New Mexico,NM,Mora,$4.566,2026-09-21
New Mexico,NM,Otero,$4.209,2026-09-21
New Mexico,NM,Quay,$4.211,2026-09-21
New Mexico,NM,Rio Arriba,$4.497,2026-09-21
New Mexico,NM,Roosevelt,$3.982,2026-09-21
New Mexico,NM,San Juan,$4.938,2026-09-21
New Mexico,NM,San Miguel,$4.497,2026-09-21
New Mexico,NM,Sandoval,$4.495,2026-09-21
New Mexico,NM,Santa Fe,$4.538,2026-09-21
New Mexico,NM,Sierra,$4.508,2026-09-21
New Mexico,NM,Socorro,$4.399,2026-09-21
New Mexico,NM,Taos,$4.661,2026-09-21
New Mexico,NM,Torrance,$4.437,2026-09-21
New Mexico,NM,Union,$4.124,2026-09-21
New Mexico,NM,Valencia,$4.365,2026-09-21
New York,NY,Albany,$4.437,2026-09-21
New York,NY,Allegany,$4.402,2026-09-21
New York,NY,Bronx,$4.544,2026-09-21
New York,NY,Broome,$4.482,2026-09-21
New York,NY,Cattaraugus,$4.373,2026-09-21
New York,NY,Cayuga,$4.350,2026-09-21
New York,NY,Chautauqua,$4.440,2026-09-21
New York,NY,Chemung,$4.370,2026-09-21
New York,NY,Chenango,$4.466,2026-09-21
New York,NY,Clinton,$4.616,2026-09-21
New York,NY,Columbia,$4.439,2026-09-21
New York,NY,Cortland,$4.435,2026-09-21
New York,NY,Delaware,$4.487,2026-09-21
New York,NY,Dutchess,$4.486,2026-09-21
New York,NY,Erie,$4.432,2026-09-21
New York,NY,Essex,$4.770,2026-09-21
New York,NY,Franklin,$4.756,2026-09-21
New York,NY,Fulton,$4.473,2026-09-21
New York,NY,Genesee,$4.426,2026-09-21
New York,NY,Greene,$4.421,2026-09-21
New York,NY,Hamilton,$4.845,2026-09-21
New York,NY,Herkimer,$4.443,2026-09-21
New York,NY,Jefferson,$4.555,2026-09-21
New York,NY,Kings,$4.551,2026-09-21
New York,NY,Lewis,$4.618,2026-09-21
New York,NY,Livingston,$4.458,2026-09-21
New York,NY,Madison,$4.364,2026-09-21
New York,NY,Monroe,$4.423,2026-09-21
New York,NY,Montgomery,$4.418,2026-09-21
New York,NY,Nassau,$4.469,2026-09-21
New York,NY,New York,$4.921,2026-09-21
New York,NY,Niagara,$4.388,2026-09-21
New York,NY,Oneida,$4.474,2026-09-21
New York,NY,Onondaga,$4.404,2026-09-21
New York,NY,Ontario,$4.439,2026-09-21
New York,NY,Orange,$4.442,2026-09-21
New York,NY,Orleans,$4.389,2026-09-21
New York,NY,Oswego,$4.368,2026-09-21
New York,NY,Otsego,$4.494,2026-09-21
New York,NY,Putnam,$4.496,2026-09-21
New York,NY,Queens,$4.574,2026-09-21
New York,NY,Rensselaer,$4.443,2026-09-21
New York,NY,Richmond,$4.557,2026-09-21
New York,NY,Rockland,$4.652,2026-09-21
New York,NY,Saratoga,$4.457,2026-09-21
New York,NY,Schenectady,$4.409,2026-09-21
New York,NY,Schoharie,$4.434,2026-09-21
New York,NY,Schuyler,$4.421,2026-09-21
New York,NY,Seneca,$4.381,2026-09-21
New York,NY,Saint Lawrence,$4.772,2026-09-21
New York,NY,Steuben,$4.417,2026-09-21
New York,NY,Suffolk,$4.489,2026-09-21
New York,NY,Sullivan,$4.449,2026-09-21
New York,NY,Tioga,$4.426,2026-09-21
New York,NY,Tompkins,$4.437,2026-09-21
New York,NY,Ulster,$4.418,2026-09-21
New York,NY,Warren,$4.490,2026-09-21
New York,NY,Washington,$4.451,2026-09-21
New York,NY,Wayne,$4.431,2026-09-21
New York,NY,Westchester,$4.663,2026-09-21
New York,NY,Wyoming,$4.414,2026-09-21
New York,NY,Yates,$4.399,2026-09-21
North Carolina,NC,Alamance,$4.143,2026-09-21
North Carolina,NC,Alexander,$4.106,2026-09-21
North Carolina,NC,Alleghany,$4.129,2026-09-21
North Carolina,NC,Anson,$4.170,2026-09-21
North Carolina,NC,Ashe,$4.036,2026-09-21
North Carolina,NC,Avery,$4.239,2026-09-21
North Carolina,NC,Beaufort,$4.149,2026-09-21
North Carolina,NC,Bertie,$4.237,2026-09-21
North Carolina,NC,Bladen,$4.027,2026-09-21
North Carolina,NC,Brunswick,$4.032,2026-09-21
North Carolina,NC,Buncombe,$4.178,2026-09-21
North Carolina,NC,Burke,$4.117,2026-09-21
North Carolina,NC,Cabarrus,$4.199,2026-09-21
North Carolina,NC,Caldwell,$4.098,2026-09-21
North Carolina,NC,Camden,$4.154,2026-09-21
North Carolina,NC,Carteret,$4.132,2026-09-21
North Carolina,NC,Caswell,$4.208,2026-09-21
North Carolina,NC,Catawba,$4.070,2026-09-21
North Carolina,NC,Chatham,$4.199,2026-09-21
North Carolina,NC,Cherokee,$4.160,2026-09-21
North Carolina,NC,Chowan,$4.189,2026-09-21
North Carolina,NC,Clay,$4.032,2026-09-21
North Carolina,NC,Cleveland,$4.143,2026-09-21
North Carolina,NC,Columbus,$4.049,2026-09-21
North Carolina,NC,Craven,$4.162,2026-09-21
North Carolina,NC,Cumberland,$4.057,2026-09-21
North Carolina,NC,Currituck,$4.220,2026-09-21
North Carolina,NC,Dare,$4.243,2026-09-21
North Carolina,NC,Davidson,$4.079,2026-09-21
North Carolina,NC,Davie,$4.175,2026-09-21
North Carolina,NC,Duplin,$4.091,2026-09-21
North Carolina,NC,Durham,$4.171,2026-09-21
North Carolina,NC,Edgecombe,$4.101,2026-09-21
North Carolina,NC,Forsyth,$4.123,2026-09-21
North Carolina,NC,Franklin,$4.137,2026-09-21
North Carolina,NC,Gaston,$4.214,2026-09-21
North Carolina,NC,Gates,$4.176,2026-09-21
North Carolina,NC,Graham,$4.239,2026-09-21
North Carolina,NC,Granville,$4.203,2026-09-21
North Carolina,NC,Greene,$4.075,2026-09-21
North Carolina,NC,Guilford,$4.129,2026-09-21
North Carolina,NC,Halifax,$4.130,2026-09-21
North Carolina,NC,Harnett,$4.090,2026-09-21
North Carolina,NC,Haywood,$4.210,2026-09-21
North Carolina,NC,Henderson,$4.124,2026-09-21
North Carolina,NC,Hertford,$4.166,2026-09-21
North Carolina,NC,Hoke,$4.128,2026-09-21
North Carolina,NC,Hyde,$4.299,2026-09-21
North Carolina,NC,Iredell,$4.183,2026-09-21
North Carolina,NC,Jackson,$4.226,2026-09-21
North Carolina,NC,Johnston,$4.098,2026-09-21
North Carolina,NC,Jones,$4.199,2026-09-21
North Carolina,NC,Lee,$4.079,2026-09-21
North Carolina,NC,Lenoir,$4.138,2026-09-21
North Carolina,NC,Lincoln,$4.118,2026-09-21
North Carolina,NC,Macon,$4.223,2026-09-21
North Carolina,NC,Madison,$4.180,2026-09-21
North Carolina,NC,Martin,$4.123,2026-09-21
North Carolina,NC,McDowell,$4.120,2026-09-21
North Carolina,NC,Mecklenburg,$4.229,2026-09-21
North Carolina,NC,Mitchell,$4.182,2026-09-21
North Carolina,NC,Montgomery,$4.139,2026-09-21
North Carolina,NC,Moore,$4.099,2026-09-21
North Carolina,NC,Nash,$4.101,2026-09-21
North Carolina,NC,New Hanover,$4.098,2026-09-21
North Carolina,NC,Northampton,$4.177,2026-09-21
North Carolina,NC,Onslow,$4.100,2026-09-21
North Carolina,NC,Orange,$4.201,2026-09-21
North Carolina,NC,Pamlico,$4.187,2026-09-21
North Carolina,NC,Pasquotank,$4.135,2026-09-21
North Carolina,NC,Pender,$4.121,2026-09-21
North Carolina,NC,Perquimans,$4.167,2026-09-21
North Carolina,NC,Person,$4.191,2026-09-21
North Carolina,NC,Pitt,$4.070,2026-09-21
North Carolina,NC,Polk,$4.268,2026-09-21
North Carolina,NC,Randolph,$4.155,2026-09-21
North Carolina,NC,Richmond,$4.141,2026-09-21
North Carolina,NC,Robeson,$4.074,2026-09-21
North Carolina,NC,Rockingham,$4.127,2026-09-21
North Carolina,NC,Rowan,$4.166,2026-09-21
North Carolina,NC,Rutherford,$4.176,2026-09-21
North Carolina,NC,Sampson,$4.034,2026-09-21
North Carolina,NC,Scotland,$4.108,2026-09-21
North Carolina,NC,Stanly,$4.146,2026-09-21
North Carolina,NC,Stokes,$4.140,2026-09-21
North Carolina,NC,Surry,$4.048,2026-09-21
North Carolina,NC,Swain,$4.192,2026-09-21
North Carolina,NC,Transylvania,$4.238,2026-09-21
North Carolina,NC,Tyrrell,$4.207,2026-09-21
North Carolina,NC,Union,$4.159,2026-09-21
North Carolina,NC,Vance,$4.184,2026-09-21
North Carolina,NC,Wake,$4.140,2026-09-21
North Carolina,NC,Warren,$4.185,2026-09-21
North Carolina,NC,Washington,$4.199,2026-09-21
North Carolina,NC,Watauga,$4.198,2026-09-21
North Carolina,NC,Wayne,$4.035,2026-09-21
North Carolina,NC,Wilkes,$4.156,2026-09-21
North Carolina,NC,Wilson,$4.115,2026-09-21
North Carolina,NC,Yadkin,$4.093,2026-09-21
North Carolina,NC,Yancey,$4.129,2026-09-21
North Dakota,ND,Adams,$4.349,2026-09-21
North Dakota,ND,Barnes,$4.268,2026-09-21
North Dakota,ND,Benson,$4.236,2026-09-21
North Dakota,ND,Billings,$4.099,2026-09-21
North Dakota,ND,Bottineau,$4.324,2026-09-21
North Dakota,ND,Bowman,$4.407,2026-09-21
North Dakota,ND,Burke,$4.349,2026-09-21
North Dakota,ND,Burleigh,$4.280,2026-09-21
North Dakota,ND,Cass,$4.010,2026-09-21
North Dakota,ND,Cavalier,$4.199,2026-09-21
North Dakota,ND,Dickey,$4.349,2026-09-21
North Dakota,ND,Divide,$4.199,2026-09-21
North Dakota,ND,Dunn,$4.579,2026-09-21
North Dakota,ND,Eddy,$4.249,2026-09-21
North Dakota,ND,Emmons,$4.274,2026-09-21
North Dakota,ND,Foster,$4.299,2026-09-21
North Dakota,ND,Golden Valley,$4.239,2026-09-21
North Dakota,ND,Grand Forks,$4.240,2026-09-21
North Dakota,ND,Grant,,2026-09-21
North Dakota,ND,Griggs,$4.349,2026-09-21
North Dakota,ND,Hettinger,$4.266,2026-09-21
North Dakota,ND,Kidder,$4.279,2026-09-21
North Dakota,ND,LaMoure,$4.282,2026-09-21
North Dakota,ND,Logan,$4.299,2026-09-21
North Dakota,ND,McHenry,$4.299,2026-09-21
North Dakota,ND,McIntosh,$4.299,2026-09-21
North Dakota,ND,McKenzie,$4.385,2026-09-21
North Dakota,ND,McLean,$4.318,2026-09-21
North Dakota,ND,Mercer,$4.274,2026-09-21
North Dakota,ND,Morton,$4.234,2026-09-21
North Dakota,ND,Mountrail,$4.307,2026-09-21
North Dakota,ND,Nelson,$4.199,2026-09-21
North Dakota,ND,Oliver,$4.199,2026-09-21
North Dakota,ND,Pembina,$4.142,2026-09-21
North Dakota,ND,Pierce,$4.349,2026-09-21
North Dakota,ND,Ramsey,$4.223,2026-09-21
North Dakota,ND,Ransom,$4.314,2026-09-21
North Dakota,ND,Renville,$4.299,2026-09-21
North Dakota,ND,Richland,$4.191,2026-09-21
North Dakota,ND,Rolette,$4.324,2026-09-21
North Dakota,ND,Sargent,$4.174,2026-09-21
North Dakota,ND,Sheridan,$4.099,2026-09-21
North Dakota,ND,Sioux,$4.399,2026-09-21
North Dakota,ND,Slope,,2026-09-21
North Dakota,ND,Stark,$4.326,2026-09-21
North Dakota,ND,Steele,$4.199,2026-09-21
North Dakota,ND,Stutsman,$4.271,2026-09-21
North Dakota,ND,Towner,$4.189,2026-09-21
North Dakota,ND,Traill,$4.189,2026-09-21
North Dakota,ND,Walsh,$4.199,2026-09-21
North Dakota,ND,Ward,$4.305,2026-09-21
North Dakota,ND,Wells,$4.287,2026-09-21
North Dakota,ND,Williams,$4.332,2026-09-21
Ohio,OH,Adams,$4.597,2026-09-21
Ohio,OH,Allen,$4.465,2026-09-21
Ohio,OH,Ashland,$4.533,2026-09-21
Ohio,OH,Ashtabula,$4.535,2026-09-21
Ohio,OH,Athens,$4.567,2026-09-21
Ohio,OH,Auglaize,$4.510,2026-09-21
Ohio,OH,Belmont,$4.531,2026-09-21
Ohio,OH,Brown,$4.558,2026-09-21
Ohio,OH,Butler,$4.408,2026-09-21
Ohio,OH,Carroll,$4.653,2026-09-21
Ohio,OH,Champaign,$4.510,2026-09-21
Ohio,OH,Clark,$4.480,2026-09-21
Ohio,OH,Clermont,$4.474,2026-09-21
Ohio,OH,Clinton,$4.549,2026-09-21
Ohio,OH,Columbiana,$4.484,2026-09-21
Ohio,OH,Coshocton,$4.542,2026-09-21
Ohio,OH,Crawford,$4.548,2026-09-21
Ohio,OH,Cuyahoga,$4.598,2026-09-21
Ohio,OH,Darke,$4.459,2026-09-21
Ohio,OH,Defiance,$4.436,2026-09-21
Ohio,OH,Delaware,$4.536,2026-09-21
Ohio,OH,Erie,$4.565,2026-09-21
Ohio,OH,Fairfield,$4.518,2026-09-21
Ohio,OH,Fayette,$4.516,2026-09-21
Ohio,OH,Franklin,$4.522,2026-09-21
Ohio,OH,Fulton,$4.532,2026-09-21
Ohio,OH,Gallia,$4.515,2026-09-21
Ohio,OH,Geauga,$4.578,2026-09-21
Ohio,OH,Greene,$4.494,2026-09-21
Ohio,OH,Guernsey,$4.550,2026-09-21
Ohio,OH,Hamilton,$4.509,2026-09-21
Ohio,OH,Hancock,$4.512,2026-09-21
Ohio,OH,Hardin,$4.469,2026-09-21
Ohio,OH,Harrison,$4.532,2026-09-21
Ohio,OH,Henry,$4.484,2026-09-21
Ohio,OH,Highland,$4.553,2026-09-21
Ohio,OH,Hocking,$4.550,2026-09-21
Ohio,OH,Holmes,$4.564,2026-09-21
Ohio,OH,Huron,$4.583,2026-09-21
Ohio,OH,Jackson,$4.525,2026-09-21
Ohio,OH,Jefferson,$4.596,2026-09-21
Ohio,OH,Knox,$4.513,2026-09-21
Ohio,OH,Lake,$4.508,2026-09-21
Ohio,OH,Lawrence,$4.499,2026-09-21
Ohio,OH,Licking,$4.571,2026-09-21
Ohio,OH,Logan,$4.462,2026-09-21
Ohio,OH,Lorain,$4.483,2026-09-21
Ohio,OH,Lucas,$4.513,2026-09-21
Ohio,OH,Madison,$4.626,2026-09-21
Ohio,OH,Mahoning,$4.494,2026-09-21
Ohio,OH,Marion,$4.522,2026-09-21
Ohio,OH,Medina,$4.548,2026-09-21
Ohio,OH,Meigs,$4.372,2026-09-21
Ohio,OH,Mercer,$4.497,2026-09-21
Ohio,OH,Miami,$4.525,2026-09-21
Ohio,OH,Monroe,$4.609,2026-09-21
Ohio,OH,Montgomery,$4.471,2026-09-21
Ohio,OH,Morgan,$4.551,2026-09-21
Ohio,OH,Morrow,$4.598,2026-09-21
Ohio,OH,Muskingum,$4.440,2026-09-21
Ohio,OH,Noble,$4.539,2026-09-21
Ohio,OH,Ottawa,$4.575,2026-09-21
Ohio,OH,Paulding,$4.569,2026-09-21
Ohio,OH,Perry,$4.514,2026-09-21
Ohio,OH,Pickaway,$4.583,2026-09-21
Ohio,OH,Pike,$4.570,2026-09-21
Ohio,OH,Portage,$4.522,2026-09-21
Ohio,OH,Preble,$4.348,2026-09-21
Ohio,OH,Putnam,$4.539,2026-09-21
Ohio,OH,Richland,$4.497,2026-09-21
Ohio,OH,Ross,$4.549,2026-09-21
Ohio,OH,Sandusky,$4.547,2026-09-21
Ohio,OH,Scioto,$4.418,2026-09-21
Ohio,OH,Seneca,$4.510,2026-09-21
Ohio,OH,Shelby,$4.477,2026-09-21
Ohio,OH,Stark,$4.536,2026-09-21
Ohio,OH,Summit,$4.483,2026-09-21
Ohio,OH,Trumbull,$4.497,2026-09-21
Ohio,OH,Tuscarawas,$4.532,2026-09-21
Ohio,OH,Union,$4.614,2026-09-21
Ohio,OH,Van Wert,$4.497,2026-09-21
Ohio,OH,Vinton,$4.516,2026-09-21
Ohio,OH,Warren,$4.415,2026-09-21
Ohio,OH,Washington,$4.506,2026-09-21
Ohio,OH,Wayne,$4.540,2026-09-21
Ohio,OH,Williams,$4.510,2026-09-21
Ohio,OH,Wood,$4.516,2026-09-21
Ohio,OH,Wyandot,$4.582,2026-09-21
Oklahoma,OK,Adair,$3.906,2026-09-21
Oklahoma,OK,Alfalfa,$4.136,2026-09-21
Oklahoma,OK,Atoka,$3.971,2026-09-21
Oklahoma,OK,Beaver,$4.166,2026-09-21
Oklahoma,OK,Beckham,$3.994,2026-09-21
Oklahoma,OK,Blaine,$4.116,2026-09-21
Oklahoma,OK,Bryan,$3.944,2026-09-21
Oklahoma,OK,Caddo,$4.131,2026-09-21
Oklahoma,OK,Canadian,$3.979,2026-09-21
Oklahoma,OK,Carter,$4.164,2026-09-21
Oklahoma,OK,Cherokee,$4.040,2026-09-21
Oklahoma,OK,Choctaw,$3.978,2026-09-21
Oklahoma,OK,Cimarron,$4.109,2026-09-21
Oklahoma,OK,Cleveland,$4.007,2026-09-21
Oklahoma,OK,Coal,$4.554,2026-09-21
Oklahoma,OK,Comanche,$3.957,2026-09-21
Oklahoma,OK,Cotton,$4.071,2026-09-21
Oklahoma,OK,Craig,$3.987,2026-09-21
Oklahoma,OK,Creek,$3.973,2026-09-21
Oklahoma,OK,Custer,$4.133,2026-09-21
Oklahoma,OK,Delaware,$4.089,2026-09-21
Oklahoma,OK,Dewey,$4.521,2026-09-21
Oklahoma,OK,Ellis,$4.477,2026-09-21
Oklahoma,OK,Garfield,$4.118,2026-09-21
Oklahoma,OK,Garvin,$4.162,2026-09-21
Oklahoma,OK,Grady,$4.160,2026-09-21
Oklahoma,OK,Grant,$4.124,2026-09-21
Oklahoma,OK,Greer,$3.999,2026-09-21
Oklahoma,OK,Harmon,$3.999,2026-09-21
Oklahoma,OK,Harper,$4.147,2026-09-21
Oklahoma,OK,Haskell,$4.043,2026-09-21
Oklahoma,OK,Hughes,$4.299,2026-09-21
Oklahoma,OK,Jackson,$4.060,2026-09-21
Oklahoma,OK,Jefferson,$3.975,2026-09-21
Oklahoma,OK,Johnston,$4.018,2026-09-21
Oklahoma,OK,Kay,$4.021,2026-09-21
Oklahoma,OK,Kingfisher,$4.232,2026-09-21
Oklahoma,OK,Kiowa,$4.137,2026-09-21
Oklahoma,OK,Latimer,$4.112,2026-09-21
Oklahoma,OK,Le Flore,$4.004,2026-09-21
Oklahoma,OK,Lincoln,$4.230,2026-09-21
Oklahoma,OK,Logan,$4.290,2026-09-21
Oklahoma,OK,Love,$4.179,2026-09-21
Oklahoma,OK,Major,$4.070,2026-09-21
Oklahoma,OK,Marshall,$4.181,2026-09-21
Oklahoma,OK,Mayes,$4.032,2026-09-21
Oklahoma,OK,McClain,$4.311,2026-09-21
Oklahoma,OK,McCurtain,$4.118,2026-09-21
Oklahoma,OK,McIntosh,$4.102,2026-09-21
Oklahoma,OK,Murray,$4.130,2026-09-21
Oklahoma,OK,Muskogee,$3.996,2026-09-21
Oklahoma,OK,Noble,$4.192,2026-09-21
Oklahoma,OK,Nowata,$3.979,2026-09-21
Oklahoma,OK,Okfuskee,$4.134,2026-09-21
Oklahoma,OK,Oklahoma,$3.994,2026-09-21
Oklahoma,OK,Okmulgee,$3.978,2026-09-21
Oklahoma,OK,Osage,$4.078,2026-09-21
Oklahoma,OK,Ottawa,$3.971,2026-09-21
Oklahoma,OK,Pawnee,$4.035,2026-09-21
Oklahoma,OK,Payne,$4.047,2026-09-21
Oklahoma,OK,Pittsburg,$3.971,2026-09-21
Oklahoma,OK,Pontotoc,$4.014,2026-09-21
Oklahoma,OK,Pottawatomie,$4.076,2026-09-21
Oklahoma,OK,Pushmataha,$4.122,2026-09-21
Oklahoma,OK,Roger Mills,$4.404,2026-09-21
Oklahoma,OK,Rogers,$4.008,2026-09-21
Oklahoma,OK,Seminole,$4.029,2026-09-21
Oklahoma,OK,Sequoyah,$4.034,2026-09-21
Oklahoma,OK,Stephens,$4.020,2026-09-21
Oklahoma,OK,Texas,$3.939,2026-09-21
Oklahoma,OK,Tillman,$3.924,2026-09-21
Oklahoma,OK,Tulsa,$3.980,2026-09-21
Oklahoma,OK,Wagoner,$4.007,2026-09-21
Oklahoma,OK,Washington,$4.032,2026-09-21
Oklahoma,OK,Washita,$4.037,2026-09-21
Oklahoma,OK,Woods,$4.090,2026-09-21
Oklahoma,OK,Woodward,$3.998,2026-09-21
Oregon,OR,Baker,$5.006,2026-09-21
Oregon,OR,Benton,$4.885,2026-09-21
Oregon,OR,Clackamas,$5.102,2026-09-21
Oregon,OR,Clatsop,$5.256,2026-09-21
Oregon,OR,Columbia,$5.168,2026-09-21
Oregon,OR,Coos,$5.105,2026-09-21
Oregon,OR,Crook,$5.185,2026-09-21
Oregon,OR,Curry,$5.317,2026-09-21
Oregon,OR,Deschutes,$4.989,2026-09-21
Oregon,OR,Douglas,$5.115,2026-09-21
Oregon,OR,Gilliam,$4.949,2026-09-21
Oregon,OR,Grant,$5.197,2026-09-21
Oregon,OR,Harney,$5.196,2026-09-21
Oregon,OR,Hood River,$5.149,2026-09-21
Oregon,OR,Jackson,$5.116,2026-09-21
Oregon,OR,Jefferson,$4.984,2026-09-21
Oregon,OR,Josephine,$5.208,2026-09-21
Oregon,OR,Klamath,$5.021,2026-09-21
Oregon,OR,Lake,$5.124,2026-09-21
Oregon,OR,Lane,$5.137,2026-09-21
Oregon,OR,Lincoln,$4.940,2026-09-21
Oregon,OR,Linn,$4.993,2026-09-21
Oregon,OR,Malheur,$5.143,2026-09-21
Oregon,OR,Marion,$4.902,2026-09-21
Oregon,OR,Morrow,$4.923,2026-09-21
Oregon,OR,Multnomah,$5.173,2026-09-21
Oregon,OR,Polk,$4.900,2026-09-21
Oregon,OR,Sherman,$4.890,2026-09-21
Oregon,OR,Tillamook,$5.374,2026-09-21
Oregon,OR,Umatilla,$5.130,2026-09-21
Oregon,OR,Union,$5.306,2026-09-21
Oregon,OR,Wallowa,$5.412,2026-09-21
Oregon,OR,Wasco,$5.193,2026-09-21
Oregon,OR,Washington,$5.104,2026-09-21
Oregon,OR,Wheeler,,2026-09-21
Oregon,OR,Yamhill,$5.118,2026-09-21
Maryland,MD,Allegany,$4.538,2026-09-21
Maryland,MD,Anne Arundel,$4.207,2026-09-21
Maryland,MD,Baltimore City,$4.189,2026-09-21
Maryland,MD,Baltimore,$4.188,2026-09-21
Maryland,MD,Calvert,$4.165,2026-09-21
Maryland,MD,Cecil,$4.187,2026-09-21
Maryland,MD,Charles,$4.185,2026-09-21
Maryland,MD,Carroll,$4.134,2026-09-21
Maryland,MD,Caroline,$4.211,2026-09-21
Maryland,MD,Dorchester,$4.200,2026-09-21
Maryland,MD,Frederick,$4.197,2026-09-21
Maryland,MD,Garrett,$4.552,2026-09-21
Maryland,MD,Harford,$4.195,2026-09-21
Maryland,MD,Howard,$4.267,2026-09-21
Maryland,MD,Kent,$4.256,2026-09-21
Maryland,MD,Montgomery,$4.301,2026-09-21
Maryland,MD,Prince Georges,$4.235,2026-09-21
Maryland,MD,Queen Annes,$4.199,2026-09-21
Maryland,MD,Saint Marys,$4.164,2026-09-21
Maryland,MD,Somerset,$4.283,2026-09-21
Maryland,MD,Talbot,$4.226,2026-09-21
Maryland,MD,Washington,$4.177,2026-09-21
Maryland,MD,Wicomico,$4.205,2026-09-21
Maryland,MD,Worcester,$4.213,2026-09-21
Massachusetts,MA,Barnstable,$4.412,2026-09-21
Massachusetts,MA,Berkshire,$4.406,2026-09-21
Massachusetts,MA,Bristol,$4.293,2026-09-21
Massachusetts,MA,Dukes,$5.456,2026-09-21
Massachusetts,MA,Essex,$4.448,2026-09-21
Massachusetts,MA,Franklin,$4.365,2026-09-21
Massachusetts,MA,Hampden,$4.299,2026-09-21
Massachusetts,MA,Hampshire,$4.354,2026-09-21
Massachusetts,MA,Middlesex,$4.459,2026-09-21
Massachusetts,MA,Nantucket,$5.794,2026-09-21
Massachusetts,MA,Norfolk,$4.421,2026-09-21
Massachusetts,MA,Plymouth,$4.367,2026-09-21
Massachusetts,MA,Suffolk,$4.560,2026-09-21
Massachusetts,MA,Worcester,$4.402,2026-09-21
Michigan,MI,Alcona,$4.971,2026-09-21
Michigan,MI,Alger,$4.825,2026-09-21
Michigan,MI,Allegan,$4.934,2026-09-21
Michigan,MI,Alpena,$4.925,2026-09-21
Michigan,MI,Antrim,$4.972,2026-09-21
Michigan,MI,Arenac,$5.006,2026-09-21
Michigan,MI,Baraga,$4.664,2026-09-21
Michigan,MI,Barry,$4.990,2026-09-21
Michigan,MI,Bay,$4.931,2026-09-21
Michigan,MI,Benzie,$4.989,2026-09-21
Michigan,MI,Berrien,$4.918,2026-09-21
Michigan,MI,Branch,$4.927,2026-09-21
Michigan,MI,Calhoun,$4.897,2026-09-21
Michigan,MI,Cass,$4.932,2026-09-21
Michigan,MI,Charlevoix,$4.968,2026-09-21
Michigan,MI,Cheboygan,$4.986,2026-09-21
Michigan,MI,Chippewa,$4.980,2026-09-21
Michigan,MI,Clare,$4.930,2026-09-21
Michigan,MI,Clinton,$4.923,2026-09-21
Michigan,MI,Crawford,$4.980,2026-09-21
Michigan,MI,Delta,$4.768,2026-09-21
Michigan,MI,Dickinson,$4.672,2026-09-21
Michigan,MI,Eaton,$4.909,2026-09-21
Michigan,MI,Emmet,$4.983,2026-09-21
Michigan,MI,Genesee,$4.874,2026-09-21
Michigan,MI,Gladwin,$4.948,2026-09-21
Michigan,MI,Gogebic,$4.737,2026-09-21
Michigan,MI,Grand Traverse,$4.860,2026-09-21
Michigan,MI,Gratiot,$4.941,2026-09-21
Michigan,MI,Hillsdale,$4.899,2026-09-21
Michigan,MI,Houghton,$4.735,2026-09-21
Michigan,MI,Huron,$4.970,2026-09-21
Michigan,MI,Ingham,$4.939,2026-09-21
Michigan,MI,Ionia,$4.879,2026-09-21
Michigan,MI,Iosco,$4.954,2026-09-21
Michigan,MI,Iron,$4.737,2026-09-21
Michigan,MI,Isabella,$4.907,2026-09-21
Michigan,MI,Jackson,$4.937,2026-09-21
Michigan,MI,Kalamazoo,$4.942,2026-09-21
Michigan,MI,Kalkaska,$4.958,2026-09-21
Michigan,MI,Kent,$4.909,2026-09-21
Michigan,MI,Keweenaw,$4.849,2026-09-21
Michigan,MI,Lake,$4.990,2026-09-21
Michigan,MI,Lapeer,$4.900,2026-09-21
Michigan,MI,Leelanau,$4.980,2026-09-21
Michigan,MI,Lenawee,$4.906,2026-09-21
Michigan,MI,Livingston,$4.990,2026-09-21
Michigan,MI,Luce,$4.913,2026-09-21
Michigan,MI,Mackinac,$4.898,2026-09-21
Michigan,MI,Macomb,$4.910,2026-09-21
Michigan,MI,Manistee,$4.985,2026-09-21
Michigan,MI,Marquette,$4.768,2026-09-21
Michigan,MI,Mason,$4.924,2026-09-21
Michigan,MI,Mecosta,$4.970,2026-09-21
Michigan,MI,Menominee,$4.750,2026-09-21
Michigan,MI,Midland,$4.912,2026-09-21
Michigan,MI,Missaukee,$4.960,2026-09-21
Michigan,MI,Monroe,$4.838,2026-09-21
Michigan,MI,Montcalm,$4.896,2026-09-21
Michigan,MI,Montmorency,$4.858,2026-09-21
Michigan,MI,Muskegon,$4.901,2026-09-21
Michigan,MI,Newaygo,$4.911,2026-09-21
Michigan,MI,Oakland,$4.945,2026-09-21
Michigan,MI,Oceana,$4.970,2026-09-21
Michigan,MI,Ogemaw,$4.926,2026-09-21
Michigan,MI,Ontonagon,$4.953,2026-09-21
Michigan,MI,Osceola,$4.981,2026-09-21
Michigan,MI,Oscoda,$4.961,2026-09-21
Michigan,MI,Otsego,$4.906,2026-09-21
Michigan,MI,Ottawa,$4.924,2026-09-21
Michigan,MI,Presque Isle,$4.986,2026-09-21
Michigan,MI,Roscommon,$4.924,2026-09-21
Michigan,MI,Saginaw,$4.897,2026-09-21
Michigan,MI,Sanilac,$4.967,2026-09-21
Michigan,MI,Schoolcraft,$4.800,2026-09-21
Michigan,MI,Shiawassee,$4.927,2026-09-21
Michigan,MI,Saint Clair,$4.951,2026-09-21
Michigan,MI,Saint Joseph,$4.950,2026-09-21
Michigan,MI,Tuscola,$4.898,2026-09-21
Michigan,MI,Van Buren,$4.928,2026-09-21
Michigan,MI,Washtenaw,$4.953,2026-09-21
Michigan,MI,Wayne,$4.899,2026-09-21
Michigan,MI,Wexford,$4.899,2026-09-21
Minnesota,MN,Aitkin,$4.281,2026-09-21
Minnesota,MN,Anoka,$4.418,2026-09-21
Minnesota,MN,Becker,$4.430,2026-09-21
Minnesota,MN,Beltrami,$4.302,2026-09-21
Minnesota,MN,Benton,$4.383,2026-09-21
Minnesota,MN,Big Stone,$4.269,2026-09-21
Minnesota,MN,Blue Earth,$4.404,2026-09-21
Minnesota,MN,Brown,$4.472,2026-09-21
Minnesota,MN,Carlton,$4.430,2026-09-21
Minnesota,MN,Carver,$4.451,2026-09-21
Minnesota,MN,Cass,$4.304,2026-09-21
Minnesota,MN,Chippewa,$4.447,2026-09-21
Minnesota,MN,Chisago,$4.461,2026-09-21
Minnesota,MN,Clay,$4.048,2026-09-21
Minnesota,MN,Clearwater,$4.346,2026-09-21
Minnesota,MN,Cook,$4.487,2026-09-21
Minnesota,MN,Cottonwood,$4.499,2026-09-21
Minnesota,MN,Crow Wing,$4.313,2026-09-21
Minnesota,MN,Dakota,$4.454,2026-09-21
Minnesota,MN,Dodge,$4.499,2026-09-21
Minnesota,MN,Douglas,$4.294,2026-09-21
Minnesota,MN,Faribault,$4.419,2026-09-21
Minnesota,MN,Fillmore,$4.434,2026-09-21
Minnesota,MN,Freeborn,$4.384,2026-09-21
Minnesota,MN,Goodhue,$4.430,2026-09-21
Minnesota,MN,Grant,$4.239,2026-09-21
Minnesota,MN,Hennepin,$4.438,2026-09-21
Minnesota,MN,Houston,$4.377,2026-09-21
Minnesota,MN,Hubbard,$4.307,2026-09-21
Minnesota,MN,Isanti,$4.344,2026-09-21
Minnesota,MN,Itasca,$4.281,2026-09-21
Minnesota,MN,Jackson,$4.428,2026-09-21
Minnesota,MN,Kanabec,$4.398,2026-09-21
Minnesota,MN,Kandiyohi,$4.404,2026-09-21
Minnesota,MN,Kittson,$4.239,2026-09-21
Minnesota,MN,Koochiching,$4.227,2026-09-21
Minnesota,MN,Lac Qui Parle,$4.479,2026-09-21
Minnesota,MN,Lake,$4.515,2026-09-21
Minnesota,MN,Lake of the Woods,$4.216,2026-09-21
Minnesota,MN,Le Sueur,$4.434,2026-09-21
Minnesota,MN,Lincoln,$4.299,2026-09-21
Minnesota,MN,Lyon,$4.480,2026-09-21
Minnesota,MN,Mahnomen,$4.399,2026-09-21
Minnesota,MN,Marshall,$4.228,2026-09-21
Minnesota,MN,Martin,$4.367,2026-09-21
Minnesota,MN,McLeod,$4.322,2026-09-21
Minnesota,MN,Meeker,$4.450,2026-09-21
Minnesota,MN,Mille Lacs,$4.391,2026-09-21
Minnesota,MN,Morrison,$4.354,2026-09-21
Minnesota,MN,Mower,$4.385,2026-09-21
Minnesota,MN,Murray,$4.379,2026-09-21
Minnesota,MN,Nicollet,$4.441,2026-09-21
Minnesota,MN,Nobles,$4.377,2026-09-21
Minnesota,MN,Norman,$4.229,2026-09-21
Minnesota,MN,Olmsted,$4.471,2026-09-21
Minnesota,MN,Otter Tail,$4.325,2026-09-21
Minnesota,MN,Pennington,$4.287,2026-09-21
Minnesota,MN,Pine,$4.368,2026-09-21
Minnesota,MN,Pipestone,$4.193,2026-09-21
Minnesota,MN,Polk,$4.372,2026-09-21
Minnesota,MN,Pope,$4.262,2026-09-21
Minnesota,MN,Ramsey,$4.453,2026-09-21
Minnesota,MN,Red Lake,$4.299,2026-09-21
Minnesota,MN,Redwood,$4.358,2026-09-21
Minnesota,MN,Renville,$4.490,2026-09-21
Minnesota,MN,Rice,$4.379,2026-09-21
Minnesota,MN,Rock,$4.316,2026-09-21
Minnesota,MN,Roseau,$4.283,2026-09-21
Minnesota,MN,Scott,$4.446,2026-09-21
Minnesota,MN,Sherburne,$4.404,2026-09-21
Minnesota,MN,Sibley,$4.449,2026-09-21
Minnesota,MN,Saint Louis,$4.310,2026-09-21
Minnesota,MN,Stearns,$4.337,2026-09-21
Minnesota,MN,Steele,$4.364,2026-09-21
Minnesota,MN,Stevens,$4.348,2026-09-21
Minnesota,MN,Swift,$4.384,2026-09-21
Minnesota,MN,Todd,$4.353,2026-09-21
Minnesota,MN,Traverse,$4.449,2026-09-21
Minnesota,MN,Wabasha,$4.332,2026-09-21
Minnesota,MN,Wadena,$4.379,2026-09-21
Minnesota,MN,Waseca,$4.457,2026-09-21
Minnesota,MN,Washington,$4.417,2026-09-21
Minnesota,MN,Watonwan,$4.499,2026-09-21
Minnesota,MN,Wilkin,$4.216,2026-09-21
Minnesota,MN,Winona,$4.286,2026-09-21
Minnesota,MN,Wright,$4.387,2026-09-21
Minnesota,MN,Yellow Medicine,$4.459,2026-09-21
Mississippi,MS,Adams,$3.988,2026-09-21
Mississippi,MS,Alcorn,$3.889,2026-09-21
Mississippi,MS,Amite,$3.994,2026-09-21
Mississippi,MS,Attala,$4.037,2026-09-21
Mississippi,MS,Benton,$3.966,2026-09-21
Mississippi,MS,Bolivar,$3.947,2026-09-21
Mississippi,MS,Calhoun,$3.979,2026-09-21
Mississippi,MS,Carroll,$4.099,2026-09-21
Mississippi,MS,Chickasaw,$3.971,2026-09-21
Mississippi,MS,Choctaw,$3.999,2026-09-21
Mississippi,MS,Claiborne,$4.152,2026-09-21
Mississippi,MS,Clarke,$4.089,2026-09-21
Mississippi,MS,Clay,$3.926,2026-09-21
Mississippi,MS,Coahoma,$4.087,2026-09-21
Mississippi,MS,Copiah,$4.017,2026-09-21
Mississippi,MS,Covington,$3.841,2026-09-21
Mississippi,MS,De Soto,$4.016,2026-09-21
Mississippi,MS,Forrest,$3.882,2026-09-21
Mississippi,MS,Franklin,$4.027,2026-09-21
Mississippi,MS,George,$3.933,2026-09-21
Mississippi,MS,Greene,$3.962,2026-09-21
Mississippi,MS,Grenada,$3.886,2026-09-21
Mississippi,MS,Hancock,$3.887,2026-09-21
Mississippi,MS,Harrison,$3.909,2026-09-21
Mississippi,MS,Hinds,$3.950,2026-09-21
Mississippi,MS,Holmes,$3.970,2026-09-21
Mississippi,MS,Humphreys,$3.999,2026-09-21
Mississippi,MS,Issaquena,,2026-09-21
Mississippi,MS,Itawamba,$3.927,2026-09-21
Mississippi,MS,Jackson,$3.925,2026-09-21
Mississippi,MS,Jasper,$3.933,2026-09-21
Mississippi,MS,Jefferson,$3.999,2026-09-21
Mississippi,MS,Jefferson Davis,$3.999,2026-09-21
Mississippi,MS,Jones,$3.820,2026-09-21
Mississippi,MS,Kemper,$4.144,2026-09-21
Mississippi,MS,Lafayette,$4.197,2026-09-21
Mississippi,MS,Lamar,$3.901,2026-09-21
Mississippi,MS,Lauderdale,$4.065,2026-09-21
Mississippi,MS,Lawrence,$4.032,2026-09-21
Mississippi,MS,Leake,$3.950,2026-09-21
Mississippi,MS,Lee,$3.962,2026-09-21
Mississippi,MS,Leflore,$3.970,2026-09-21
Mississippi,MS,Lincoln,$4.003,2026-09-21
Mississippi,MS,Lowndes,$3.962,2026-09-21
Mississippi,MS,Madison,$3.989,2026-09-21
Mississippi,MS,Marion,$3.975,2026-09-21
Mississippi,MS,Marshall,$4.008,2026-09-21
Mississippi,MS,Monroe,$3.965,2026-09-21
Mississippi,MS,Montgomery,$3.982,2026-09-21
Mississippi,MS,Neshoba,$3.971,2026-09-21
Mississippi,MS,Newton,$4.309,2026-09-21
Mississippi,MS,Noxubee,$4.082,2026-09-21
Mississippi,MS,Oktibbeha,$3.943,2026-09-21
Mississippi,MS,Panola,$4.013,2026-09-21
Mississippi,MS,Pearl River,$3.924,2026-09-21
Mississippi,MS,Perry,$3.937,2026-09-21
Mississippi,MS,Pike,$3.974,2026-09-21
Mississippi,MS,Pontotoc,$4.011,2026-09-21
Mississippi,MS,Prentiss,$3.917,2026-09-21
Mississippi,MS,Quitman,$4.299,2026-09-21
Mississippi,MS,Rankin,$3.929,2026-09-21
Mississippi,MS,Scott,$4.025,2026-09-21
Mississippi,MS,Sharkey,$3.999,2026-09-21
Mississippi,MS,Simpson,$3.958,2026-09-21
Mississippi,MS,Smith,$4.021,2026-09-21
Mississippi,MS,Stone,$3.862,2026-09-21
Mississippi,MS,Sunflower,$3.898,2026-09-21
Mississippi,MS,Tallahatchie,$3.979,2026-09-21
Mississippi,MS,Tate,$4.022,2026-09-21
Mississippi,MS,Tippah,$3.980,2026-09-21
Mississippi,MS,Tishomingo,$3.957,2026-09-21
Mississippi,MS,Tunica,$4.209,2026-09-21
Mississippi,MS,Union,$3.930,2026-09-21
Mississippi,MS,Walthall,$4.059,2026-09-21
Mississippi,MS,Warren,$4.014,2026-09-21
Mississippi,MS,Washington,$3.976,2026-09-21
Mississippi,MS,Wayne,$3.923,2026-09-21
Mississippi,MS,Webster,$4.016,2026-09-21
Mississippi,MS,Wilkinson,$3.979,2026-09-21
Mississippi,MS,Winston,$3.993,2026-09-21
Mississippi,MS,Yalobusha,$4.087,2026-09-21
Mississippi,MS,Yazoo,$3.876,2026-09-21
Missouri,MO,Adair,$4.175,2026-09-21
Missouri,MO,Andrew,$4.279,2026-09-21
Missouri,MO,Atchison,$4.207,2026-09-21
Missouri,MO,Audrain,$4.162,2026-09-21
Missouri,MO,Barry,$4.095,2026-09-21
Missouri,MO,Barton,$4.068,2026-09-21
Missouri,MO,Bates,$4.296,2026-09-21
Missouri,MO,Benton,$4.158,2026-09-21
Missouri,MO,Bollinger,$4.242,2026-09-21
Missouri,MO,Boone,$4.198,2026-09-21
Missouri,MO,Buchanan,$4.223,2026-09-21
Missouri,MO,Butler,$4.234,2026-09-21
Missouri,MO,Caldwell,$4.282,2026-09-21
Missouri,MO,Callaway,$4.173,2026-09-21
Missouri,MO,Camden,$4.137,2026-09-21
Missouri,MO,Cape Girardeau,$4.161,2026-09-21
Missouri,MO,Carroll,$4.300,2026-09-21
Missouri,MO,Carter,$4.165,2026-09-21
Missouri,MO,Cass,$4.229,2026-09-21
Missouri,MO,Cedar,$4.259,2026-09-21
Missouri,MO,Chariton,$4.196,2026-09-21
Missouri,MO,Christian,$4.154,2026-09-21
Missouri,MO,Clark,$4.229,2026-09-21
Missouri,MO,Clay,$4.259,2026-09-21
Missouri,MO,Clinton,$4.263,2026-09-21
Missouri,MO,Cole,$4.196,2026-09-21
Missouri,MO,Cooper,$4.173,2026-09-21
Missouri,MO,Crawford,$4.191,2026-09-21
Missouri,MO,Dade,$4.094,2026-09-21
Missouri,MO,Dallas,$4.200,2026-09-21
Missouri,MO,Daviess,$4.229,2026-09-21
Missouri,MO,DeKalb,$4.239,2026-09-21
Missouri,MO,Dent,$4.282,2026-09-21
Missouri,MO,Douglas,$4.194,2026-09-21
Missouri,MO,Dunklin,$4.175,2026-09-21
Missouri,MO,Franklin,$4.142,2026-09-21
Missouri,MO,Gasconade,$4.225,2026-09-21
Missouri,MO,Gentry,$4.299,2026-09-21
Missouri,MO,Greene,$4.162,2026-09-21
Missouri,MO,Grundy,$4.139,2026-09-21
Missouri,MO,Harrison,$4.287,2026-09-21
Missouri,MO,Henry,$4.243,2026-09-21
Missouri,MO,Hickory,$4.230,2026-09-21
Missouri,MO,Holt,$4.199,2026-09-21
Missouri,MO,Howard,$4.167,2026-09-21
Missouri,MO,Howell,$4.211,2026-09-21
Missouri,MO,Iron,$4.219,2026-09-21
Missouri,MO,Jackson,$4.271,2026-09-21
Missouri,MO,Jasper,$4.010,2026-09-21
Missouri,MO,Jefferson,$4.140,2026-09-21
Missouri,MO,Johnson,$4.255,2026-09-21
Missouri,MO,Knox,$4.199,2026-09-21
Missouri,MO,Laclede,$4.220,2026-09-21
Missouri,MO,Lafayette,$4.282,2026-09-21
Missouri,MO,Lawrence,$4.236,2026-09-21
Missouri,MO,Lewis,$4.147,2026-09-21
Missouri,MO,Lincoln,$4.149,2026-09-21
Missouri,MO,Linn,$4.228,2026-09-21
Missouri,MO,Livingston,$4.306,2026-09-21
Missouri,MO,Macon,$4.187,2026-09-21
Missouri,MO,Madison,$4.063,2026-09-21
Missouri,MO,Maries,$4.199,2026-09-21
Missouri,MO,Marion,$4.169,2026-09-21
Missouri,MO,McDonald,$4.111,2026-09-21
Missouri,MO,Mercer,$4.182,2026-09-21
Missouri,MO,Miller,$4.181,2026-09-21
Missouri,MO,Mississippi,$4.088,2026-09-21
Missouri,MO,Moniteau,$4.169,2026-09-21
Missouri,MO,Monroe,$4.195,2026-09-21
Missouri,MO,Montgomery,$4.206,2026-09-21
Missouri,MO,Morgan,$4.175,2026-09-21
Missouri,MO,New Madrid,$4.173,2026-09-21
Missouri,MO,Newton,$4.017,2026-09-21
Missouri,MO,Nodaway,$4.185,2026-09-21
Missouri,MO,Oregon,$4.245,2026-09-21
Missouri,MO,Osage,$4.175,2026-09-21
Missouri,MO,Ozark,$4.299,2026-09-21
Missouri,MO,Pemiscot,$4.230,2026-09-21
Missouri,MO,Perry,$4.178,2026-09-21
Missouri,MO,Pettis,$4.167,2026-09-21
Missouri,MO,Phelps,$4.217,2026-09-21
Missouri,MO,Pike,$4.199,2026-09-21
Missouri,MO,Platte,$4.289,2026-09-21
Missouri,MO,Polk,$4.293,2026-09-21
Missouri,MO,Pulaski,$4.245,2026-09-21
Missouri,MO,Putnam,$4.199,2026-09-21
Missouri,MO,Ralls,$4.186,2026-09-21
Missouri,MO,Randolph,$4.191,2026-09-21
Missouri,MO,Ray,$4.278,2026-09-21
Missouri,MO,Reynolds,$4.409,2026-09-21
Missouri,MO,Ripley,$4.182,2026-09-21
Missouri,MO,Saline,$4.201,2026-09-21
Missouri,MO,Schuyler,$4.199,2026-09-21
Missouri,MO,Scotland,$4.182,2026-09-21
Missouri,MO,Scott,$4.222,2026-09-21
Missouri,MO,Shannon,$4.299,2026-09-21
Missouri,MO,Shelby,$4.199,2026-09-21
Missouri,MO,Saint Charles,$4.161,2026-09-21
Missouri,MO,Saint Clair,$4.285,2026-09-21
Missouri,MO,Saint Francois,$4.114,2026-09-21
Missouri,MO,Saint Louis,$4.149,2026-09-21
Missouri,MO,Saint Louis City,$4.121,2026-09-21
Missouri,MO,Sainte Genevieve,$4.138,2026-09-21
Missouri,MO,Stoddard,$4.184,2026-09-21
Missouri,MO,Stone,$4.226,2026-09-21
Missouri,MO,Sullivan,$4.199,2026-09-21
Missouri,MO,Taney,$4.302,2026-09-21
Missouri,MO,Texas,$4.294,2026-09-21
Missouri,MO,Vernon,$4.184,2026-09-21
Missouri,MO,Warren,$4.188,2026-09-21
Missouri,MO,Washington,$4.044,2026-09-21
Missouri,MO,Wayne,$4.282,2026-09-21
Missouri,MO,Webster,$4.162,2026-09-21
Missouri,MO,Worth,$4.229,2026-09-21
Missouri,MO,Wright,$4.172,2026-09-21
Pennsylvania,PA,Adams,$4.509,2026-09-21
Pennsylvania,PA,Allegheny,$4.750,2026-09-21
Pennsylvania,PA,Armstrong,$4.698,2026-09-21
Pennsylvania,PA,Beaver,$4.764,2026-09-21
Pennsylvania,PA,Bedford,$4.507,2026-09-21
Pennsylvania,PA,Berks,$4.506,2026-09-21
Pennsylvania,PA,Blair,$4.616,2026-09-21
Pennsylvania,PA,Bradford,$4.556,2026-09-21
Pennsylvania,PA,Bucks,$4.541,2026-09-21
Pennsylvania,PA,Butler,$4.762,2026-09-21
Pennsylvania,PA,Cambria,$4.623,2026-09-21
Pennsylvania,PA,Cameron,$4.559,2026-09-21
Pennsylvania,PA,Carbon,$4.432,2026-09-21
Pennsylvania,PA,Centre,$4.579,2026-09-21
Pennsylvania,PA,Chester,$4.542,2026-09-21
Pennsylvania,PA,Clarion,$4.687,2026-09-21
Pennsylvania,PA,Clearfield,$4.632,2026-09-21
Pennsylvania,PA,Clinton,$4.493,2026-09-21
Pennsylvania,PA,Columbia,$4.481,2026-09-21
Pennsylvania,PA,Crawford,$4.779,2026-09-21
Pennsylvania,PA,Cumberland,$4.434,2026-09-21
Pennsylvania,PA,Dauphin,$4.431,2026-09-21
Pennsylvania,PA,Delaware,$4.544,2026-09-21
Pennsylvania,PA,Elk,$4.600,2026-09-21
Pennsylvania,PA,Erie,$4.751,2026-09-21
Pennsylvania,PA,Fayette,$4.748,2026-09-21
Pennsylvania,PA,Forest,$4.729,2026-09-21
Pennsylvania,PA,Franklin,$4.278,2026-09-21
Pennsylvania,PA,Fulton,$4.377,2026-09-21
Pennsylvania,PA,Greene,$4.736,2026-09-21
Pennsylvania,PA,Huntingdon,$4.585,2026-09-21
Pennsylvania,PA,Indiana,$4.722,2026-09-21
Pennsylvania,PA,Jefferson,$4.644,2026-09-21
Pennsylvania,PA,Juniata,$4.441,2026-09-21
Pennsylvania,PA,Lackawanna,$4.479,2026-09-21
Pennsylvania,PA,Lancaster,$4.491,2026-09-21
Pennsylvania,PA,Lawrence,$4.737,2026-09-21
Pennsylvania,PA,Lebanon,$4.384,2026-09-21
Pennsylvania,PA,Lehigh,$4.445,2026-09-21
Pennsylvania,PA,Luzerne,$4.464,2026-09-21
Pennsylvania,PA,Lycoming,$4.535,2026-09-21
Pennsylvania,PA,McKean,$4.631,2026-09-21
Pennsylvania,PA,Mercer,$4.780,2026-09-21
Pennsylvania,PA,Mifflin,$4.587,2026-09-21
Pennsylvania,PA,Monroe,$4.487,2026-09-21
Pennsylvania,PA,Montgomery,$4.544,2026-09-21
Pennsylvania,PA,Montour,$4.429,2026-09-21
Pennsylvania,PA,Northampton,$4.410,2026-09-21
Pennsylvania,PA,Northumberland,$4.434,2026-09-21
Pennsylvania,PA,Perry,$4.446,2026-09-21
Pennsylvania,PA,Philadelphia,$4.564,2026-09-21
Pennsylvania,PA,Pike,$4.558,2026-09-21
Pennsylvania,PA,Potter,$4.613,2026-09-21
Pennsylvania,PA,Schuylkill,$4.439,2026-09-21
Pennsylvania,PA,Snyder,$4.391,2026-09-21
Pennsylvania,PA,Somerset,$4.657,2026-09-21
Pennsylvania,PA,Sullivan,$4.619,2026-09-21
Pennsylvania,PA,Susquehanna,$4.526,2026-09-21
Pennsylvania,PA,Tioga,$4.515,2026-09-21
Pennsylvania,PA,Union,$4.512,2026-09-21
Pennsylvania,PA,Venango,$4.749,2026-09-21
Pennsylvania,PA,Warren,$4.771,2026-09-21
Pennsylvania,PA,Washington,$4.727,2026-09-21
Pennsylvania,PA,Wayne,$4.493,2026-09-21
Pennsylvania,PA,Westmoreland,$4.740,2026-09-21
Pennsylvania,PA,Wyoming,$4.508,2026-09-21
Pennsylvania,PA,York,$4.503,2026-09-21
Rhode Island,RI,Bristol,$4.418,2026-09-21
Rhode Island,RI,Kent,$4.351,2026-09-21
Rhode Island,RI,Newport,$4.423,2026-09-21
Rhode Island,RI,Providence,$4.404,2026-09-21
Rhode Island,RI,Washington,$4.507,2026-09-21
South Carolina,SC,Abbeville,$4.034,2026-09-21
South Carolina,SC,Aiken,$4.028,2026-09-21
South Carolina,SC,Allendale,$4.066,2026-09-21
South Carolina,SC,Anderson,$4.047,2026-09-21
South Carolina,SC,Bamberg,$4.216,2026-09-21
South Carolina,SC,Barnwell,$4.145,2026-09-21
South Carolina,SC,Beaufort,$4.171,2026-09-21
South Carolina,SC,Berkeley,$4.059,2026-09-21
South Carolina,SC,Calhoun,$4.199,2026-09-21
South Carolina,SC,Charleston,$4.091,2026-09-21
South Carolina,SC,Cherokee,$4.034,2026-09-21
South Carolina,SC,Chester,$4.127,2026-09-21
South Carolina,SC,Chesterfield,$4.076,2026-09-21
South Carolina,SC,Clarendon,$4.045,2026-09-21
South Carolina,SC,Colleton,$4.039,2026-09-21
South Carolina,SC,Darlington,$4.092,2026-09-21
South Carolina,SC,Dillon,$3.948,2026-09-21
South Carolina,SC,Dorchester,$4.049,2026-09-21
South Carolina,SC,Edgefield,$4.101,2026-09-21
South Carolina,SC,Fairfield,$4.126,2026-09-21
South Carolina,SC,Florence,$4.013,2026-09-21
South Carolina,SC,Georgetown,$4.032,2026-09-21
South Carolina,SC,Greenville,$4.099,2026-09-21
South Carolina,SC,Greenwood,$4.035,2026-09-21
South Carolina,SC,Hampton,$4.108,2026-09-21
South Carolina,SC,Horry,$3.977,2026-09-21
South Carolina,SC,Jasper,$4.107,2026-09-21
South Carolina,SC,Kershaw,$4.079,2026-09-21
South Carolina,SC,Lancaster,$4.046,2026-09-21
South Carolina,SC,Laurens,$4.133,2026-09-21
South Carolina,SC,Lee,$4.159,2026-09-21
South Carolina,SC,Lexington,$4.060,2026-09-21
South Carolina,SC,Marion,$3.934,2026-09-21
South Carolina,SC,Marlboro,$4.088,2026-09-21
South Carolina,SC,McCormick,$4.112,2026-09-21
South Carolina,SC,Newberry,$4.142,2026-09-21
South Carolina,SC,Oconee,$3.968,2026-09-21
South Carolina,SC,Orangeburg,$4.166,2026-09-21
South Carolina,SC,Pickens,$4.018,2026-09-21
South Carolina,SC,Richland,$4.065,2026-09-21
South Carolina,SC,Saluda,$4.014,2026-09-21
South Carolina,SC,Spartanburg,$4.036,2026-09-21
South Carolina,SC,Sumter,$4.115,2026-09-21
South Carolina,SC,Union,$4.069,2026-09-21
South Carolina,SC,Williamsburg,$4.106,2026-09-21
South Carolina,SC,York,$4.050,2026-09-21
South Dakota,SD,Aurora,$4.029,2026-09-21
South Dakota,SD,Beadle,$4.382,2026-09-21
South Dakota,SD,Bennett,$4.394,2026-09-21
South Dakota,SD,Bon Homme,$4.309,2026-09-21
South Dakota,SD,Brookings,$4.247,2026-09-21
South Dakota,SD,Brown,$4.323,2026-09-21
South Dakota,SD,Brule,$4.474,2026-09-21
South Dakota,SD,Buffalo,,2026-09-21
South Dakota,SD,Butte,$4.453,2026-09-21
South Dakota,SD,Campbell,$4.059,2026-09-21
South Dakota,SD,Charles Mix,$4.224,2026-09-21
South Dakota,SD,Clark,$4.899,2026-09-21
South Dakota,SD,Clay,$4.274,2026-09-21
South Dakota,SD,Codington,$4.267,2026-09-21
South Dakota,SD,Corson,$4.299,2026-09-21
South Dakota,SD,Custer,$4.419,2026-09-21
South Dakota,SD,Davison,$4.282,2026-09-21
South Dakota,SD,Day,$4.249,2026-09-21
South Dakota,SD,Deuel,$4.199,2026-09-21
South Dakota,SD,Dewey,$4.799,2026-09-21
South Dakota,SD,Douglas,,2026-09-21
South Dakota,SD,Edmunds,$4.366,2026-09-21
South Dakota,SD,Fall River,$4.374,2026-09-21
South Dakota,SD,Faulk,,2026-09-21
South Dakota,SD,Grant,$4.226,2026-09-21
South Dakota,SD,Gregory,$4.472,2026-09-21
South Dakota,SD,Haakon,$4.361,2026-09-21
South Dakota,SD,Hamlin,$4.299,2026-09-21
South Dakota,SD,Hand,$3.989,2026-09-21
South Dakota,SD,Hanson,$4.064,2026-09-21
South Dakota,SD,Harding,$4.299,2026-09-21
South Dakota,SD,Hughes,$4.354,2026-09-21
South Dakota,SD,Hutchinson,$4.196,2026-09-21
South Dakota,SD,Hyde,$4.229,2026-09-21
South Dakota,SD,Jackson,$4.382,2026-09-21
South Dakota,SD,Jerauld,$4.049,2026-09-21
South Dakota,SD,Jones,$4.232,2026-09-21
South Dakota,SD,Kingsbury,$4.179,2026-09-21
South Dakota,SD,Lake,$4.216,2026-09-21
South Dakota,SD,Lawrence,$4.321,2026-09-21
South Dakota,SD,Lincoln,$4.192,2026-09-21
South Dakota,SD,Lyman,$4.489,2026-09-21
South Dakota,SD,Marshall,,2026-09-21
South Dakota,SD,McCook,$4.049,2026-09-21
South Dakota,SD,McPherson,,2026-09-21
South Dakota,SD,Meade,$4.394,2026-09-21
South Dakota,SD,Mellette,$4.109,2026-09-21
South Dakota,SD,Miner,$4.129,2026-09-21
South Dakota,SD,Minnehaha,$4.186,2026-09-21
South Dakota,SD,Moody,$4.149,2026-09-21
South Dakota,SD,Pennington,$4.297,2026-09-21
South Dakota,SD,Perkins,$4.249,2026-09-21
South Dakota,SD,Potter,$4.119,2026-09-21
South Dakota,SD,Roberts,$4.180,2026-09-21
South Dakota,SD,Sanborn,$4.299,2026-09-21
South Dakota,SD,Shannon,$4.409,2026-09-21
South Dakota,SD,Spink,$4.161,2026-09-21
South Dakota,SD,Stanley,$4.532,2026-09-21
South Dakota,SD,Sully,,2026-09-21
South Dakota,SD,Todd,$4.272,2026-09-21
South Dakota,SD,Tripp,$4.299,2026-09-21
South Dakota,SD,Turner,$4.189,2026-09-21
South Dakota,SD,Union,$4.296,2026-09-21
South Dakota,SD,Walworth,$4.527,2026-09-21
South Dakota,SD,Yankton,$4.245,2026-09-21
South Dakota,SD,Ziebach,,2026-09-21
Tennessee,TN,Anderson,$3.962,2026-09-21
Tennessee,TN,Bedford,$4.028,2026-09-21
Tennessee,TN,Benton,$3.916,2026-09-21
Tennessee,TN,Bledsoe,$4.274,2026-09-21
Tennessee,TN,Blount,$4.146,2026-09-21
Tennessee,TN,Bradley,$4.109,2026-09-21
Tennessee,TN,Campbell,$4.011,2026-09-21
Tennessee,TN,Cannon,$4.079,2026-09-21
Tennessee,TN,Carroll,$4.061,2026-09-21
Tennessee,TN,Carter,$4.005,2026-09-21
Tennessee,TN,Cheatham,$4.159,2026-09-21
Tennessee,TN,Chester,$4.120,2026-09-21
Tennessee,TN,Claiborne,$3.932,2026-09-21
Tennessee,TN,Clay,$4.249,2026-09-21
Tennessee,TN,Cocke,$4.022,2026-09-21
Tennessee,TN,Coffee,$4.072,2026-09-21
Tennessee,TN,Crockett,$4.229,2026-09-21
Tennessee,TN,Cumberland,$4.094,2026-09-21
Tennessee,TN,Davidson,$4.151,2026-09-21
Tennessee,TN,Decatur,$3.947,2026-09-21
Tennessee,TN,DeKalb,$4.141,2026-09-21
Tennessee,TN,Dickson,$4.035,2026-09-21
Tennessee,TN,Dyer,$3.988,2026-09-21
Tennessee,TN,Fayette,$4.034,2026-09-21
Tennessee,TN,Fentress,$3.989,2026-09-21
Tennessee,TN,Franklin,$3.959,2026-09-21
Tennessee,TN,Gibson,$4.133,2026-09-21
Tennessee,TN,Giles,$4.091,2026-09-21
Tennessee,TN,Grainger,$4.120,2026-09-21
Tennessee,TN,Greene,$3.918,2026-09-21
Tennessee,TN,Grundy,$3.983,2026-09-21
Tennessee,TN,Hamblen,$4.016,2026-09-21
Tennessee,TN,Hamilton,$4.041,2026-09-21
Tennessee,TN,Hancock,$4.099,2026-09-21
Tennessee,TN,Hardeman,$4.141,2026-09-21
Tennessee,TN,Hardin,$3.958,2026-09-21
Tennessee,TN,Hawkins,$3.950,2026-09-21
Tennessee,TN,Haywood,$4.148,2026-09-21
Tennessee,TN,Henderson,$3.902,2026-09-21
Tennessee,TN,Henry,$3.895,2026-09-21
Tennessee,TN,Hickman,$4.070,2026-09-21
Tennessee,TN,Houston,$4.149,2026-09-21
Tennessee,TN,Humphreys,$3.966,2026-09-21
Tennessee,TN,Jackson,$4.189,2026-09-21
Tennessee,TN,Jefferson,$4.074,2026-09-21
Tennessee,TN,Johnson,$4.136,2026-09-21
Tennessee,TN,Knox,$4.071,2026-09-21
Tennessee,TN,Lake,$3.999,2026-09-21
Tennessee,TN,Lauderdale,$4.104,2026-09-21
Tennessee,TN,Lawrence,$4.045,2026-09-21
Tennessee,TN,Lewis,$4.082,2026-09-21
Tennessee,TN,Lincoln,$4.000,2026-09-21
Tennessee,TN,Loudon,$4.140,2026-09-21
Tennessee,TN,Macon,$4.003,2026-09-21
Tennessee,TN,Madison,$4.143,2026-09-21
Tennessee,TN,Marion,$4.082,2026-09-21
Tennessee,TN,Marshall,$4.024,2026-09-21
Tennessee,TN,Maury,$4.081,2026-09-21
Tennessee,TN,McMinn,$4.142,2026-09-21
Tennessee,TN,McNairy,$4.018,2026-09-21
Tennessee,TN,Meigs,$4.174,2026-09-21
Tennessee,TN,Monroe,$4.121,2026-09-21
Tennessee,TN,Montgomery,$4.026,2026-09-21
Tennessee,TN,Moore,$4.134,2026-09-21
Tennessee,TN,Morgan,$3.997,2026-09-21
Tennessee,TN,Obion,$3.982,2026-09-21
Tennessee,TN,Overton,$4.049,2026-09-21
Tennessee,TN,Perry,$3.959,2026-09-21
Tennessee,TN,Pickett,$4.166,2026-09-21
Tennessee,TN,Polk,$4.091,2026-09-21
Tennessee,TN,Putnam,$4.083,2026-09-21
Tennessee,TN,Rhea,$3.998,2026-09-21
Tennessee,TN,Roane,$3.969,2026-09-21
Tennessee,TN,Robertson,$4.175,2026-09-21
Tennessee,TN,Rutherford,$4.100,2026-09-21
Tennessee,TN,Scott,$3.965,2026-09-21
Tennessee,TN,Sequatchie,$4.124,2026-09-21
Tennessee,TN,Sevier,$4.093,2026-09-21
Tennessee,TN,Shelby,$4.053,2026-09-21
Tennessee,TN,Smith,$4.080,2026-09-21
Tennessee,TN,Stewart,$4.132,2026-09-21
Tennessee,TN,Sullivan,$4.042,2026-09-21
Tennessee,TN,Sumner,$4.133,2026-09-21
Tennessee,TN,Tipton,$4.037,2026-09-21
Tennessee,TN,Trousdale,$4.199,2026-09-21
Tennessee,TN,Unicoi,$4.008,2026-09-21
Tennessee,TN,Union,$4.014,2026-09-21
Tennessee,TN,Van Buren,$4.099,2026-09-21
Tennessee,TN,Warren,$4.084,2026-09-21
Tennessee,TN,Washington,$4.065,2026-09-21
Tennessee,TN,Wayne,$4.059,2026-09-21
Tennessee,TN,Weakley,$3.987,2026-09-21
Tennessee,TN,White,$3.995,2026-09-21
Tennessee,TN,Williamson,$4.238,2026-09-21
Tennessee,TN,Wilson,$3.958,2026-09-21
Texas,TX,Anderson,$3.970,2026-09-21
Texas,TX,Andrews,$3.938,2026-09-21
Texas,TX,Angelina,$3.957,2026-09-21
Texas,TX,Aransas,$3.765,2026-09-21
Texas,TX,Archer,$4.004,2026-09-21
Texas,TX,Armstrong,$3.999,2026-09-21
Texas,TX,Atascosa,$3.930,2026-09-21
Texas,TX,Austin,$3.946,2026-09-21
Texas,TX,Bailey,$4.022,2026-09-21
Texas,TX,Bandera,$4.029,2026-09-21
Texas,TX,Bastrop,$3.962,2026-09-21
Texas,TX,Baylor,$4.299,2026-09-21
Texas,TX,Bee,$4.041,2026-09-21
Texas,TX,Bell,$3.932,2026-09-21
Texas,TX,Bexar,$3.930,2026-09-21
Texas,TX,Blanco,$3.991,2026-09-21
Texas,TX,Borden,,2026-09-21
Texas,TX,Bosque,$3.998,2026-09-21
Texas,TX,Bowie,$3.961,2026-09-21
Texas,TX,Brazoria,$3.895,2026-09-21
Texas,TX,Brazos,$3.936,2026-09-21
Texas,TX,Brewster,$4.533,2026-09-21
Texas,TX,Briscoe,$4.099,2026-09-21
Texas,TX,Brooks,$3.899,2026-09-21
Texas,TX,Brown,$3.947,2026-09-21
Texas,TX,Burleson,$3.974,2026-09-21
Texas,TX,Burnet,$3.937,2026-09-21
Texas,TX,Caldwell,$3.945,2026-09-21
Texas,TX,Calhoun,$3.953,2026-09-21
Texas,TX,Callahan,$4.044,2026-09-21
Texas,TX,Cameron,$3.858,2026-09-21
Texas,TX,Camp,$3.962,2026-09-21
Texas,TX,Carson,$3.991,2026-09-21
Texas,TX,Cass,$3.998,2026-09-21
Texas,TX,Castro,$4.057,2026-09-21
Texas,TX,Chambers,$3.905,2026-09-21
Texas,TX,Cherokee,$4.013,2026-09-21
Texas,TX,Childress,$3.987,2026-09-21
Texas,TX,Clay,$3.980,2026-09-21
Texas,TX,Cochran,$3.932,2026-09-21
Texas,TX,Coke,$4.089,2026-09-21
Texas,TX,Coleman,$4.011,2026-09-21
Texas,TX,Collin,$3.950,2026-09-21
Texas,TX,Collingsworth,,2026-09-21
Texas,TX,Colorado,$3.885,2026-09-21
Texas,TX,Comal,$3.915,2026-09-21
Texas,TX,Comanche,$3.980,2026-09-21
Texas,TX,Concho,$4.209,2026-09-21
Texas,TX,Cooke,$4.013,2026-09-21
Texas,TX,Coryell,$3.935,2026-09-21
Texas,TX,Cottle,$4.179,2026-09-21
Texas,TX,Crane,$4.199,2026-09-21
Texas,TX,Crockett,$4.234,2026-09-21
Texas,TX,Crosby,$4.092,2026-09-21
Texas,TX,Culberson,$4.325,2026-09-21
Texas,TX,Dallam,$3.966,2026-09-21
Texas,TX,Dallas,$3.986,2026-09-21
Texas,TX,Dawson,$4.186,2026-09-21
Texas,TX,Deaf Smith,$3.960,2026-09-21
Texas,TX,Delta,$4.066,2026-09-21
Texas,TX,Denton,$3.965,2026-09-21
Texas,TX,De Witt,$3.942,2026-09-21
Texas,TX,Dickens,$4.244,2026-09-21
Texas,TX,Dimmit,$4.003,2026-09-21
Texas,TX,Donley,$3.999,2026-09-21
Texas,TX,Duval,$3.918,2026-09-21
Texas,TX,Eastland,$3.982,2026-09-21
Texas,TX,Ector,$4.093,2026-09-21
Texas,TX,Edwards,$4.334,2026-09-21
Texas,TX,El Paso,$4.382,2026-09-21
Texas,TX,Ellis,$3.984,2026-09-21
Texas,TX,Erath,$3.993,2026-09-21
Texas,TX,Falls,$4.011,2026-09-21
Texas,TX,Fannin,$3.956,2026-09-21
Texas,TX,Fayette,$3.984,2026-09-21
Texas,TX,Fisher,$4.129,2026-09-21
Texas,TX,Floyd,$4.044,2026-09-21
Texas,TX,Foard,$4.059,2026-09-21
Texas,TX,Fort Bend,$3.862,2026-09-21
Texas,TX,Franklin,$4.006,2026-09-21
Texas,TX,Freestone,$3.887,2026-09-21
Texas,TX,Frio,$4.012,2026-09-21
Texas,TX,Gaines,$4.083,2026-09-21
Texas,TX,Galveston,$3.908,2026-09-21
Texas,TX,Garza,$4.199,2026-09-21
Texas,TX,Gillespie,$4.044,2026-09-21
Texas,TX,Glasscock,$4.236,2026-09-21
Texas,TX,Goliad,$3.999,2026-09-21
Texas,TX,Gonzales,$3.888,2026-09-21
Texas,TX,Gray,$3.948,2026-09-21
Texas,TX,Grayson,$3.992,2026-09-21
Texas,TX,Gregg,$3.953,2026-09-21
Texas,TX,Grimes,$4.018,2026-09-21
Texas,TX,Guadalupe,$3.924,2026-09-21
Texas,TX,Hale,$3.863,2026-09-21
Texas,TX,Hall,$4.006,2026-09-21
Texas,TX,Hamilton,$3.999,2026-09-21
Texas,TX,Hansford,$4.099,2026-09-21
Texas,TX,Hardeman,$4.049,2026-09-21
Texas,TX,Hardin,$3.894,2026-09-21
Texas,TX,Harris,$3.873,2026-09-21
Texas,TX,Harrison,$3.969,2026-09-21
Texas,TX,Hartley,$3.999,2026-09-21
Texas,TX,Haskell,$4.016,2026-09-21
Texas,TX,Hays,$3.930,2026-09-21
Texas,TX,Hemphill,$4.199,2026-09-21
Texas,TX,Henderson,$3.970,2026-09-21
Texas,TX,Hidalgo,$3.843,2026-09-21
Texas,TX,Hill,$3.949,2026-09-21
Texas,TX,Hockley,$4.034,2026-09-21
Texas,TX,Hood,$3.979,2026-09-21
Texas,TX,Hopkins,$4.119,2026-09-21
Texas,TX,Houston,$4.015,2026-09-21
Texas,TX,Howard,$3.937,2026-09-21
Texas,TX,Hudspeth,$4.632,2026-09-21
Texas,TX,Hunt,$3.956,2026-09-21
Texas,TX,Hutchinson,$3.964,2026-09-21
Texas,TX,Irion,$4.049,2026-09-21
Texas,TX,Jack,$3.991,2026-09-21
Texas,TX,Jackson,$4.068,2026-09-21
Texas,TX,Jasper,$3.988,2026-09-21
Texas,TX,Jeff Davis,$4.539,2026-09-21
Texas,TX,Jefferson,$3.902,2026-09-21
Texas,TX,Jim Hogg,$3.899,2026-09-21
Texas,TX,Jim Wells,$3.867,2026-09-21
Texas,TX,Johnson,$3.961,2026-09-21
Texas,TX,Jones,$4.048,2026-09-21
Texas,TX,Karnes,$3.882,2026-09-21
Texas,TX,Kaufman,$3.972,2026-09-21
Texas,TX,Kendall,$3.923,2026-09-21
Texas,TX,Kenedy,,2026-09-21
Texas,TX,Kent,,2026-09-21
Texas,TX,Kerr,$3.975,2026-09-21
Texas,TX,Kimble,$3.971,2026-09-21
Texas,TX,King,,2026-09-21
Texas,TX,Kinney,$3.859,2026-09-21
Texas,TX,Kleberg,$3.800,2026-09-21
Texas,TX,Knox,$4.099,2026-09-21
Texas,TX,La Salle,$3.901,2026-09-21
Texas,TX,Lamar,$4.010,2026-09-21
Texas,TX,Lamb,$4.108,2026-09-21
Texas,TX,Lampasas,$3.915,2026-09-21
Texas,TX,Lavaca,$3.997,2026-09-21
Texas,TX,Lee,$4.012,2026-09-21
Texas,TX,Leon,$4.022,2026-09-21
Texas,TX,Liberty,$3.910,2026-09-21
Texas,TX,Limestone,$4.006,2026-09-21
Texas,TX,Lipscomb,$4.099,2026-09-21
Texas,TX,Live Oak,$3.942,2026-09-21
Texas,TX,Llano,$3.973,2026-09-21
Texas,TX,Loving,$4.469,2026-09-21
Texas,TX,Lubbock,$4.010,2026-09-21
Texas,TX,Lynn,$4.199,2026-09-21
Texas,TX,Madison,$4.008,2026-09-21
Texas,TX,Marion,$3.992,2026-09-21
Texas,TX,Martin,$4.195,2026-09-21
Texas,TX,Mason,$4.119,2026-09-21
Texas,TX,Matagorda,$3.869,2026-09-21
Texas,TX,Maverick,$3.964,2026-09-21
Texas,TX,McCulloch,$4.228,2026-09-21
Texas,TX,McLennan,$3.934,2026-09-21
Texas,TX,McMullen,$3.869,2026-09-21
Texas,TX,Medina,$3.954,2026-09-21
Texas,TX,Menard,$4.099,2026-09-21
Texas,TX,Midland,$4.049,2026-09-21
Texas,TX,Milam,$3.946,2026-09-21
Texas,TX,Mills,$4.024,2026-09-21
Texas,TX,Mitchell,$4.011,2026-09-21
Texas,TX,Montague,$4.021,2026-09-21
Texas,TX,Montgomery,$3.878,2026-09-21
Texas,TX,Moore,$3.956,2026-09-21
Texas,TX,Morris,$4.017,2026-09-21
Texas,TX,Motley,$4.199,2026-09-21
Texas,TX,Nacogdoches,$4.006,2026-09-21
Texas,TX,Navarro,$4.023,2026-09-21
Texas,TX,Newton,$3.955,2026-09-21
Texas,TX,Nolan,$3.985,2026-09-21
Texas,TX,Nueces,$3.852,2026-09-21
Texas,TX,Ochiltree,$4.009,2026-09-21
Texas,TX,Oldham,$4.492,2026-09-21
Texas,TX,Orange,$3.858,2026-09-21
Texas,TX,Palo Pinto,$3.974,2026-09-21
Texas,TX,Panola,$3.953,2026-09-21
Texas,TX,Parker,$3.984,2026-09-21
Texas,TX,Parmer,$3.929,2026-09-21
Texas,TX,Pecos,$4.094,2026-09-21
Texas,TX,Polk,$3.911,2026-09-21
Texas,TX,Potter,$3.982,2026-09-21
Texas,TX,Presidio,$4.309,2026-09-21
Texas,TX,Rains,$3.909,2026-09-21
Texas,TX,Randall,$3.953,2026-09-21
Texas,TX,Reagan,$3.999,2026-09-21
Texas,TX,Real,$3.969,2026-09-21
Texas,TX,Red River,$4.023,2026-09-21
Texas,TX,Reeves,$4.132,2026-09-21
Texas,TX,Refugio,$4.019,2026-09-21
Texas,TX,Roberts,$4.889,2026-09-21
Texas,TX,Robertson,$3.944,2026-09-21
Texas,TX,Rockwall,$3.943,2026-09-21
Texas,TX,Runnels,$4.123,2026-09-21
Texas,TX,Rusk,$3.984,2026-09-21
Texas,TX,Sabine,$3.984,2026-09-21
Texas,TX,San Augustine,$4.099,2026-09-21
Texas,TX,San Jacinto,$3.885,2026-09-21
Texas,TX,San Patricio,$3.867,2026-09-21
Texas,TX,San Saba,$4.101,2026-09-21
Texas,TX,Schleicher,$4.099,2026-09-21
Texas,TX,Scurry,$3.999,2026-09-21
Texas,TX,Shackelford,$3.986,2026-09-21
Texas,TX,Shelby,$4.012,2026-09-21
Texas,TX,Sherman,$3.966,2026-09-21
Texas,TX,Smith,$3.958,2026-09-21
Texas,TX,Somervell,$3.956,2026-09-21
Texas,TX,Starr,$3.892,2026-09-21
Texas,TX,Stephens,$3.997,2026-09-21
Texas,TX,Sterling,$4.089,2026-09-21
Texas,TX,Stonewall,$4.299,2026-09-21
Texas,TX,Sutton,$4.173,2026-09-21
Texas,TX,Swisher,$3.959,2026-09-21
Texas,TX,Tarrant,$3.972,2026-09-21
Texas,TX,Taylor,$3.958,2026-09-21
Texas,TX,Terrell,$4.359,2026-09-21
Texas,TX,Terry,$4.013,2026-09-21
Texas,TX,Throckmorton,$4.099,2026-09-21
Texas,TX,Titus,$4.057,2026-09-21
Texas,TX,Tom Green,$4.098,2026-09-21
Texas,TX,Travis,$3.938,2026-09-21
Texas,TX,Trinity,$3.944,2026-09-21
Texas,TX,Tyler,$3.907,2026-09-21
Texas,TX,Upshur,$3.996,2026-09-21
Texas,TX,Upton,$4.196,2026-09-21
Texas,TX,Uvalde,$3.986,2026-09-21
Texas,TX,Val Verde,$3.927,2026-09-21
Texas,TX,Van Zandt,$3.923,2026-09-21
Texas,TX,Victoria,$3.970,2026-09-21
Texas,TX,Walker,$3.884,2026-09-21
Texas,TX,Waller,$3.959,2026-09-21
Texas,TX,Ward,$4.012,2026-09-21
Texas,TX,Washington,$3.992,2026-09-21
Texas,TX,Webb,$3.895,2026-09-21
Texas,TX,Wharton,$3.813,2026-09-21
Texas,TX,Wheeler,$3.999,2026-09-21
Texas,TX,Wichita,$4.008,2026-09-21
Texas,TX,Wilbarger,$3.937,2026-09-21
Texas,TX,Willacy,$3.806,2026-09-21
Texas,TX,Williamson,$3.914,2026-09-21
Texas,TX,Wilson,$3.952,2026-09-21
Texas,TX,Winkler,$3.897,2026-09-21
Texas,TX,Wise,$3.941,2026-09-21
Texas,TX,Wood,$3.976,2026-09-21
Texas,TX,Yoakum,$4.035,2026-09-21
Texas,TX,Young,$3.970,2026-09-21
Texas,TX,Zapata,$3.949,2026-09-21
Texas,TX,Zavala,$4.015,2026-09-21
Utah,UT,Beaver,$5.010,2026-09-21
Utah,UT,Box Elder,$4.801,2026-09-21
Utah,UT,Cache,$4.750,2026-09-21
Utah,UT,Carbon,$4.889,2026-09-21
Utah,UT,Daggett,$4.749,2026-09-21
Utah,UT,Davis,$4.765,2026-09-21
Utah,UT,Duchesne,$4.906,2026-09-21
Utah,UT,Emery,$4.884,2026-09-21
Utah,UT,Garfield,$4.918,2026-09-21
Utah,UT,Grand,$4.973,2026-09-21
Utah,UT,Iron,$4.898,2026-09-21
Utah,UT,Juab,$4.781,2026-09-21
Utah,UT,Kane,$4.955,2026-09-21
Utah,UT,Millard,$4.945,2026-09-21
Utah,UT,Morgan,$4.986,2026-09-21
Utah,UT,Piute,$5.399,2026-09-21
Utah,UT,Rich,$5.216,2026-09-21
Utah,UT,Salt Lake,$4.728,2026-09-21
Utah,UT,San Juan,$4.937,2026-09-21
Utah,UT,Sanpete,$4.944,2026-09-21
Utah,UT,Sevier,$4.888,2026-09-21
Utah,UT,Summit,$4.900,2026-09-21
Utah,UT,Tooele,$4.822,2026-09-21
Utah,UT,Uintah,$4.875,2026-09-21
Utah,UT,Utah,$4.742,2026-09-21
Utah,UT,Wasatch,$4.831,2026-09-21
Utah,UT,Washington,$4.911,2026-09-21
Utah,UT,Wayne,$5.278,2026-09-21
Utah,UT,Weber,$4.705,2026-09-21
Vermont,VT,Addison,$4.409,2026-09-21
Vermont,VT,Bennington,$4.332,2026-09-21
Vermont,VT,Caledonia,$4.380,2026-09-21
Vermont,VT,Chittenden,$4.541,2026-09-21
Vermont,VT,Essex,$4.499,2026-09-21
Vermont,VT,Franklin,$4.558,2026-09-21
Vermont,VT,Grand Isle,$4.581,2026-09-21
Vermont,VT,Lamoille,$4.497,2026-09-21
Vermont,VT,Orange,$4.437,2026-09-21
Vermont,VT,Orleans,$4.375,2026-09-21
Vermont,VT,Rutland,$4.412,2026-09-21
Vermont,VT,Washington,$4.512,2026-09-21
Vermont,VT,Windham,$4.394,2026-09-21
Vermont,VT,Windsor,$4.444,2026-09-21
Virginia,VA,Accomack,$4.229,2026-09-21
Virginia,VA,Albemarle,$4.193,2026-09-21
Virginia,VA,Alexandria City,$4.321,2026-09-21
Virginia,VA,Alleghany,$4.179,2026-09-21
Virginia,VA,Amelia,$4.197,2026-09-21
Virginia,VA,Amherst,$4.198,2026-09-21
Virginia,VA,Appomattox,$4.078,2026-09-21
Virginia,VA,Arlington,$4.233,2026-09-21
Virginia,VA,Augusta,$4.142,2026-09-21
Virginia,VA,Bath,$4.249,2026-09-21
Virginia,VA,Bedford,$4.156,2026-09-21
Virginia,VA,Bedford City,$4.060,2026-09-21
Virginia,VA,Bland,$4.162,2026-09-21
Virginia,VA,Botetourt,$4.271,2026-09-21
Virginia,VA,Bristol,$4.115,2026-09-21
Virginia,VA,Brunswick,$4.050,2026-09-21
Virginia,VA,Buchanan,$3.936,2026-09-21
Virginia,VA,Buckingham,$4.145,2026-09-21
Virginia,VA,Buena Vista City,$4.179,2026-09-21
Virginia,VA,Campbell,$4.171,2026-09-21
Virginia,VA,Caroline,$4.123,2026-09-21
Virginia,VA,Carroll,$4.117,2026-09-21
Virginia,VA,Charles City,$4.179,2026-09-21
Virginia,VA,Charlotte,$4.186,2026-09-21
Virginia,VA,Charlottesville City,$4.213,2026-09-21
Virginia,VA,Chesapeake City,$4.177,2026-09-21
Virginia,VA,Chesterfield,$4.163,2026-09-21
Virginia,VA,Clarke,$4.215,2026-09-21
Virginia,VA,Clifton Forge City,$4.227,2026-09-21
Virginia,VA,Colonial Heights City,$4.187,2026-09-21
Virginia,VA,Covington City,$4.175,2026-09-21
Virginia,VA,Craig,$4.186,2026-09-21
Virginia,VA,Culpeper,$4.175,2026-09-21
Virginia,VA,Cumberland,$4.129,2026-09-21
Virginia,VA,Danville City,$4.103,2026-09-21
Virginia,VA,Dickenson,$4.182,2026-09-21
Virginia,VA,Dinwiddie,$4.089,2026-09-21
Virginia,VA,Emporia City,$4.037,2026-09-21
Virginia,VA,Essex,$4.174,2026-09-21
Virginia,VA,Fairfax,$4.309,2026-09-21
Virginia,VA,Fairfax City,$4.227,2026-09-21
Virginia,VA,Falls Church City,$4.284,2026-09-21
Virginia,VA,Fauquier,$4.210,2026-09-21
Virginia,VA,Floyd,$4.172,2026-09-21
Virginia,VA,Fluvanna,$4.231,2026-09-21
Virginia,VA,Franklin,$4.086,2026-09-21
Virginia,VA,Franklin City,$4.193,2026-09-21
Virginia,VA,Frederick,$4.143,2026-09-21
Virginia,VA,Fredericksburg City,$4.209,2026-09-21
Virginia,VA,Galax City,$4.127,2026-09-21
Virginia,VA,Giles,$4.195,2026-09-21
Virginia,VA,Gloucester,$4.160,2026-09-21
Virginia,VA,Goochland,$4.213,2026-09-21
Virginia,VA,Grayson,$4.093,2026-09-21
Virginia,VA,Greene,$4.192,2026-09-21
Virginia,VA,Greensville,$3.994,2026-09-21
Virginia,VA,Halifax,$4.128,2026-09-21
Virginia,VA,Hampton City,$4.169,2026-09-21
Virginia,VA,Hanover,$4.191,2026-09-21
Virginia,VA,Harrisonburg City,$4.157,2026-09-21
Virginia,VA,Henrico,$4.172,2026-09-21
Virginia,VA,Henry,$4.122,2026-09-21
Virginia,VA,Highland,$4.399,2026-09-21
Virginia,VA,Hopewell City,$4.140,2026-09-21
Virginia,VA,Isle of Wight,$4.201,2026-09-21
Virginia,VA,James City,$4.187,2026-09-21
Virginia,VA,King and Queen,$4.174,2026-09-21
Virginia,VA,King George,$4.157,2026-09-21
Virginia,VA,King William,$4.187,2026-09-21
Virginia,VA,Lancaster,$4.188,2026-09-21
Virginia,VA,Lee,$4.107,2026-09-21
Virginia,VA,Lexington City,$4.216,2026-09-21
Virginia,VA,Loudoun,$4.229,2026-09-21
Virginia,VA,Louisa,$4.185,2026-09-21
Virginia,VA,Lunenburg,$4.175,2026-09-21
Virginia,VA,Lynchburg City,$4.163,2026-09-21
Virginia,VA,Madison,$4.192,2026-09-21
Virginia,VA,Manassas City,$4.198,2026-09-21
Virginia,VA,Manassas Park City,,2026-09-21
Virginia,VA,Martinsville City,$4.150,2026-09-21
Virginia,VA,Mathews,$4.174,2026-09-21
Virginia,VA,Mecklenburg,$4.096,2026-09-21
Virginia,VA,Middlesex,$4.170,2026-09-21
Virginia,VA,Montgomery,$4.204,2026-09-21
Virginia,VA,Nelson,$4.355,2026-09-21
Virginia,VA,New Kent,$4.163,2026-09-21
Virginia,VA,Newport News City,$4.171,2026-09-21
Virginia,VA,Norfolk City,$4.195,2026-09-21
Virginia,VA,Northampton,$4.279,2026-09-21
Virginia,VA,Northumberland,$4.196,2026-09-21
Virginia,VA,Norton City,$4.142,2026-09-21
Virginia,VA,Nottoway,$4.091,2026-09-21
Virginia,VA,Orange,$4.203,2026-09-21
Virginia,VA,Page,$4.226,2026-09-21
Virginia,VA,Patrick,$4.187,2026-09-21
Virginia,VA,Petersburg City,$4.138,2026-09-21
Virginia,VA,Pittsylvania,$4.228,2026-09-21
Virginia,VA,Poquoson City,$4.199,2026-09-21
Virginia,VA,Portsmouth City,$4.200,2026-09-21
Virginia,VA,Powhatan,$4.144,2026-09-21
Virginia,VA,Prince Edward,$4.155,2026-09-21
Virginia,VA,Prince George,$4.167,2026-09-21
Virginia,VA,Prince William,$4.212,2026-09-21
Virginia,VA,Pulaski,$4.112,2026-09-21
Virginia,VA,Radford City,$4.149,2026-09-21
Virginia,VA,Rappahannock,$4.259,2026-09-21
Virginia,VA,Richmond,$4.194,2026-09-21
Virginia,VA,Richmond City,$4.192,2026-09-21
Virginia,VA,Roanoke,$4.160,2026-09-21
Virginia,VA,Roanoke City,$4.136,2026-09-21
Virginia,VA,Rockbridge,$4.247,2026-09-21
Virginia,VA,Rockingham,$4.177,2026-09-21
Virginia,VA,Russell,$4.208,2026-09-21
Virginia,VA,Salem,$4.226,2026-09-21
Virginia,VA,Scott,$4.125,2026-09-21
Virginia,VA,Shenandoah,$4.192,2026-09-21
Virginia,VA,Smyth,$4.123,2026-09-21
Virginia,VA,Southampton,$4.141,2026-09-21
Virginia,VA,Spotsylvania,$4.186,2026-09-21
Virginia,VA,Stafford,$4.200,2026-09-21
Virginia,VA,Staunton City,$4.178,2026-09-21
Virginia,VA,Suffolk City,$4.200,2026-09-21
Virginia,VA,Surry,$4.249,2026-09-21
Virginia,VA,Sussex,$4.209,2026-09-21
Virginia,VA,Tazewell,$4.233,2026-09-21
Virginia,VA,Virginia Beach City,$4.187,2026-09-21
Virginia,VA,Warren,$4.136,2026-09-21
Virginia,VA,Washington,$4.176,2026-09-21
Virginia,VA,Waynesboro City,$4.134,2026-09-21
Virginia,VA,Westmoreland,$4.183,2026-09-21
Virginia,VA,Williamsburg City,,2026-09-21
Virginia,VA,Winchester City,$4.146,2026-09-21
Virginia,VA,Wise,$4.151,2026-09-21
Virginia,VA,Wythe,$4.087,2026-09-21
Virginia,VA,York,$4.186,2026-09-21
Washington,WA,Adams,$5.437,2026-09-21
Washington,WA,Asotin,$5.116,2026-09-21
Washington,WA,Benton,$5.381,2026-09-21
Washington,WA,Chelan,$5.516,2026-09-21
Washington,WA,Clallam,$5.816,2026-09-21
Washington,WA,Clark,$5.451,2026-09-21
Washington,WA,Columbia,$5.649,2026-09-21
Washington,WA,Cowlitz,$5.480,2026-09-21
Washington,WA,Douglas,$5.457,2026-09-21
Washington,WA,Ferry,$5.474,2026-09-21
Washington,WA,Franklin,$5.379,2026-09-21
Washington,WA,Garfield,$5.499,2026-09-21
Washington,WA,Grant,$5.460,2026-09-21
Washington,WA,Grays Harbor,$5.748,2026-09-21
Washington,WA,Island,$5.505,2026-09-21
Washington,WA,Jefferson,$5.991,2026-09-21
Washington,WA,King,$5.787,2026-09-21
Washington,WA,Kitsap,$5.671,2026-09-21
Washington,WA,Kittitas,$5.466,2026-09-21
Washington,WA,Klickitat,$5.614,2026-09-21
Washington,WA,Lewis,$5.565,2026-09-21
Washington,WA,Lincoln,$5.449,2026-09-21
Washington,WA,Mason,$5.616,2026-09-21
Washington,WA,Okanogan,$5.482,2026-09-21
Washington,WA,Pacific,$5.930,2026-09-21
Washington,WA,Pend Oreille,$5.395,2026-09-21
Washington,WA,Pierce,$5.599,2026-09-21
Washington,WA,San Juan,$6.479,2026-09-21
Washington,WA,Skagit,$5.342,2026-09-21
Washington,WA,Skamania,$5.799,2026-09-21
Washington,WA,Snohomish,$5.587,2026-09-21
Washington,WA,Spokane,$5.302,2026-09-21
Washington,WA,Stevens,$5.347,2026-09-21
Washington,WA,Thurston,$5.491,2026-09-21
Washington,WA,Wahkiakum,$5.999,2026-09-21
Washington,WA,Walla Walla,$5.564,2026-09-21
Washington,WA,Whatcom,$5.404,2026-09-21
Washington,WA,Whitman,$5.502,2026-09-21
Washington,WA,Yakima,$5.368,2026-09-21
West Virginia,WV,Barbour,$4.284,2026-09-21
West Virginia,WV,Berkeley,$4.292,2026-09-21
West Virginia,WV,Boone,$4.134,2026-09-21
West Virginia,WV,Braxton,$4.199,2026-09-21
West Virginia,WV,Brooke,$4.526,2026-09-21
West Virginia,WV,Cabell,$4.398,2026-09-21
West Virginia,WV,Calhoun,$4.354,2026-09-21
West Virginia,WV,Clay,$4.079,2026-09-21
West Virginia,WV,Doddridge,$4.399,2026-09-21
West Virginia,WV,Fayette,$4.311,2026-09-21
West Virginia,WV,Gilmer,$4.069,2026-09-21
West Virginia,WV,Grant,$4.339,2026-09-21
West Virginia,WV,Greenbrier,$3.986,2026-09-21
West Virginia,WV,Hampshire,$4.362,2026-09-21
West Virginia,WV,Hancock,$4.377,2026-09-21
West Virginia,WV,Hardy,$4.385,2026-09-21
West Virginia,WV,Harrison,$4.546,2026-09-21
West Virginia,WV,Jackson,$4.343,2026-09-21
West Virginia,WV,Jefferson,$4.394,2026-09-21
West Virginia,WV,Kanawha,$4.379,2026-09-21
West Virginia,WV,Lewis,$4.299,2026-09-21
West Virginia,WV,Lincoln,$4.399,2026-09-21
West Virginia,WV,Logan,$4.378,2026-09-21
West Virginia,WV,Marion,$4.487,2026-09-21
West Virginia,WV,Marshall,$4.131,2026-09-21
West Virginia,WV,Mason,$4.398,2026-09-21
West Virginia,WV,McDowell,$4.252,2026-09-21
West Virginia,WV,Mercer,$4.305,2026-09-21
West Virginia,WV,Mineral,$4.309,2026-09-21
West Virginia,WV,Mingo,$4.353,2026-09-21
West Virginia,WV,Monongalia,$4.575,2026-09-21
West Virginia,WV,Monroe,$4.149,2026-09-21
West Virginia,WV,Morgan,$4.366,2026-09-21
West Virginia,WV,Nicholas,$4.367,2026-09-21
West Virginia,WV,Ohio,$4.507,2026-09-21
West Virginia,WV,Pendleton,$4.199,2026-09-21
West Virginia,WV,Pleasants,$4.399,2026-09-21
West Virginia,WV,Pocahontas,$4.159,2026-09-21
West Virginia,WV,Preston,$4.492,2026-09-21
West Virginia,WV,Putnam,$4.409,2026-09-21
West Virginia,WV,Raleigh,$4.392,2026-09-21
West Virginia,WV,Randolph,$4.206,2026-09-21
West Virginia,WV,Ritchie,$4.249,2026-09-21
West Virginia,WV,Roane,$4.249,2026-09-21
West Virginia,WV,Summers,$3.974,2026-09-21
West Virginia,WV,Taylor,$4.579,2026-09-21
West Virginia,WV,Tucker,$4.599,2026-09-21
West Virginia,WV,Tyler,$4.389,2026-09-21
West Virginia,WV,Upshur,$4.395,2026-09-21
West Virginia,WV,Wayne,$4.382,2026-09-21
West Virginia,WV,Webster,$4.149,2026-09-21
West Virginia,WV,Wetzel,$4.440,2026-09-21
West Virginia,WV,Wirt,$4.599,2026-09-21
West Virginia,WV,Wood,$4.409,2026-09-21
West Virginia,WV,Wyoming,$4.196,2026-09-21
Wisconsin,WI,Adams,$4.506,2026-09-21
Wisconsin,WI,Ashland,$4.471,2026-09-21
Wisconsin,WI,Barron,$4.491,2026-09-21
Wisconsin,WI,Bayfield,$4.498,2026-09-21
Wisconsin,WI,Brown,$4.420,2026-09-21
Wisconsin,WI,Buffalo,$4.319,2026-09-21
Wisconsin,WI,Burnett,$4.283,2026-09-21
Wisconsin,WI,Calumet,$4.499,2026-09-21
Wisconsin,WI,Chippewa,$4.379,2026-09-21
Wisconsin,WI,Clark,$4.464,2026-09-21
Wisconsin,WI,Columbia,$4.458,2026-09-21
Wisconsin,WI,Crawford,$4.385,2026-09-21
Wisconsin,WI,Dane,$4.453,2026-09-21
Wisconsin,WI,Dodge,$4.468,2026-09-21
Wisconsin,WI,Door,$4.496,2026-09-21
Wisconsin,WI,Douglas,$4.467,2026-09-21
Wisconsin,WI,Dunn,$4.387,2026-09-21
Wisconsin,WI,Eau Claire,$4.349,2026-09-21
Wisconsin,WI,Florence,$4.599,2026-09-21
Wisconsin,WI,Fond du Lac,$4.425,2026-09-21
Wisconsin,WI,Forest,$4.522,2026-09-21
Wisconsin,WI,Grant,$4.456,2026-09-21
Wisconsin,WI,Green,$4.468,2026-09-21
Wisconsin,WI,Green Lake,$4.472,2026-09-21
Wisconsin,WI,Iowa,$4.472,2026-09-21
Wisconsin,WI,Iron,$4.669,2026-09-21
Wisconsin,WI,Jackson,$4.485,2026-09-21
Wisconsin,WI,Jefferson,$4.435,2026-09-21
Wisconsin,WI,Juneau,$4.431,2026-09-21
Wisconsin,WI,Kenosha,$4.415,2026-09-21
Wisconsin,WI,Kewaunee,$4.482,2026-09-21
Wisconsin,WI,La Crosse,$4.322,2026-09-21
Wisconsin,WI,Lafayette,$4.467,2026-09-21
Wisconsin,WI,Langlade,$4.411,2026-09-21
Wisconsin,WI,Lincoln,$4.565,2026-09-21
Wisconsin,WI,Manitowoc,$4.487,2026-09-21
Wisconsin,WI,Marathon,$4.447,2026-09-21
Wisconsin,WI,Marinette,$4.453,2026-09-21
Wisconsin,WI,Marquette,$4.499,2026-09-21
Wisconsin,WI,Menominee,$4.499,2026-09-21
Wisconsin,WI,Milwaukee,$4.445,2026-09-21
Wisconsin,WI,Monroe,$4.425,2026-09-21
Wisconsin,WI,Oconto,$4.468,2026-09-21
Wisconsin,WI,Oneida,$4.523,2026-09-21
Wisconsin,WI,Outagamie,$4.421,2026-09-21
Wisconsin,WI,Ozaukee,$4.467,2026-09-21
Wisconsin,WI,Pepin,$4.293,2026-09-21
Wisconsin,WI,Pierce,$4.431,2026-09-21
Wisconsin,WI,Polk,$4.357,2026-09-21
Wisconsin,WI,Portage,$4.476,2026-09-21
Wisconsin,WI,Price,$4.536,2026-09-21
Wisconsin,WI,Racine,$4.406,2026-09-21
Wisconsin,WI,Richland,$4.310,2026-09-21
Wisconsin,WI,Rock,$4.366,2026-09-21
Wisconsin,WI,Rusk,$4.476,2026-09-21
Wisconsin,WI,Sauk,$4.442,2026-09-21
Wisconsin,WI,Sawyer,$4.468,2026-09-21
Wisconsin,WI,Shawano,$4.424,2026-09-21
Wisconsin,WI,Sheboygan,$4.428,2026-09-21
Wisconsin,WI,Saint Croix,$4.469,2026-09-21
Wisconsin,WI,Taylor,$4.526,2026-09-21
Wisconsin,WI,Trempealeau,$4.361,2026-09-21
Wisconsin,WI,Vernon,$4.374,2026-09-21
Wisconsin,WI,Vilas,$4.584,2026-09-21
Wisconsin,WI,Walworth,$4.458,2026-09-21
Wisconsin,WI,Washburn,$4.405,2026-09-21
Wisconsin,WI,Washington,$4.466,2026-09-21
Wisconsin,WI,Waukesha,$4.416,2026-09-21
Wisconsin,WI,Waupaca,$4.458,2026-09-21
Wisconsin,WI,Waushara,$4.489,2026-09-21
Wisconsin,WI,Winnebago,$4.417,2026-09-21
Wisconsin,WI,Wood,$4.467,2026-09-21
Wyoming,WY,Albany,$4.360,2026-09-21
Wyoming,WY,Big Horn,$4.407,2026-09-21
Wyoming,WY,Campbell,$4.242,2026-09-21
Wyoming,WY,Carbon,$4.414,2026-09-21
Wyoming,WY,Converse,$4.271,2026-09-21
Wyoming,WY,Crook,$4.306,2026-09-21
Wyoming,WY,Fremont,$4.595,2026-09-21
Wyoming,WY,Goshen,$4.182,2026-09-21
Wyoming,WY,Hot Springs,$4.592,2026-09-21
Wyoming,WY,Johnson,$4.657,2026-09-21
Wyoming,WY,Laramie,$4.213,2026-09-21
Wyoming,WY,Lincoln,$4.914,2026-09-21
Wyoming,WY,Natrona,$4.218,2026-09-21
Wyoming,WY,Niobrara,$4.249,2026-09-21
Wyoming,WY,Park,$4.829,2026-09-21
Wyoming,WY,Platte,$4.843,2026-09-21
Wyoming,WY,Sheridan,$4.473,2026-09-21
Wyoming,WY,Sublette,$4.678,2026-09-21
Wyoming,WY,Sweetwater,$4.445,2026-09-21
Wyoming,WY,Teton,$5.091,2026-09-21
Wyoming,WY,Uinta,$4.799,2026-09-21
Wyoming,WY,Washakie,$4.522,2026-09-21
Wyoming,WY,Weston,$4.497,2026-09-21
