state,abbreviation,name,price,date
Alabama,AL,Autauga,$3.897,2026-09-15
Alabama,AL,Baldwin,$3.872,2026-09-15
Alabama,AL,Barbour,$3.961,2026-09-15
Alabama,AL,Bibb,$3.918,2026-09-15
Alabama,AL,Blount,$3.946,2026-09-15
Alabama,AL,Bullock,$3.999,2026-09-15
Alabama,AL,Butler,$3.998,2026-09-15
Alabama,AL,Calhoun,$3.906,2026-09-15
Alabama,AL,Chambers,$3.885,2026-09-15
Alabama,AL,Cherokee,$3.884,2026-09-15
Alabama,AL,Chilton,$3.938,2026-09-15
Alabama,AL,Choctaw,$3.982,2026-09-15
Alabama,AL,Clarke,$3.964,2026-09-15
Alabama,AL,Clay,$3.979,2026-09-15
Alabama,AL,Cleburne,$3.986,2026-09-15
Alabama,AL,Coffee,$3.932,2026-09-15
Alabama,AL,Colbert,$3.887,2026-09-15
Alabama,AL,Conecuh,$4.020,2026-09-15
Alabama,AL,Coosa,$4.091,2026-09-15
Alabama,AL,Covington,$3.997,2026-09-15
Alabama,AL,Crenshaw,$3.986,2026-09-15
Alabama,AL,Cullman,$3.884,2026-09-15
Alabama,AL,Dale,$3.941,2026-09-15
Alabama,AL,Dallas,$3.943,2026-09-15
Alabama,AL,De Kalb,$3.923,2026-09-15
Alabama,AL,Elmore,$3.919,2026-09-15
Alabama,AL,Escambia,$3.942,2026-09-15
Alabama,AL,Etowah,$3.873,2026-09-15
Alabama,AL,Fayette,$4.034,2026-09-15
Alabama,AL,Franklin,$3.894,2026-09-15
Alabama,AL,Geneva,$3.953,2026-09-15
Alabama,AL,Greene,$4.099,2026-09-15
Alabama,AL,Hale,$3.982,2026-09-15
Alabama,AL,Henry,$3.921,2026-09-15
Alabama,AL,Houston,$3.920,2026-09-15
Alabama,AL,Jackson,$3.965,2026-09-15
Alabama,AL,Jefferson,$3.914,2026-09-15
Alabama,AL,Lamar,$3.951,2026-09-15
Alabama,AL,Lauderdale,$3.907,2026-09-15
Alabama,AL,Lawrence,$3.899,2026-09-15
Alabama,AL,Lee,$3.912,2026-09-15
Alabama,AL,Limestone,$3.902,2026-09-15
Alabama,AL,Lowndes,$3.982,2026-09-15
Alabama,AL,Macon,$4.043,2026-09-15
Alabama,AL,Madison,$3.895,2026-09-15
Alabama,AL,Marengo,$3.917,2026-09-15
Alabama,AL,Marion,$3.904,2026-09-15
Alabama,AL,Marshall,$3.886,2026-09-15
Alabama,AL,Mobile,$3.893,2026-09-15
Alabama,AL,Monroe,$3.930,2026-09-15
Alabama,AL,Montgomery,$3.946,2026-09-15
Alabama,AL,Morgan,$3.879,2026-09-15
Alabama,AL,Perry,$4.166,2026-09-15
Alabama,AL,Pickens,$3.948,2026-09-15
Alabama,AL,Pike,$3.982,2026-09-15
Alabama,AL,Randolph,$3.875,2026-09-15
Alabama,AL,Russell,$3.965,2026-09-15
Alabama,AL,Shelby,$3.900,2026-09-15
Alabama,AL,Saint Clair,$3.907,2026-09-15
Alabama,AL,Sumter,$4.015,2026-09-15
Alabama,AL,Talladega,$3.910,2026-09-15
Alabama,AL,Tallapoosa,$3.964,2026-09-15
Alabama,AL,Tuscaloosa,$3.927,2026-09-15
Alabama,AL,Walker,$3.879,2026-09-15
Alabama,AL,Washington,$3.994,2026-09-15
Alabama,AL,Wilcox,$4.231,2026-09-15
Alabama,AL,Winston,$3.941,2026-09-15
Alaska,AK,Aleutians East,,2026-09-15
Alaska,AK,Aleutians West,,2026-09-15
Alaska,AK,Anchorage,$5.049,2026-09-15
Alaska,AK,Bethel,,2026-09-15
Alaska,AK,Bristol Bay,,2026-09-15
Alaska,AK,Denali,$5.379,2026-09-15
Alaska,AK,Dillingham,,2026-09-15
Alaska,AK,Fairbanks North Star,$5.039,2026-09-15
Alaska,AK,Haines,$5.679,2026-09-15
Alaska,AK,Juneau,$4.789,2026-09-15
Alaska,AK,Kenai Peninsula,$5.129,2026-09-15
Alaska,AK,Ketchikan Gateway,$4.689,2026-09-15
Alaska,AK,Kodiak Island,$5.529,2026-09-15
Alaska,AK,Matanuska Susitna,$4.969,2026-09-15
Alaska,AK,Nome,,2026-09-15
Alaska,AK,North Slope,$5.399,2026-09-15
Alaska,AK,Northwest Arctic,,2026-09-15
Alaska,AK,Lake and Peninsula,,2026-09-15
Alaska,AK,Prince Wales Ketchikan,$5.944,2026-09-15
Alaska,AK,Sitka,$4.514,2026-09-15
Alaska,AK,Skagway Hoonah Angoon,$5.609,2026-09-15
Alaska,AK,Southeast Fairbanks,$5.206,2026-09-15
Alaska,AK,Valdez Cordova,$5.393,2026-09-15
Alaska,AK,Wade Hampton,,2026-09-15
Alaska,AK,Wrangell Petersburg,$4.934,2026-09-15
Alaska,AK,Yakutat,,2026-09-15
Alaska,AK,Yukon Koyukuk,$5.369,2026-09-15
Arizona,AZ,Apache,$4.671,2026-09-15
Arizona,AZ,Cochise,$4.319,2026-09-15
Arizona,AZ,Coconino,$4.729,2026-09-15
Arizona,AZ,Gila,$4.436,2026-09-15
Arizona,AZ,Graham,$4.544,2026-09-15
Arizona,AZ,Greenlee,$4.431,2026-09-15
Arizona,AZ,La Paz,$4.478,2026-09-15
Arizona,AZ,Maricopa,$4.639,2026-09-15
Arizona,AZ,Mohave,$4.693,2026-09-15
Arizona,AZ,Navajo,$4.513,2026-09-15
Arizona,AZ,Pima,$4.357,2026-09-15
Arizona,AZ,Pinal,$4.462,2026-09-15
Arizona,AZ,Santa Cruz,$4.527,2026-09-15
Arizona,AZ,Yavapai,$4.635,2026-09-15
Arizona,AZ,Yuma,$4.602,2026-09-15
Arkansas,AR,Arkansas,$3.950,2026-09-15
Arkansas,AR,Ashley,$3.998,2026-09-15
Arkansas,AR,Baxter,$4.020,2026-09-15
Arkansas,AR,Benton,$3.998,2026-09-15
Arkansas,AR,Boone,$4.066,2026-09-15
Arkansas,AR,Bradley,$3.959,2026-09-15
Arkansas,AR,Calhoun,$3.999,2026-09-15
Arkansas,AR,Carroll,$3.947,2026-09-15
Arkansas,AR,Chicot,$3.976,2026-09-15
Arkansas,AR,Clark,$4.017,2026-09-15
Arkansas,AR,Clay,$4.016,2026-09-15
Arkansas,AR,Cleburne,$3.910,2026-09-15
Arkansas,AR,Cleveland,$3.899,2026-09-15
Arkansas,AR,Columbia,$4.054,2026-09-15
Arkansas,AR,Conway,$3.985,2026-09-15
Arkansas,AR,Craighead,$3.913,2026-09-15
Arkansas,AR,Crawford,$4.019,2026-09-15
Arkansas,AR,Crittenden,$3.939,2026-09-15
Arkansas,AR,Cross,$3.971,2026-09-15
Arkansas,AR,Dallas,$3.832,2026-09-15
Arkansas,AR,Desha,$4.149,2026-09-15
Arkansas,AR,Drew,$4.081,2026-09-15
Arkansas,AR,Faulkner,$3.906,2026-09-15
Arkansas,AR,Franklin,$3.999,2026-09-15
Arkansas,AR,Fulton,$4.109,2026-09-15
Arkansas,AR,Garland,$3.847,2026-09-15
Arkansas,AR,Grant,$3.949,2026-09-15
Arkansas,AR,Greene,$3.896,2026-09-15
Arkansas,AR,Hempstead,$3.994,2026-09-15
Arkansas,AR,Hot Spring,$3.860,2026-09-15
Arkansas,AR,Howard,$4.162,2026-09-15
Arkansas,AR,Independence,$3.983,2026-09-15
Arkansas,AR,Izard,$3.901,2026-09-15
Arkansas,AR,Jackson,$3.899,2026-09-15
Arkansas,AR,Jefferson,$3.889,2026-09-15
Arkansas,AR,Johnson,$4.062,2026-09-15
Arkansas,AR,Lafayette,$4.119,2026-09-15
Arkansas,AR,Lawrence,$3.968,2026-09-15
Arkansas,AR,Lee,$3.999,2026-09-15
Arkansas,AR,Lincoln,$3.999,2026-09-15
Arkansas,AR,Little River,$4.089,2026-09-15
Arkansas,AR,Logan,$4.132,2026-09-15
Arkansas,AR,Lonoke,$3.893,2026-09-15
Arkansas,AR,Madison,$3.982,2026-09-15
Arkansas,AR,Marion,$4.054,2026-09-15
Arkansas,AR,Miller,$3.930,2026-09-15
Arkansas,AR,Mississippi,$3.979,2026-09-15
Arkansas,AR,Monroe,$3.943,2026-09-15
Arkansas,AR,Montgomery,$4.212,2026-09-15
Arkansas,AR,Nevada,$3.898,2026-09-15
Arkansas,AR,Newton,$4.210,2026-09-15
Arkansas,AR,Ouachita,$4.009,2026-09-15
Arkansas,AR,Perry,$3.859,2026-09-15
Arkansas,AR,Phillips,$3.991,2026-09-15
Arkansas,AR,Pike,$4.008,2026-09-15
Arkansas,AR,Poinsett,$3.989,2026-09-15
Arkansas,AR,Polk,$3.993,2026-09-15
Arkansas,AR,Pope,$3.897,2026-09-15
Arkansas,AR,Prairie,$3.892,2026-09-15
Arkansas,AR,Pulaski,$3.916,2026-09-15
Arkansas,AR,Randolph,$3.942,2026-09-15
Arkansas,AR,Saline,$3.900,2026-09-15
Arkansas,AR,Scott,$3.949,2026-09-15
Arkansas,AR,Searcy,$4.010,2026-09-15
Arkansas,AR,Sebastian,$3.962,2026-09-15
Arkansas,AR,Sevier,$4.021,2026-09-15
Arkansas,AR,Sharp,$3.898,2026-09-15
Arkansas,AR,Saint Francis,$3.940,2026-09-15
Arkansas,AR,Stone,$4.066,2026-09-15
Arkansas,AR,Union,$4.057,2026-09-15
Arkansas,AR,Van Buren,$3.898,2026-09-15
Arkansas,AR,Washington,$4.024,2026-09-15
Arkansas,AR,White,$3.835,2026-09-15
Arkansas,AR,Woodruff,$3.949,2026-09-15
Arkansas,AR,Yell,$3.972,2026-09-15
California,CA,Alameda,$6.090,2026-09-15
California,CA,Alpine,,2026-09-15
California,CA,Amador,$5.849,2026-09-15
California,CA,Butte,$5.781,2026-09-15
California,CA,Calaveras,$5.982,2026-09-15
California,CA,Colusa,$5.921,2026-09-15
California,CA,Contra Costa,$6.046,2026-09-15
California,CA,Del Norte,$6.122,2026-09-15
California,CA,El Dorado,$6.071,2026-09-15
California,CA,Fresno,$5.999,2026-09-15
California,CA,Glenn,$5.862,2026-09-15
California,CA,Humboldt,$6.488,2026-09-15
California,CA,Imperial,$5.778,2026-09-15
California,CA,Inyo,$6.293,2026-09-15
California,CA,Kern,$5.953,2026-09-15
California,CA,Kings,$5.994,2026-09-15
California,CA,Lake,$6.050,2026-09-15
California,CA,Lassen,$5.893,2026-09-15
California,CA,Los Angeles,$6.062,2026-09-15
California,CA,Madera,$6.031,2026-09-15
California,CA,Marin,$6.185,2026-09-15
California,CA,Mariposa,$6.239,2026-09-15
California,CA,Mendocino,$6.018,2026-09-15
California,CA,Merced,$5.920,2026-09-15
California,CA,Modoc,$6.010,2026-09-15
California,CA,Mono,$7.087,2026-09-15
California,CA,Monterey,$6.214,2026-09-15
California,CA,Napa,$6.147,2026-09-15
California,CA,Nevada,$6.234,2026-09-15
California,CA,Orange,$6.039,2026-09-15
California,CA,Placer,$6.060,2026-09-15
California,CA,Plumas,$5.957,2026-09-15
California,CA,Riverside,$5.950,2026-09-15
California,CA,Sacramento,$5.919,2026-09-15
California,CA,San Benito,$6.063,2026-09-15
California,CA,San Bernardino,$5.936,2026-09-15
California,CA,San Diego,$6.088,2026-09-15
California,CA,San Francisco,$6.095,2026-09-15
California,CA,San Joaquin,$5.885,2026-09-15
California,CA,San Luis Obispo,$6.209,2026-09-15
California,CA,San Mateo,$6.206,2026-09-15
California,CA,Santa Barbara,$6.031,2026-09-15
California,CA,Santa Clara,$5.998,2026-09-15
California,CA,Santa Cruz,$6.054,2026-09-15
California,CA,Shasta,$5.812,2026-09-15
California,CA,Sierra,$6.374,2026-09-15
California,CA,Siskiyou,$6.182,2026-09-15
California,CA,Solano,$5.982,2026-09-15
California,CA,Sonoma,$6.235,2026-09-15
California,CA,Stanislaus,$5.851,2026-09-15
California,CA,Sutter,$5.735,2026-09-15
California,CA,Tehama,$5.774,2026-09-15
California,CA,Trinity,$6.119,2026-09-15
California,CA,Tulare,$5.984,2026-09-15
California,CA,Tuolumne,$5.848,2026-09-15
California,CA,Ventura,$5.972,2026-09-15
California,CA,Yolo,$5.957,2026-09-15
California,CA,Yuba,$5.737,2026-09-15
Colorado,CO,Adams,$4.172,2026-09-15
Colorado,CO,Alamosa,$4.263,2026-09-15
Colorado,CO,Arapahoe,$4.225,2026-09-15
Colorado,CO,Archuleta,$4.582,2026-09-15
Colorado,CO,Baca,$4.157,2026-09-15
Colorado,CO,Bent,$4.076,2026-09-15
Colorado,CO,Boulder,$4.381,2026-09-15
Colorado,CO,Broomfield,$4.247,2026-09-15
Colorado,CO,Chaffee,$4.510,2026-09-15
Colorado,CO,Cheyenne,$4.089,2026-09-15
Colorado,CO,Clear Creek,$4.620,2026-09-15
Colorado,CO,Conejos,$4.339,2026-09-15
Colorado,CO,Costilla,$4.399,2026-09-15
Colorado,CO,Crowley,$4.099,2026-09-15
Colorado,CO,Custer,$4.266,2026-09-15
Colorado,CO,Delta,$4.479,2026-09-15
Colorado,CO,Denver,$4.250,2026-09-15
Colorado,CO,Dolores,$4.619,2026-09-15
Colorado,CO,Douglas,$4.242,2026-09-15
Colorado,CO,Eagle,$4.757,2026-09-15
Colorado,CO,El Paso,$4.233,2026-09-15
Colorado,CO,Elbert,$4.462,2026-09-15
Colorado,CO,Fremont,$4.178,2026-09-15
Colorado,CO,Garfield,$4.792,2026-09-15
Colorado,CO,Gilpin,$4.499,2026-09-15
Colorado,CO,Grand,$4.614,2026-09-15
Colorado,CO,Gunnison,$4.535,2026-09-15
Colorado,CO,Hinsdale,$5.169,2026-09-15
Colorado,CO,Huerfano,$4.345,2026-09-15
Colorado,CO,Jackson,$4.899,2026-09-15
Colorado,CO,Jefferson,$4.288,2026-09-15
Colorado,CO,Kiowa,$3.966,2026-09-15
Colorado,CO,Kit Carson,$4.151,2026-09-15
Colorado,CO,La Plata,$4.676,2026-09-15
Colorado,CO,Lake,$4.607,2026-09-15
Colorado,CO,Larimer,$4.273,2026-09-15
Colorado,CO,Las Animas,$4.252,2026-09-15
Colorado,CO,Lincoln,$3.977,2026-09-15
Colorado,CO,Logan,$4.448,2026-09-15
Colorado,CO,Mesa,$4.464,2026-09-15
Colorado,CO,Mineral,,2026-09-15
Colorado,CO,Moffat,$4.626,2026-09-15
Colorado,CO,Montezuma,$4.510,2026-09-15
Colorado,CO,Montrose,$4.595,2026-09-15
Colorado,CO,Morgan,$4.388,2026-09-15
Colorado,CO,Otero,$4.193,2026-09-15
Colorado,CO,Ouray,$4.991,2026-09-15
Colorado,CO,Park,$4.477,2026-09-15
Colorado,CO,Phillips,$4.709,2026-09-15
Colorado,CO,Pitkin,$5.875,2026-09-15
Colorado,CO,Prowers,$4.033,2026-09-15
Colorado,CO,Pueblo,$4.086,2026-09-15
Colorado,CO,Rio Blanco,$4.546,2026-09-15
Colorado,CO,Rio Grande,$4.298,2026-09-15
Colorado,CO,Routt,$4.876,2026-09-15
Colorado,CO,Saguache,$4.499,2026-09-15
Colorado,CO,San Juan,$4.859,2026-09-15
Colorado,CO,San Miguel,$5.049,2026-09-15
Colorado,CO,Sedgwick,$4.632,2026-09-15
Colorado,CO,Summit,$4.603,2026-09-15
Colorado,CO,Teller,$4.365,2026-09-15
Colorado,CO,Washington,$4.362,2026-09-15
Colorado,CO,Weld,$4.161,2026-09-15
Colorado,CO,Yuma,$4.361,2026-09-15
Connecticut,CT,Fairfield,$4.518,2026-09-15
Connecticut,CT,Hartford,$4.445,2026-09-15
Connecticut,CT,Litchfield,$4.442,2026-09-15
Connecticut,CT,Middlesex,$4.418,2026-09-15
Connecticut,CT,New Haven,$4.416,2026-09-15
Connecticut,CT,New London,$4.438,2026-09-15
Connecticut,CT,Tolland,$4.421,2026-09-15
Connecticut,CT,Windham,$4.481,2026-09-15
Delaware,DE,Kent,$4.375,2026-09-15
Delaware,DE,New castle,$4.359,2026-09-15
Delaware,DE,Sussex,$4.372,2026-09-15
Florida,FL,Alachua,$4.197,2026-09-15
Florida,FL,Baker,$4.084,2026-09-15
Florida,FL,Bay,$3.935,2026-09-15
Florida,FL,Bradford,$4.087,2026-09-15
Florida,FL,Brevard,$4.089,2026-09-15
Florida,FL,Broward,$4.161,2026-09-15
Florida,FL,Calhoun,$4.153,2026-09-15
Florida,FL,Charlotte,$4.084,2026-09-15
Florida,FL,Citrus,$4.127,2026-09-15
Florida,FL,Clay,$4.103,2026-09-15
Florida,FL,Collier,$4.175,2026-09-15
Florida,FL,Columbia,$4.132,2026-09-15
Florida,FL,De Soto,$4.088,2026-09-15
Florida,FL,Dixie,$4.216,2026-09-15
Florida,FL,Duval,$4.125,2026-09-15
Florida,FL,Escambia,$3.941,2026-09-15
Florida,FL,Flagler,$4.177,2026-09-15
Florida,FL,Franklin,$4.022,2026-09-15
Florida,FL,Gadsden,$4.098,2026-09-15
Florida,FL,Gilchrist,$4.168,2026-09-15
Florida,FL,Glades,$4.144,2026-09-15
Florida,FL,Gulf,$4.043,2026-09-15
Florida,FL,Hamilton,$4.048,2026-09-15
Florida,FL,Hardee,$4.121,2026-09-15
Florida,FL,Hendry,$4.178,2026-09-15
Florida,FL,Hernando,$4.116,2026-09-15
Florida,FL,Highlands,$4.139,2026-09-15
Florida,FL,Hillsborough,$4.124,2026-09-15
Florida,FL,Holmes,$4.042,2026-09-15
Florida,FL,Indian River,$4.116,2026-09-15
Florida,FL,Jackson,$3.988,2026-09-15
Florida,FL,Jefferson,$4.166,2026-09-15
Florida,FL,Lafayette,$4.266,2026-09-15
Florida,FL,Lake,$4.119,2026-09-15
Florida,FL,Lee,$4.110,2026-09-15
Florida,FL,Leon,$4.041,2026-09-15
Florida,FL,Levy,$4.164,2026-09-15
Florida,FL,Liberty,$4.179,2026-09-15
Florida,FL,Madison,$4.169,2026-09-15
Florida,FL,Manatee,$4.099,2026-09-15
Florida,FL,Marion,$4.127,2026-09-15
Florida,FL,Martin,$4.104,2026-09-15
Florida,FL,Miami Dade,$4.129,2026-09-15
Florida,FL,Monroe,$4.345,2026-09-15
Florida,FL,Nassau,$4.113,2026-09-15
Florida,FL,Okaloosa,$3.957,2026-09-15
Florida,FL,Okeechobee,$4.162,2026-09-15
Florida,FL,Orange,$4.135,2026-09-15
Florida,FL,Osceola,$4.107,2026-09-15
Florida,FL,Palm Beach,$4.277,2026-09-15
Florida,FL,Pasco,$4.095,2026-09-15
Florida,FL,Pinellas,$4.131,2026-09-15
Florida,FL,Polk,$4.094,2026-09-15
Florida,FL,Putnam,$4.030,2026-09-15
Florida,FL,Santa Rosa,$3.989,2026-09-15
Florida,FL,Sarasota,$4.092,2026-09-15
Florida,FL,Seminole,$4.147,2026-09-15
Florida,FL,Saint Johns,$4.139,2026-09-15
Florida,FL,Saint Lucie,$4.130,2026-09-15
Florida,FL,Sumter,$4.089,2026-09-15
Florida,FL,Suwannee,$4.215,2026-09-15
Florida,FL,Taylor,$4.190,2026-09-15
Florida,FL,Union,$4.205,2026-09-15
Florida,FL,Volusia,$4.146,2026-09-15
Florida,FL,Wakulla,$4.016,2026-09-15
Florida,FL,Walton,$3.973,2026-09-15
Florida,FL,Washington,$4.056,2026-09-15
Georgia,GA,Appling,$4.018,2026-09-15
Georgia,GA,Atkinson,$4.092,2026-09-15
Georgia,GA,Bacon,$4.146,2026-09-15
Georgia,GA,Bibb,$4.076,2026-09-15
Georgia,GA,Bulloch,$4.111,2026-09-15
Georgia,GA,Baldwin,$3.994,2026-09-15
Georgia,GA,Brantley,$4.137,2026-09-15
Georgia,GA,Ben Hill,$4.021,2026-09-15
Georgia,GA,Berrien,$4.145,2026-09-15
Georgia,GA,Baker,$4.299,2026-09-15
Georgia,GA,Bleckley,$4.168,2026-09-15
Georgia,GA,Banks,$4.039,2026-09-15
Georgia,GA,Brooks,$4.116,2026-09-15
Georgia,GA,Bryan,$4.151,2026-09-15
Georgia,GA,Butts,$4.001,2026-09-15
Georgia,GA,Bartow,$3.962,2026-09-15
Georgia,GA,Burke,$4.087,2026-09-15
Georgia,GA,Barrow,$4.015,2026-09-15
Georgia,GA,Chatham,$4.138,2026-09-15
Georgia,GA,Cobb,$4.005,2026-09-15
Georgia,GA,Chattahoochee,$4.132,2026-09-15
Georgia,GA,Crawford,$4.199,2026-09-15
Georgia,GA,Cherokee,$4.010,2026-09-15
Georgia,GA,Coffee,$4.076,2026-09-15
Georgia,GA,Chattooga,$4.003,2026-09-15
Georgia,GA,Charlton,$4.106,2026-09-15
Georgia,GA,Clinch,$4.166,2026-09-15
Georgia,GA,Clarke,$3.998,2026-09-15
Georgia,GA,Calhoun,$4.199,2026-09-15
Georgia,GA,Camden,$4.041,2026-09-15
Georgia,GA,Candler,$4.194,2026-09-15
Georgia,GA,Cook,$4.027,2026-09-15
Georgia,GA,Crisp,$3.944,2026-09-15
Georgia,GA,Colquitt,$4.018,2026-09-15
Georgia,GA,Carroll,$3.987,2026-09-15
Georgia,GA,Catoosa,$3.954,2026-09-15
Georgia,GA,Clayton,$4.006,2026-09-15
Georgia,GA,Columbia,$4.100,2026-09-15
Georgia,GA,Coweta,$4.042,2026-09-15
Georgia,GA,Clay,$4.199,2026-09-15
Georgia,GA,Dade,$3.989,2026-09-15
Georgia,GA,Decatur,$4.009,2026-09-15
Georgia,GA,Douglas,$4.006,2026-09-15
Georgia,GA,DeKalb,$4.046,2026-09-15
Georgia,GA,Dooly,$4.082,2026-09-15
Georgia,GA,Dodge,$4.102,2026-09-15
Georgia,GA,Dougherty,$4.019,2026-09-15
Georgia,GA,Dawson,$4.030,2026-09-15
Georgia,GA,Early,$4.193,2026-09-15
Georgia,GA,Echols,$4.099,2026-09-15
Georgia,GA,Effingham,$4.083,2026-09-15
Georgia,GA,Elbert,$4.009,2026-09-15
Georgia,GA,Emanuel,$4.066,2026-09-15
Georgia,GA,Evans,$4.077,2026-09-15
Georgia,GA,Fannin,$4.070,2026-09-15
Georgia,GA,Floyd,$4.037,2026-09-15
Georgia,GA,Forsyth,$4.018,2026-09-15
Georgia,GA,Franklin,$4.038,2026-09-15
Georgia,GA,Fulton,$4.154,2026-09-15
Georgia,GA,Fayette,$4.062,2026-09-15
Georgia,GA,Greene,$4.007,2026-09-15
Georgia,GA,Gilmer,$4.030,2026-09-15
Georgia,GA,Glascock,$3.999,2026-09-15
Georgia,GA,Gordon,$4.082,2026-09-15
Georgia,GA,Grady,$4.103,2026-09-15
Georgia,GA,Gwinnett,$3.998,2026-09-15
Georgia,GA,Glynn,$4.012,2026-09-15
Georgia,GA,Habersham,$3.991,2026-09-15
Georgia,GA,Heard,$4.059,2026-09-15
Georgia,GA,Harris,$4.095,2026-09-15
Georgia,GA,Hall,$3.997,2026-09-15
Georgia,GA,Hancock,$3.999,2026-09-15
Georgia,GA,Houston,$4.031,2026-09-15
Georgia,GA,Haralson,$3.964,2026-09-15
Georgia,GA,Hart,$3.967,2026-09-15
Georgia,GA,Henry,$4.004,2026-09-15
Georgia,GA,Irwin,$4.101,2026-09-15
Georgia,GA,Jackson,$3.980,2026-09-15
Georgia,GA,Jeff Davis,$4.025,2026-09-15
Georgia,GA,Jefferson,$4.079,2026-09-15
Georgia,GA,Jenkins,$4.071,2026-09-15
Georgia,GA,Jones,$3.999,2026-09-15
Georgia,GA,Johnson,$4.059,2026-09-15
Georgia,GA,Jasper,$4.029,2026-09-15
Georgia,GA,Lamar,$4.099,2026-09-15
Georgia,GA,Lincoln,$4.016,2026-09-15
Georgia,GA,Lee,$3.986,2026-09-15
Georgia,GA,Liberty,$4.123,2026-09-15
Georgia,GA,Lanier,$4.032,2026-09-15
Georgia,GA,Long,$4.104,2026-09-15
Georgia,GA,Lumpkin,$4.059,2026-09-15
Georgia,GA,Laurens,$3.992,2026-09-15
Georgia,GA,Lowndes,$3.978,2026-09-15
Georgia,GA,Macon,$4.182,2026-09-15
Georgia,GA,Mcduffie,$3.947,2026-09-15
Georgia,GA,Madison,$3.984,2026-09-15
Georgia,GA,Meriwether,$4.093,2026-09-15
Georgia,GA,Montgomery,$4.149,2026-09-15
Georgia,GA,Mcintosh,$4.015,2026-09-15
Georgia,GA,Miller,$4.087,2026-09-15
Georgia,GA,Morgan,$3.952,2026-09-15
Georgia,GA,Monroe,$4.074,2026-09-15
Georgia,GA,Marion,$4.199,2026-09-15
Georgia,GA,Muscogee,$4.044,2026-09-15
Georgia,GA,Mitchell,$4.087,2026-09-15
Georgia,GA,Murray,$4.059,2026-09-15
Georgia,GA,Newton,$4.027,2026-09-15
Georgia,GA,Oconee,$4.016,2026-09-15
Georgia,GA,Oglethorpe,$4.055,2026-09-15
Georgia,GA,Peach,$4.026,2026-09-15
Georgia,GA,Pickens,$3.971,2026-09-15
Georgia,GA,Paulding,$4.007,2026-09-15
Georgia,GA,Pierce,$4.172,2026-09-15
Georgia,GA,Pike,$4.035,2026-09-15
Georgia,GA,Pulaski,$4.079,2026-09-15
Georgia,GA,Polk,$3.980,2026-09-15
Georgia,GA,Putnam,$4.046,2026-09-15
Georgia,GA,Quitman,$4.016,2026-09-15
Georgia,GA,Randolph,$4.024,2026-09-15
Georgia,GA,Rabun,$3.974,2026-09-15
Georgia,GA,Richmond,$4.127,2026-09-15
Georgia,GA,Rockdale,$4.012,2026-09-15
Georgia,GA,Schley,$3.949,2026-09-15
Georgia,GA,Stephens,$3.956,2026-09-15
Georgia,GA,Seminole,$4.154,2026-09-15
Georgia,GA,Spalding,$4.022,2026-09-15
Georgia,GA,Screven,$4.119,2026-09-15
Georgia,GA,Stewart,$4.149,2026-09-15
Georgia,GA,Sumter,$4.034,2026-09-15
Georgia,GA,Taliaferro,$4.049,2026-09-15
Georgia,GA,Talbot,$4.111,2026-09-15
Georgia,GA,Treutlen,$4.135,2026-09-15
Georgia,GA,Telfair,$4.112,2026-09-15
Georgia,GA,Thomas,$4.150,2026-09-15
Georgia,GA,Tift,$4.050,2026-09-15
Georgia,GA,Terrell,$3.979,2026-09-15
Georgia,GA,Toombs,$4.153,2026-09-15
Georgia,GA,Towns,$3.999,2026-09-15
Georgia,GA,Troup,$4.005,2026-09-15
Georgia,GA,Tattnall,$4.153,2026-09-15
Georgia,GA,Turner,$4.094,2026-09-15
Georgia,GA,Twiggs,$4.272,2026-09-15
Georgia,GA,Taylor,$4.163,2026-09-15
Georgia,GA,Union,$4.037,2026-09-15
Georgia,GA,Upson,$3.998,2026-09-15
Georgia,GA,Ware,$4.126,2026-09-15
Georgia,GA,Wilcox,$3.999,2026-09-15
Georgia,GA,Wheeler,$4.079,2026-09-15
Georgia,GA,Washington,$3.890,2026-09-15
Georgia,GA,Whitfield,$4.038,2026-09-15
Georgia,GA,Wilkinson,$4.028,2026-09-15
Georgia,GA,Walker,$4.018,2026-09-15
Georgia,GA,Wilkes,$4.029,2026-09-15
Georgia,GA,Walton,$3.994,2026-09-15
Georgia,GA,Worth,$4.020,2026-09-15
Georgia,GA,Warren,$3.999,2026-09-15
Georgia,GA,Webster,$4.149,2026-09-15
Georgia,GA,White,$4.040,2026-09-15
Georgia,GA,Wayne,$4.059,2026-09-15
Hawaii,HI,Hawaii,$5.529,2026-09-15
Hawaii,HI,Honolulu,$5.384,2026-09-15
Hawaii,HI,Kalawao,,2026-09-15
Hawaii,HI,Kauai,$5.724,2026-09-15
Hawaii,HI,Maui,$5.543,2026-09-15
Idaho,ID,Ada,$4.811,2026-09-15
Idaho,ID,Adams,$5.069,2026-09-15
Idaho,ID,Bannock,$4.825,2026-09-15
Idaho,ID,Bear Lake,$4.829,2026-09-15
Idaho,ID,Benewah,$4.774,2026-09-15
Idaho,ID,Bingham,$4.827,2026-09-15
Idaho,ID,Blaine,$5.022,2026-09-15
Idaho,ID,Boise,$5.304,2026-09-15
Idaho,ID,Bonner,$4.766,2026-09-15
Idaho,ID,Bonneville,$4.797,2026-09-15
Idaho,ID,Boundary,$4.810,2026-09-15
Idaho,ID,Butte,$4.949,2026-09-15
Idaho,ID,Camas,$5.149,2026-09-15
Idaho,ID,Canyon,$4.816,2026-09-15
Idaho,ID,Caribou,$4.872,2026-09-15
Idaho,ID,Cassia,$4.896,2026-09-15
Idaho,ID,Clark,$5.499,2026-09-15
Idaho,ID,Clearwater,$4.699,2026-09-15
Idaho,ID,Custer,$4.970,2026-09-15
Idaho,ID,Elmore,$4.841,2026-09-15
Idaho,ID,Franklin,$4.762,2026-09-15
Idaho,ID,Fremont,$5.090,2026-09-15
Idaho,ID,Gem,$4.810,2026-09-15
Idaho,ID,Gooding,$4.899,2026-09-15
Idaho,ID,Idaho,$4.801,2026-09-15
Idaho,ID,Jefferson,$4.854,2026-09-15
Idaho,ID,Jerome,$4.886,2026-09-15
Idaho,ID,Kootenai,$4.667,2026-09-15
Idaho,ID,Latah,$4.778,2026-09-15
Idaho,ID,Lemhi,$4.802,2026-09-15
Idaho,ID,Lewis,$4.715,2026-09-15
Idaho,ID,Lincoln,$4.899,2026-09-15
Idaho,ID,Madison,$4.856,2026-09-15
Idaho,ID,Minidoka,$4.805,2026-09-15
Idaho,ID,Nez perce,$4.680,2026-09-15
Idaho,ID,Oneida,$4.819,2026-09-15
Idaho,ID,Owyhee,$4.849,2026-09-15
Idaho,ID,Payette,$5.007,2026-09-15
Idaho,ID,Power,$4.799,2026-09-15
Idaho,ID,Shoshone,$4.983,2026-09-15
Idaho,ID,Teton,$4.881,2026-09-15
Idaho,ID,Twin falls,$4.902,2026-09-15
Idaho,ID,Valley,$5.034,2026-09-15
Idaho,ID,Washington,$5.054,2026-09-15
Illinois,IL,Adams,$4.486,2026-09-15
Illinois,IL,Alexander,$4.699,2026-09-15
Illinois,IL,Bond,$4.433,2026-09-15
Illinois,IL,Boone,$4.518,2026-09-15
Illinois,IL,Brown,$4.399,2026-09-15
Illinois,IL,Bureau,$4.452,2026-09-15
Illinois,IL,Calhoun,$4.299,2026-09-15
Illinois,IL,Carroll,$4.494,2026-09-15
Illinois,IL,Cass,$4.470,2026-09-15
Illinois,IL,Champaign,$4.464,2026-09-15
Illinois,IL,Christian,$4.487,2026-09-15
Illinois,IL,Clark,$4.399,2026-09-15
Illinois,IL,Clay,$4.479,2026-09-15
Illinois,IL,Clinton,$4.430,2026-09-15
Illinois,IL,Coles,$4.438,2026-09-15
Illinois,IL,Cook,$4.661,2026-09-15
Illinois,IL,Crawford,$4.472,2026-09-15
Illinois,IL,Cumberland,$4.442,2026-09-15
Illinois,IL,Dewitt,$4.591,2026-09-15
Illinois,IL,De Kalb,$4.480,2026-09-15
Illinois,IL,Douglas,$4.414,2026-09-15
Illinois,IL,Du Page,$4.573,2026-09-15
Illinois,IL,Edgar,$4.463,2026-09-15
Illinois,IL,Edwards,$4.499,2026-09-15
Illinois,IL,Effingham,$4.269,2026-09-15
Illinois,IL,Fayette,$4.474,2026-09-15
Illinois,IL,Ford,$4.368,2026-09-15
Illinois,IL,Franklin,$4.468,2026-09-15
Illinois,IL,Fulton,$4.532,2026-09-15
Illinois,IL,Gallatin,$4.274,2026-09-15
Illinois,IL,Greene,$4.445,2026-09-15
Illinois,IL,Grundy,$4.316,2026-09-15
Illinois,IL,Hamilton,$4.449,2026-09-15
Illinois,IL,Hancock,$4.533,2026-09-15
Illinois,IL,Hardin,$4.499,2026-09-15
Illinois,IL,Henderson,$4.627,2026-09-15
Illinois,IL,Henry,$4.517,2026-09-15
Illinois,IL,Iroquois,$4.473,2026-09-15
Illinois,IL,Jackson,$4.513,2026-09-15
Illinois,IL,Jasper,$4.466,2026-09-15
Illinois,IL,Jefferson,$4.366,2026-09-15
Illinois,IL,Jersey,$4.387,2026-09-15
Illinois,IL,Jo Daviess,$4.507,2026-09-15
Illinois,IL,Johnson,$4.449,2026-09-15
Illinois,IL,Kane,$4.576,2026-09-15
Illinois,IL,Kankakee,$4.552,2026-09-15
Illinois,IL,Kendall,$4.552,2026-09-15
Illinois,IL,Knox,$4.511,2026-09-15
Illinois,IL,La Salle,$4.420,2026-09-15
Illinois,IL,Lake,$4.469,2026-09-15
Illinois,IL,Lawrence,$4.416,2026-09-15
Illinois,IL,Lee,$4.507,2026-09-15
Illinois,IL,Livingston,$4.381,2026-09-15
Illinois,IL,Logan,$4.416,2026-09-15
Illinois,IL,Macon,$4.419,2026-09-15
Illinois,IL,Macoupin,$4.416,2026-09-15
Illinois,IL,Madison,$4.425,2026-09-15
Illinois,IL,Marion,$4.472,2026-09-15
Illinois,IL,Marshall,$4.434,2026-09-15
Illinois,IL,Mason,$4.460,2026-09-15
Illinois,IL,Massac,$4.532,2026-09-15
Illinois,IL,McDonough,$4.477,2026-09-15
Illinois,IL,McHenry,$4.428,2026-09-15
Illinois,IL,McLean,$4.440,2026-09-15
Illinois,IL,Menard,$4.499,2026-09-15
Illinois,IL,Mercer,$4.613,2026-09-15
Illinois,IL,Monroe,$4.536,2026-09-15
Illinois,IL,Montgomery,$4.482,2026-09-15
Illinois,IL,Morgan,$4.444,2026-09-15
Illinois,IL,Moultrie,$4.506,2026-09-15
Illinois,IL,Ogle,$4.406,2026-09-15
Illinois,IL,Peoria,$4.589,2026-09-15
Illinois,IL,Perry,$4.499,2026-09-15
Illinois,IL,Piatt,$4.469,2026-09-15
Illinois,IL,Pike,$4.440,2026-09-15
Illinois,IL,Pope,$4.399,2026-09-15
Illinois,IL,Pulaski,$4.549,2026-09-15
Illinois,IL,Putnam,$4.299,2026-09-15
Illinois,IL,Randolph,$4.430,2026-09-15
Illinois,IL,Richland,$4.304,2026-09-15
Illinois,IL,Rock Island,$4.517,2026-09-15
Illinois,IL,Saline,$4.463,2026-09-15
Illinois,IL,Sangamon,$4.426,2026-09-15
Illinois,IL,Schuyler,$4.403,2026-09-15
Illinois,IL,Scott,$4.199,2026-09-15
Illinois,IL,Shelby,$4.437,2026-09-15
Illinois,IL,Saint Clair,$4.519,2026-09-15
Illinois,IL,Stark,$4.612,2026-09-15
Illinois,IL,Stephenson,$4.533,2026-09-15
Illinois,IL,Tazewell,$4.547,2026-09-15
Illinois,IL,Union,$4.482,2026-09-15
Illinois,IL,Vermilion,$4.475,2026-09-15
Illinois,IL,Wabash,$4.334,2026-09-15
Illinois,IL,Warren,$4.498,2026-09-15
Illinois,IL,Washington,$4.459,2026-09-15
Illinois,IL,Wayne,$4.419,2026-09-15
Illinois,IL,White,$4.402,2026-09-15
Illinois,IL,Whiteside,$4.388,2026-09-15
Illinois,IL,Will,$4.560,2026-09-15
Illinois,IL,Williamson,$4.430,2026-09-15
Illinois,IL,Winnebago,$4.448,2026-09-15
Illinois,IL,Woodford,$4.502,2026-09-15
Indiana,IN,Adams,$3.589,2026-09-15
Indiana,IN,Allen,$3.577,2026-09-15
Indiana,IN,Bartholomew,$3.517,2026-09-15
Indiana,IN,Benton,$3.643,2026-09-15
Indiana,IN,Blackford,$3.517,2026-09-15
Indiana,IN,Boone,$3.561,2026-09-15
Indiana,IN,Brown,$3.591,2026-09-15
Indiana,IN,Carroll,$3.866,2026-09-15
Indiana,IN,Cass,$3.583,2026-09-15
Indiana,IN,Clark,$3.531,2026-09-15
Indiana,IN,Clay,$3.545,2026-09-15
Indiana,IN,Clinton,$3.611,2026-09-15
Indiana,IN,Crawford,$3.699,2026-09-15
Indiana,IN,Daviess,$3.625,2026-09-15
Indiana,IN,De Kalb,$3.562,2026-09-15
Indiana,IN,Dearborn,$3.701,2026-09-15
Indiana,IN,Decatur,$3.591,2026-09-15
Indiana,IN,Delaware,$3.609,2026-09-15
Indiana,IN,Dubois,$3.546,2026-09-15
Indiana,IN,Elkhart,$3.586,2026-09-15
Indiana,IN,Fayette,$3.611,2026-09-15
Indiana,IN,Floyd,$3.563,2026-09-15
Indiana,IN,Fountain,$3.643,2026-09-15
Indiana,IN,Franklin,$3.766,2026-09-15
Indiana,IN,Fulton,$3.614,2026-09-15
Indiana,IN,Gibson,$3.603,2026-09-15
Indiana,IN,Grant,$3.583,2026-09-15
Indiana,IN,Greene,$3.470,2026-09-15
Indiana,IN,Hamilton,$3.581,2026-09-15
Indiana,IN,Hancock,$3.593,2026-09-15
Indiana,IN,Harrison,$3.645,2026-09-15
Indiana,IN,Hendricks,$3.586,2026-09-15
Indiana,IN,Henry,$3.576,2026-09-15
Indiana,IN,Howard,$3.522,2026-09-15
Indiana,IN,Huntington,$3.666,2026-09-15
Indiana,IN,Jackson,$3.632,2026-09-15
Indiana,IN,Jasper,$3.635,2026-09-15
Indiana,IN,Jay,$3.605,2026-09-15
Indiana,IN,Jefferson,$3.636,2026-09-15
Indiana,IN,Jennings,$3.546,2026-09-15
Indiana,IN,Johnson,$3.539,2026-09-15
Indiana,IN,Knox,$3.719,2026-09-15
Indiana,IN,Kosciusko,$3.543,2026-09-15
Indiana,IN,La Porte,$3.742,2026-09-15
Indiana,IN,Lagrange,$3.620,2026-09-15
Indiana,IN,Lake,$3.693,2026-09-15
Indiana,IN,Lawrence,$3.530,2026-09-15
Indiana,IN,Madison,$3.577,2026-09-15
Indiana,IN,Marion,$3.554,2026-09-15
Indiana,IN,Marshall,$3.522,2026-09-15
Indiana,IN,Martin,$3.539,2026-09-15
Indiana,IN,Miami,$3.631,2026-09-15
Indiana,IN,Monroe,$3.593,2026-09-15
Indiana,IN,Montgomery,$3.620,2026-09-15
Indiana,IN,Morgan,$3.554,2026-09-15
Indiana,IN,Newton,$3.541,2026-09-15
Indiana,IN,Noble,$3.582,2026-09-15
Indiana,IN,Ohio,$3.599,2026-09-15
Indiana,IN,Orange,$3.570,2026-09-15
Indiana,IN,Owen,$3.648,2026-09-15
Indiana,IN,Parke,$3.612,2026-09-15
Indiana,IN,Perry,$3.542,2026-09-15
Indiana,IN,Pike,$3.599,2026-09-15
Indiana,IN,Porter,$3.671,2026-09-15
Indiana,IN,Posey,$3.595,2026-09-15
Indiana,IN,Pulaski,$3.699,2026-09-15
Indiana,IN,Putnam,$3.635,2026-09-15
Indiana,IN,Randolph,$3.669,2026-09-15
Indiana,IN,Ripley,$3.678,2026-09-15
Indiana,IN,Rush,$3.586,2026-09-15
Indiana,IN,Scott,$3.461,2026-09-15
Indiana,IN,Shelby,$3.612,2026-09-15
Indiana,IN,Spencer,$3.545,2026-09-15
Indiana,IN,St Joseph,$3.565,2026-09-15
Indiana,IN,Starke,$3.697,2026-09-15
Indiana,IN,Steuben,$3.537,2026-09-15
Indiana,IN,Sullivan,$3.578,2026-09-15
Indiana,IN,Switzerland,$3.779,2026-09-15
Indiana,IN,Tippecanoe,$3.708,2026-09-15
Indiana,IN,Tipton,$3.575,2026-09-15
Indiana,IN,Union,$3.674,2026-09-15
Indiana,IN,Vanderburgh,$3.477,2026-09-15
Indiana,IN,Vermillion,$3.574,2026-09-15
Indiana,IN,Vigo,$3.511,2026-09-15
Indiana,IN,Wabash,$3.684,2026-09-15
Indiana,IN,Warren,$3.654,2026-09-15
Indiana,IN,Warrick,$3.606,2026-09-15
Indiana,IN,Washington,$3.459,2026-09-15
Indiana,IN,Wayne,$3.600,2026-09-15
Indiana,IN,Wells,$3.402,2026-09-15
Indiana,IN,White,$3.650,2026-09-15
Indiana,IN,Whitley,$3.627,2026-09-15
Iowa,IA,Adair,$4.159,2026-09-15
Iowa,IA,Adams,$4.074,2026-09-15
Iowa,IA,Allamakee,$4.199,2026-09-15
Iowa,IA,Appanoose,$3.972,2026-09-15
Iowa,IA,Audubon,$4.164,2026-09-15
Iowa,IA,Benton,$4.135,2026-09-15
Iowa,IA,Black Hawk,$4.087,2026-09-15
Iowa,IA,Boone,$4.095,2026-09-15
Iowa,IA,Bremer,$4.179,2026-09-15
Iowa,IA,Buchanan,$4.177,2026-09-15
Iowa,IA,Buena Vista,$3.985,2026-09-15
Iowa,IA,Butler,$4.188,2026-09-15
Iowa,IA,Calhoun,$4.066,2026-09-15
Iowa,IA,Carroll,$4.135,2026-09-15
Iowa,IA,Cass,$4.133,2026-09-15
Iowa,IA,Cedar,$4.197,2026-09-15
Iowa,IA,Cerro Gordo,$3.959,2026-09-15
Iowa,IA,Cherokee,$4.087,2026-09-15
Iowa,IA,Chickasaw,$4.271,2026-09-15
Iowa,IA,Clarke,$4.113,2026-09-15
Iowa,IA,Clay,$4.021,2026-09-15
Iowa,IA,Clayton,$4.186,2026-09-15
Iowa,IA,Clinton,$4.079,2026-09-15
Iowa,IA,Crawford,$4.109,2026-09-15
Iowa,IA,Dallas,$4.119,2026-09-15
Iowa,IA,Davis,$4.372,2026-09-15
Iowa,IA,Decatur,$4.122,2026-09-15
Iowa,IA,Delaware,$4.167,2026-09-15
Iowa,IA,Des Moines,$4.128,2026-09-15
Iowa,IA,Dickinson,$4.168,2026-09-15
Iowa,IA,Dubuque,$4.165,2026-09-15
Iowa,IA,Emmet,$4.179,2026-09-15
Iowa,IA,Fayette,$4.202,2026-09-15
Iowa,IA,Floyd,$4.008,2026-09-15
Iowa,IA,Franklin,$4.267,2026-09-15
Iowa,IA,Fremont,$4.199,2026-09-15
Iowa,IA,Greene,$4.116,2026-09-15
Iowa,IA,Grundy,$4.166,2026-09-15
Iowa,IA,Guthrie,$4.130,2026-09-15
Iowa,IA,Hamilton,$4.197,2026-09-15
Iowa,IA,Hancock,$4.089,2026-09-15
Iowa,IA,Hardin,$4.195,2026-09-15
Iowa,IA,Harrison,$4.107,2026-09-15
Iowa,IA,Henry,$3.987,2026-09-15
Iowa,IA,Howard,$4.122,2026-09-15
Iowa,IA,Humboldt,$4.199,2026-09-15
Iowa,IA,Ida,$4.022,2026-09-15
Iowa,IA,Iowa,$4.018,2026-09-15
Iowa,IA,Jackson,$4.142,2026-09-15
Iowa,IA,Jasper,$4.059,2026-09-15
Iowa,IA,Jefferson,$4.116,2026-09-15
Iowa,IA,Johnson,$4.172,2026-09-15
Iowa,IA,Jones,$4.126,2026-09-15
Iowa,IA,Keokuk,$4.033,2026-09-15
Iowa,IA,Kossuth,$4.169,2026-09-15
Iowa,IA,Lee,$4.184,2026-09-15
Iowa,IA,Linn,$4.103,2026-09-15
Iowa,IA,Louisa,$4.179,2026-09-15
Iowa,IA,Lucas,$4.124,2026-09-15
Iowa,IA,Lyon,$4.044,2026-09-15
Iowa,IA,Madison,$4.282,2026-09-15
Iowa,IA,Mahaska,$3.904,2026-09-15
Iowa,IA,Marion,$3.973,2026-09-15
Iowa,IA,Marshall,$4.166,2026-09-15
Iowa,IA,Mills,$4.063,2026-09-15
Iowa,IA,Mitchell,$4.156,2026-09-15
Iowa,IA,Monona,$4.082,2026-09-15
Iowa,IA,Monroe,$4.207,2026-09-15
Iowa,IA,Montgomery,$4.182,2026-09-15
Iowa,IA,Muscatine,$4.187,2026-09-15
Iowa,IA,O'Brien,,2026-09-15
Iowa,IA,Osceola,$4.099,2026-09-15
Iowa,IA,Page,$4.163,2026-09-15
Iowa,IA,Palo Alto,$4.137,2026-09-15
Iowa,IA,Plymouth,$4.235,2026-09-15
Iowa,IA,Pocahontas,$4.112,2026-09-15
Iowa,IA,Polk,$4.111,2026-09-15
Iowa,IA,Pottawattamie,$4.029,2026-09-15
Iowa,IA,Poweshiek,$3.977,2026-09-15
Iowa,IA,Ringgold,$4.199,2026-09-15
Iowa,IA,Sac,$4.026,2026-09-15
Iowa,IA,Scott,$4.137,2026-09-15
Iowa,IA,Shelby,$4.079,2026-09-15
Iowa,IA,Sioux,$4.152,2026-09-15
Iowa,IA,Story,$4.129,2026-09-15
Iowa,IA,Tama,$4.206,2026-09-15
Iowa,IA,Taylor,$4.149,2026-09-15
Iowa,IA,Union,$4.097,2026-09-15
Iowa,IA,Van Buren,$4.167,2026-09-15
Iowa,IA,Wapello,$4.087,2026-09-15
Iowa,IA,Warren,$4.115,2026-09-15
Iowa,IA,Washington,$4.178,2026-09-15
Iowa,IA,Wayne,$4.209,2026-09-15
Iowa,IA,Webster,$4.071,2026-09-15
Iowa,IA,Winnebago,$4.157,2026-09-15
Iowa,IA,Winneshiek,$4.282,2026-09-15
Iowa,IA,Woodbury,$4.017,2026-09-15
Iowa,IA,Worth,$4.066,2026-09-15
Iowa,IA,Wright,$4.149,2026-09-15
Kansas,KS,Allen,$3.999,2026-09-15
Kansas,KS,Anderson,$3.899,2026-09-15
Kansas,KS,Atchison,$3.964,2026-09-15
Kansas,KS,Barber,$3.902,2026-09-15
Kansas,KS,Barton,$3.897,2026-09-15
Kansas,KS,Bourbon,$3.955,2026-09-15
Kansas,KS,Brown,$3.973,2026-09-15
Kansas,KS,Butler,$3.927,2026-09-15
Kansas,KS,Chase,$3.932,2026-09-15
Kansas,KS,Chautauqua,$4.049,2026-09-15
Kansas,KS,Cherokee,$3.935,2026-09-15
Kansas,KS,Cheyenne,$4.181,2026-09-15
Kansas,KS,Clark,$4.229,2026-09-15
Kansas,KS,Clay,$3.999,2026-09-15
Kansas,KS,Cloud,$3.969,2026-09-15
Kansas,KS,Coffey,$3.909,2026-09-15
Kansas,KS,Comanche,$4.229,2026-09-15
Kansas,KS,Cowley,$4.006,2026-09-15
Kansas,KS,Crawford,$3.966,2026-09-15
Kansas,KS,Decatur,$4.069,2026-09-15
Kansas,KS,Dickinson,$3.923,2026-09-15
Kansas,KS,Doniphan,$3.954,2026-09-15
Kansas,KS,Douglas,$3.987,2026-09-15
Kansas,KS,Edwards,$4.027,2026-09-15
Kansas,KS,Elk,$3.999,2026-09-15
Kansas,KS,Ellis,$3.960,2026-09-15
Kansas,KS,Ellsworth,$4.065,2026-09-15
Kansas,KS,Finney,$3.961,2026-09-15
Kansas,KS,Ford,$3.883,2026-09-15
Kansas,KS,Franklin,$3.962,2026-09-15
Kansas,KS,Geary,$3.969,2026-09-15
Kansas,KS,Gove,$4.049,2026-09-15
Kansas,KS,Graham,$4.049,2026-09-15
Kansas,KS,Grant,$3.957,2026-09-15
Kansas,KS,Gray,$3.899,2026-09-15
Kansas,KS,Greeley,$4.299,2026-09-15
Kansas,KS,Greenwood,$3.971,2026-09-15
Kansas,KS,Hamilton,$4.116,2026-09-15
Kansas,KS,Harper,$3.939,2026-09-15
Kansas,KS,Harvey,$3.951,2026-09-15
Kansas,KS,Haskell,$4.099,2026-09-15
Kansas,KS,Hodgeman,$3.966,2026-09-15
Kansas,KS,Jackson,$3.959,2026-09-15
Kansas,KS,Jefferson,$4.013,2026-09-15
Kansas,KS,Jewell,,2026-09-15
Kansas,KS,Johnson,$3.977,2026-09-15
Kansas,KS,Kearny,$3.999,2026-09-15
Kansas,KS,Kingman,$4.279,2026-09-15
Kansas,KS,Kiowa,$4.083,2026-09-15
Kansas,KS,Labette,$3.936,2026-09-15
Kansas,KS,Lane,$3.859,2026-09-15
Kansas,KS,Leavenworth,$3.978,2026-09-15
Kansas,KS,Lincoln,,2026-09-15
Kansas,KS,Linn,$4.033,2026-09-15
Kansas,KS,Logan,$3.999,2026-09-15
Kansas,KS,Lyon,$3.925,2026-09-15
Kansas,KS,Marion,$3.926,2026-09-15
Kansas,KS,Marshall,$3.980,2026-09-15
Kansas,KS,Mcpherson,$3.867,2026-09-15
Kansas,KS,Meade,$4.003,2026-09-15
Kansas,KS,Miami,$3.992,2026-09-15
Kansas,KS,Mitchell,$3.925,2026-09-15
Kansas,KS,Montgomery,$3.932,2026-09-15
Kansas,KS,Morris,$3.966,2026-09-15
Kansas,KS,Morton,$4.152,2026-09-15
Kansas,KS,Nemaha,$3.999,2026-09-15
Kansas,KS,Neosho,$3.923,2026-09-15
Kansas,KS,Ness,$4.011,2026-09-15
Kansas,KS,Norton,$3.981,2026-09-15
Kansas,KS,Osage,$3.885,2026-09-15
Kansas,KS,Osborne,$3.899,2026-09-15
Kansas,KS,Ottawa,$3.899,2026-09-15
Kansas,KS,Pawnee,$3.986,2026-09-15
Kansas,KS,Phillips,$3.899,2026-09-15
Kansas,KS,Pottawatomie,$3.939,2026-09-15
Kansas,KS,Pratt,$4.003,2026-09-15
Kansas,KS,Rawlins,$3.929,2026-09-15
Kansas,KS,Reno,$3.811,2026-09-15
Kansas,KS,Republic,$3.899,2026-09-15
Kansas,KS,Rice,$3.903,2026-09-15
Kansas,KS,Riley,$3.959,2026-09-15
Kansas,KS,Rooks,$3.899,2026-09-15
Kansas,KS,Rush,$3.999,2026-09-15
Kansas,KS,Russell,$3.892,2026-09-15
Kansas,KS,Saline,$3.894,2026-09-15
Kansas,KS,Scott,$3.924,2026-09-15
Kansas,KS,Sedgwick,$3.973,2026-09-15
Kansas,KS,Seward,$3.964,2026-09-15
Kansas,KS,Shawnee,$3.837,2026-09-15
Kansas,KS,Sheridan,$4.089,2026-09-15
Kansas,KS,Sherman,$4.042,2026-09-15
Kansas,KS,Smith,$4.172,2026-09-15
Kansas,KS,Stafford,$3.899,2026-09-15
Kansas,KS,Stanton,$4.174,2026-09-15
Kansas,KS,Stevens,$3.994,2026-09-15
Kansas,KS,Sumner,$3.984,2026-09-15
Kansas,KS,Thomas,$3.947,2026-09-15
Kansas,KS,Trego,$3.941,2026-09-15
Kansas,KS,Wabaunsee,$3.906,2026-09-15
Kansas,KS,Wallace,$4.114,2026-09-15
Kansas,KS,Washington,$4.002,2026-09-15
Kansas,KS,Wichita,$3.999,2026-09-15
Kansas,KS,Wilson,$4.067,2026-09-15
Kansas,KS,Woodson,$3.966,2026-09-15
Kansas,KS,Wyandotte,$3.976,2026-09-15
Kentucky,KY,Adair,$4.011,2026-09-15
Kentucky,KY,Allen,$3.906,2026-09-15
Kentucky,KY,Anderson,$4.040,2026-09-15
Kentucky,KY,Ballard,$3.871,2026-09-15
Kentucky,KY,Barren,$3.968,2026-09-15
Kentucky,KY,Bath,$4.166,2026-09-15
Kentucky,KY,Bell,$3.744,2026-09-15
Kentucky,KY,Boone,$4.093,2026-09-15
Kentucky,KY,Bourbon,$4.096,2026-09-15
Kentucky,KY,Boyd,$3.991,2026-09-15
Kentucky,KY,Boyle,$3.974,2026-09-15
Kentucky,KY,Bracken,$4.015,2026-09-15
Kentucky,KY,Breathitt,$4.136,2026-09-15
Kentucky,KY,Breckinridge,$3.948,2026-09-15
Kentucky,KY,Bullitt,$3.886,2026-09-15
Kentucky,KY,Butler,$3.908,2026-09-15
Kentucky,KY,Caldwell,$3.810,2026-09-15
Kentucky,KY,Calloway,$3.993,2026-09-15
Kentucky,KY,Campbell,$4.183,2026-09-15
Kentucky,KY,Carlisle,$3.974,2026-09-15
Kentucky,KY,Carroll,$3.930,2026-09-15
Kentucky,KY,Carter,$4.027,2026-09-15
Kentucky,KY,Casey,$4.009,2026-09-15
Kentucky,KY,Christian,$3.800,2026-09-15
Kentucky,KY,Clark,$4.125,2026-09-15
Kentucky,KY,Clay,$4.055,2026-09-15
Kentucky,KY,Clinton,$4.066,2026-09-15
Kentucky,KY,Crittenden,$3.799,2026-09-15
Kentucky,KY,Cumberland,$4.016,2026-09-15
Kentucky,KY,Daviess,$3.763,2026-09-15
Kentucky,KY,Edmonson,$3.955,2026-09-15
Kentucky,KY,Elliott,$3.999,2026-09-15
Kentucky,KY,Estill,$4.167,2026-09-15
Kentucky,KY,Fayette,$4.119,2026-09-15
Kentucky,KY,Fleming,$4.149,2026-09-15
Kentucky,KY,Floyd,$4.102,2026-09-15
Kentucky,KY,Franklin,$4.117,2026-09-15
Kentucky,KY,Fulton,$3.828,2026-09-15
Kentucky,KY,Gallatin,$4.133,2026-09-15
Kentucky,KY,Garrard,$3.997,2026-09-15
Kentucky,KY,Grant,$4.123,2026-09-15
Kentucky,KY,Graves,$3.918,2026-09-15
Kentucky,KY,Grayson,$3.957,2026-09-15
Kentucky,KY,Green,$3.974,2026-09-15
Kentucky,KY,Greenup,$3.989,2026-09-15
Kentucky,KY,Hancock,$3.816,2026-09-15
Kentucky,KY,Hardin,$3.960,2026-09-15
Kentucky,KY,Harlan,$4.075,2026-09-15
Kentucky,KY,Harrison,$4.086,2026-09-15
Kentucky,KY,Hart,$3.957,2026-09-15
Kentucky,KY,Henderson,$3.611,2026-09-15
Kentucky,KY,Henry,$4.046,2026-09-15
Kentucky,KY,Hickman,,2026-09-15
Kentucky,KY,Hopkins,$3.891,2026-09-15
Kentucky,KY,Jackson,$4.056,2026-09-15
Kentucky,KY,Jefferson,$3.956,2026-09-15
Kentucky,KY,Jessamine,$3.977,2026-09-15
Kentucky,KY,Johnson,$4.008,2026-09-15
Kentucky,KY,Kenton,$4.222,2026-09-15
Kentucky,KY,Knott,$4.095,2026-09-15
Kentucky,KY,Knox,$3.932,2026-09-15
Kentucky,KY,Larue,$3.908,2026-09-15
Kentucky,KY,Laurel,$4.003,2026-09-15
Kentucky,KY,Lawrence,$4.165,2026-09-15
Kentucky,KY,Lee,$4.128,2026-09-15
Kentucky,KY,Leslie,$4.024,2026-09-15
Kentucky,KY,Letcher,$3.999,2026-09-15
Kentucky,KY,Lewis,$4.169,2026-09-15
Kentucky,KY,Lincoln,$3.983,2026-09-15
Kentucky,KY,Livingston,$3.849,2026-09-15
Kentucky,KY,Logan,$3.813,2026-09-15
Kentucky,KY,Lyon,$3.827,2026-09-15
Kentucky,KY,Madison,$4.127,2026-09-15
Kentucky,KY,Magoffin,$4.199,2026-09-15
Kentucky,KY,Marion,$3.962,2026-09-15
Kentucky,KY,Marshall,$3.788,2026-09-15
Kentucky,KY,Martin,$4.090,2026-09-15
Kentucky,KY,Mason,$4.055,2026-09-15
Kentucky,KY,McCracken,$3.771,2026-09-15
Kentucky,KY,McCreary,$4.099,2026-09-15
Kentucky,KY,McLean,$3.849,2026-09-15
Kentucky,KY,Meade,$3.918,2026-09-15
Kentucky,KY,Menifee,$4.099,2026-09-15
Kentucky,KY,Mercer,$3.994,2026-09-15
Kentucky,KY,Metcalfe,$3.974,2026-09-15
Kentucky,KY,Monroe,$3.962,2026-09-15
Kentucky,KY,Montgomery,$4.059,2026-09-15
Kentucky,KY,Morgan,$4.021,2026-09-15
Kentucky,KY,Muhlenberg,$3.748,2026-09-15
Kentucky,KY,Nelson,$3.936,2026-09-15
Kentucky,KY,Nicholas,$4.164,2026-09-15
Kentucky,KY,Ohio,$3.821,2026-09-15
Kentucky,KY,Oldham,$4.044,2026-09-15
Kentucky,KY,Owen,$4.059,2026-09-15
Kentucky,KY,Owsley,$3.999,2026-09-15
Kentucky,KY,Pendleton,$4.287,2026-09-15
Kentucky,KY,Perry,$3.987,2026-09-15
Kentucky,KY,Pike,$4.109,2026-09-15
Kentucky,KY,Powell,$4.062,2026-09-15
Kentucky,KY,Pulaski,$4.074,2026-09-15
Kentucky,KY,Robertson,$3.999,2026-09-15
Kentucky,KY,Rockcastle,$4.152,2026-09-15
Kentucky,KY,Rowan,$4.120,2026-09-15
Kentucky,KY,Russell,$3.991,2026-09-15
Kentucky,KY,Scott,$3.980,2026-09-15
Kentucky,KY,Shelby,$4.014,2026-09-15
Kentucky,KY,Simpson,$3.731,2026-09-15
Kentucky,KY,Spencer,$3.966,2026-09-15
Kentucky,KY,Taylor,$3.902,2026-09-15
Kentucky,KY,Todd,$3.849,2026-09-15
Kentucky,KY,Trigg,$3.828,2026-09-15
Kentucky,KY,Trimble,$4.093,2026-09-15
Kentucky,KY,Union,$3.907,2026-09-15
Kentucky,KY,Warren,$3.942,2026-09-15
Kentucky,KY,Washington,$4.003,2026-09-15
Kentucky,KY,Wayne,$4.013,2026-09-15
Kentucky,KY,Webster,$3.862,2026-09-15
Kentucky,KY,Whitley,$4.048,2026-09-15
Kentucky,KY,Wolfe,$4.167,2026-09-15
Kentucky,KY,Woodford,$4.219,2026-09-15
Louisiana,LA,Acadia,$3.928,2026-09-15
Louisiana,LA,Allen,$4.043,2026-09-15
Louisiana,LA,Ascension,$3.922,2026-09-15
Louisiana,LA,Assumption,$3.911,2026-09-15
Louisiana,LA,Avoyelles,$3.936,2026-09-15
Louisiana,LA,Beauregard,$3.851,2026-09-15
Louisiana,LA,Bienville,$4.017,2026-09-15
Louisiana,LA,Bossier,$3.828,2026-09-15
Louisiana,LA,Caddo,$3.863,2026-09-15
Louisiana,LA,Calcasieu,$3.889,2026-09-15
Louisiana,LA,Caldwell,$3.913,2026-09-15
Louisiana,LA,Cameron,$4.189,2026-09-15
Louisiana,LA,Catahoula,$3.909,2026-09-15
Louisiana,LA,Claiborne,$4.031,2026-09-15
Louisiana,LA,Concordia,$3.746,2026-09-15
Louisiana,LA,De Soto,$3.936,2026-09-15
Louisiana,LA,East Baton Rouge,$3.871,2026-09-15
Louisiana,LA,East Carroll,$3.999,2026-09-15
Louisiana,LA,East Feliciana,$3.949,2026-09-15
Louisiana,LA,Evangeline,$3.913,2026-09-15
Louisiana,LA,Franklin,$4.012,2026-09-15
Louisiana,LA,Grant,$3.974,2026-09-15
Louisiana,LA,Iberia,$3.859,2026-09-15
Louisiana,LA,Iberville,$3.987,2026-09-15
Louisiana,LA,Jackson,$3.841,2026-09-15
Louisiana,LA,Jefferson,$3.874,2026-09-15
Louisiana,LA,Jefferson Davis,$4.024,2026-09-15
Louisiana,LA,La Salle,$3.990,2026-09-15
Louisiana,LA,Lafayette,$3.937,2026-09-15
Louisiana,LA,Lafourche,$3.964,2026-09-15
Louisiana,LA,Lincoln,$3.810,2026-09-15
Louisiana,LA,Livingston,$3.861,2026-09-15
Louisiana,LA,Madison,$3.814,2026-09-15
Louisiana,LA,Morehouse,$3.785,2026-09-15
Louisiana,LA,Natchitoches,$3.885,2026-09-15
Louisiana,LA,Orleans,$3.884,2026-09-15
Louisiana,LA,Ouachita,$3.790,2026-09-15
Louisiana,LA,Plaquemines,$4.099,2026-09-15
Louisiana,LA,Pointe Coupee,$3.960,2026-09-15
Louisiana,LA,Rapides,$3.885,2026-09-15
Louisiana,LA,Red River,$3.887,2026-09-15
Louisiana,LA,Richland,$3.872,2026-09-15
Louisiana,LA,Sabine,$4.021,2026-09-15
Louisiana,LA,Saint Bernard,$3.829,2026-09-15
Louisiana,LA,Saint Charles,$3.936,2026-09-15
Louisiana,LA,Saint Helena,$3.937,2026-09-15
Louisiana,LA,Saint James,$4.027,2026-09-15
Louisiana,LA,St John the Baptist,$3.894,2026-09-15
Louisiana,LA,Saint Landry,$3.900,2026-09-15
Louisiana,LA,Saint Martin,$3.874,2026-09-15
Louisiana,LA,Saint Mary,$3.942,2026-09-15
Louisiana,LA,Saint Tammany,$3.876,2026-09-15
Louisiana,LA,Tangipahoa,$3.925,2026-09-15
Louisiana,LA,Tensas,$3.874,2026-09-15
Louisiana,LA,Terrebonne,$3.889,2026-09-15
Louisiana,LA,Union,$3.777,2026-09-15
Louisiana,LA,Vermilion,$3.974,2026-09-15
Louisiana,LA,Vernon,$3.934,2026-09-15
Louisiana,LA,Washington,$3.957,2026-09-15
Louisiana,LA,Webster,$4.020,2026-09-15
Louisiana,LA,West Baton Rouge,$3.868,2026-09-15
Louisiana,LA,West Carroll,$3.897,2026-09-15
Louisiana,LA,West Feliciana,$3.965,2026-09-15
Louisiana,LA,Winn,$3.933,2026-09-15
Maine,ME,Androscoggin,$4.364,2026-09-15
Maine,ME,Aroostook,$4.342,2026-09-15
Maine,ME,Cumberland,$4.314,2026-09-15
Maine,ME,Franklin,$4.333,2026-09-15
Maine,ME,Hancock,$4.371,2026-09-15
Maine,ME,Kennebec,$4.333,2026-09-15
Maine,ME,Knox,$4.228,2026-09-15
Maine,ME,Lincoln,$4.290,2026-09-15
Maine,ME,Oxford,$4.329,2026-09-15
Maine,ME,Penobscot,$4.284,2026-09-15
Maine,ME,Piscataquis,$4.300,2026-09-15
Maine,ME,Sagadahoc,$4.344,2026-09-15
Maine,ME,Somerset,$4.237,2026-09-15
Maine,ME,Waldo,$4.282,2026-09-15
Maine,ME,Washington,$4.419,2026-09-15
Maine,ME,York,$4.338,2026-09-15
Montana,MT,Beaverhead,$4.623,2026-09-15
Montana,MT,Big Horn,$4.346,2026-09-15
Montana,MT,Blaine,$4.479,2026-09-15
Montana,MT,Broadwater,$4.549,2026-09-15
Montana,MT,Carbon,$4.441,2026-09-15
Montana,MT,Carter,$4.549,2026-09-15
Montana,MT,Cascade,$4.418,2026-09-15
Montana,MT,Chouteau,$4.474,2026-09-15
Montana,MT,Custer,$4.342,2026-09-15
Montana,MT,Daniels,$4.619,2026-09-15
Montana,MT,Dawson,$4.259,2026-09-15
Montana,MT,Deer Lodge,$4.521,2026-09-15
Montana,MT,Fallon,$4.399,2026-09-15
Montana,MT,Fergus,$4.514,2026-09-15
Montana,MT,Flathead,$4.570,2026-09-15
Montana,MT,Gallatin,$4.608,2026-09-15
Montana,MT,Garfield,$4.274,2026-09-15
Montana,MT,Glacier,$4.639,2026-09-15
Montana,MT,Golden Valley,$4.749,2026-09-15
Montana,MT,Granite,$4.566,2026-09-15
Montana,MT,Hill,$4.553,2026-09-15
Montana,MT,Jefferson,$4.561,2026-09-15
Montana,MT,Judith Basin,$4.569,2026-09-15
Montana,MT,Lake,$4.520,2026-09-15
Montana,MT,Lewis and Clark,$4.535,2026-09-15
Montana,MT,Liberty,$4.459,2026-09-15
Montana,MT,Lincoln,$4.607,2026-09-15
Montana,MT,Madison,$4.541,2026-09-15
Montana,MT,McCone,$4.489,2026-09-15
Montana,MT,Meagher,$4.549,2026-09-15
Montana,MT,Mineral,$4.528,2026-09-15
Montana,MT,Missoula,$4.480,2026-09-15
Montana,MT,Musselshell,$4.599,2026-09-15
Montana,MT,Park,$4.665,2026-09-15
Montana,MT,Petroleum,,2026-09-15
Montana,MT,Phillips,$4.399,2026-09-15
Montana,MT,Pondera,$4.529,2026-09-15
Montana,MT,Powder River,$4.699,2026-09-15
Montana,MT,Powell,$4.509,2026-09-15
Montana,MT,Prairie,$4.259,2026-09-15
Montana,MT,Ravalli,$4.492,2026-09-15
Montana,MT,Richland,$4.243,2026-09-15
Montana,MT,Roosevelt,$4.285,2026-09-15
Montana,MT,Rosebud,$4.397,2026-09-15
Montana,MT,Sanders,$4.584,2026-09-15
Montana,MT,Sheridan,$4.347,2026-09-15
Montana,MT,Silver Bow,$4.507,2026-09-15
Montana,MT,Stillwater,$4.496,2026-09-15
Montana,MT,Sweet Grass,$4.492,2026-09-15
Montana,MT,Teton,$4.482,2026-09-15
Montana,MT,Toole,$4.466,2026-09-15
Montana,MT,Treasure,$4.289,2026-09-15
Montana,MT,Valley,$4.359,2026-09-15
Montana,MT,Wheatland,$4.652,2026-09-15
Montana,MT,Wibaux,$4.299,2026-09-15
Montana,MT,Yellowstone,$4.452,2026-09-15
Nebraska,NE,Adams,$4.172,2026-09-15
Nebraska,NE,Antelope,$4.266,2026-09-15
Nebraska,NE,Arthur,,2026-09-15
Nebraska,NE,Banner,,2026-09-15
Nebraska,NE,Blaine,$5.199,2026-09-15
Nebraska,NE,Boone,$3.932,2026-09-15
Nebraska,NE,Box Butte,$4.276,2026-09-15
Nebraska,NE,Boyd,$4.199,2026-09-15
Nebraska,NE,Brown,$4.099,2026-09-15
Nebraska,NE,Buffalo,$4.119,2026-09-15
Nebraska,NE,Burt,$4.232,2026-09-15
Nebraska,NE,Butler,$4.049,2026-09-15
Nebraska,NE,Cass,$4.077,2026-09-15
Nebraska,NE,Cedar,$4.149,2026-09-15
Nebraska,NE,Chase,$4.799,2026-09-15
Nebraska,NE,Cherry,$4.169,2026-09-15
Nebraska,NE,Cheyenne,$4.259,2026-09-15
Nebraska,NE,Clay,$4.026,2026-09-15
Nebraska,NE,Colfax,$4.006,2026-09-15
Nebraska,NE,Cuming,$4.081,2026-09-15
Nebraska,NE,Custer,$4.424,2026-09-15
Nebraska,NE,Dakota,$4.006,2026-09-15
Nebraska,NE,Dawes,$4.312,2026-09-15
Nebraska,NE,Dawson,$4.146,2026-09-15
Nebraska,NE,Deuel,$4.383,2026-09-15
Nebraska,NE,Dixon,$4.292,2026-09-15
Nebraska,NE,Dodge,$4.087,2026-09-15
Nebraska,NE,Douglas,$3.954,2026-09-15
Nebraska,NE,Dundy,,2026-09-15
Nebraska,NE,Fillmore,$4.099,2026-09-15
Nebraska,NE,Franklin,$3.966,2026-09-15
Nebraska,NE,Frontier,$4.999,2026-09-15
Nebraska,NE,Furnas,$4.304,2026-09-15
Nebraska,NE,Gage,$4.158,2026-09-15
Nebraska,NE,Garden,,2026-09-15
Nebraska,NE,Garfield,$4.099,2026-09-15
Nebraska,NE,Gosper,,2026-09-15
Nebraska,NE,Grant,$4.099,2026-09-15
Nebraska,NE,Greeley,$4.266,2026-09-15
Nebraska,NE,Hall,$4.100,2026-09-15
Nebraska,NE,Hamilton,$4.065,2026-09-15
Nebraska,NE,Harlan,$3.979,2026-09-15
Nebraska,NE,Hayes,,2026-09-15
Nebraska,NE,Hitchcock,$4.799,2026-09-15
Nebraska,NE,Holt,$4.099,2026-09-15
Nebraska,NE,Hooker,$3.999,2026-09-15
Nebraska,NE,Howard,$3.999,2026-09-15
Nebraska,NE,Jefferson,$4.349,2026-09-15
Nebraska,NE,Johnson,$4.244,2026-09-15
Nebraska,NE,Kearney,$4.379,2026-09-15
Nebraska,NE,Keith,$4.127,2026-09-15
Nebraska,NE,Keya Paha,,2026-09-15
Nebraska,NE,Kimball,$4.219,2026-09-15
Nebraska,NE,Knox,$4.171,2026-09-15
Nebraska,NE,Lancaster,$4.143,2026-09-15
Nebraska,NE,Lincoln,$4.192,2026-09-15
Nebraska,NE,Logan,$4.789,2026-09-15
Nebraska,NE,Loup,$4.599,2026-09-15
Nebraska,NE,Madison,$4.071,2026-09-15
Nebraska,NE,McPherson,,2026-09-15
Nebraska,NE,Merrick,$4.376,2026-09-15
Nebraska,NE,Morrill,$4.096,2026-09-15
Nebraska,NE,Nance,$4.024,2026-09-15
Nebraska,NE,Nemaha,$4.032,2026-09-15
Nebraska,NE,Nuckolls,$4.099,2026-09-15
Nebraska,NE,Otoe,$4.052,2026-09-15
Nebraska,NE,Pawnee,$3.999,2026-09-15
Nebraska,NE,Perkins,$4.669,2026-09-15
Nebraska,NE,Phelps,$4.201,2026-09-15
Nebraska,NE,Pierce,$4.031,2026-09-15
Nebraska,NE,Platte,$3.985,2026-09-15
Nebraska,NE,Polk,$4.112,2026-09-15
Nebraska,NE,Red Willow,$4.225,2026-09-15
Nebraska,NE,Richardson,$4.227,2026-09-15
Nebraska,NE,Rock,$4.099,2026-09-15
Nebraska,NE,Saline,$4.209,2026-09-15
Nebraska,NE,Sarpy,$3.993,2026-09-15
Nebraska,NE,Saunders,$4.121,2026-09-15
Nebraska,NE,Scotts Bluff,$4.089,2026-09-15
Nebraska,NE,Seward,$4.110,2026-09-15
Nebraska,NE,Sheridan,$4.324,2026-09-15
Nebraska,NE,Sherman,$4.399,2026-09-15
Nebraska,NE,Sioux,,2026-09-15
Nebraska,NE,Stanton,$4.244,2026-09-15
Nebraska,NE,Thayer,$4.099,2026-09-15
Nebraska,NE,Thomas,$5.099,2026-09-15
Nebraska,NE,Thurston,$4.204,2026-09-15
Nebraska,NE,Valley,$4.324,2026-09-15
Nebraska,NE,Washington,$4.110,2026-09-15
Nebraska,NE,Wayne,$4.139,2026-09-15
Nebraska,NE,Webster,$4.224,2026-09-15
Nebraska,NE,Wheeler,,2026-09-15
Nebraska,NE,York,$3.943,2026-09-15
Nevada,NV,Carson City,$4.966,2026-09-15
Nevada,NV,Churchill,$5.004,2026-09-15
Nevada,NV,Clark,$5.089,2026-09-15
Nevada,NV,Douglas,$5.118,2026-09-15
Nevada,NV,Elko,$4.890,2026-09-15
Nevada,NV,Esmeralda,$5.189,2026-09-15
Nevada,NV,Eureka,$4.862,2026-09-15
Nevada,NV,Humboldt,$4.994,2026-09-15
Nevada,NV,Lander,$4.921,2026-09-15
Nevada,NV,Lincoln,$4.949,2026-09-15
Nevada,NV,Lyon,$4.884,2026-09-15
Nevada,NV,Mineral,$5.599,2026-09-15
Nevada,NV,Nye,$4.844,2026-09-15
Nevada,NV,Pershing,$5.059,2026-09-15
Nevada,NV,Storey,$4.849,2026-09-15
Nevada,NV,Washoe,$5.582,2026-09-15
Nevada,NV,White Pine,$4.810,2026-09-15
New Hampshire,NH,Belknap,$4.288,2026-09-15
New Hampshire,NH,Carroll,$4.251,2026-09-15
New Hampshire,NH,Cheshire,$4.275,2026-09-15
New Hampshire,NH,Coos,$4.282,2026-09-15
New Hampshire,NH,Grafton,$4.267,2026-09-15
New Hampshire,NH,Hillsborough,$4.285,2026-09-15
New Hampshire,NH,Merrimack,$4.282,2026-09-15
New Hampshire,NH,Rockingham,$4.304,2026-09-15
New Hampshire,NH,Strafford,$4.331,2026-09-15
New Hampshire,NH,Sullivan,$4.235,2026-09-15
New Jersey,NJ,Atlantic,$4.425,2026-09-15
New Jersey,NJ,Bergen,$4.406,2026-09-15
New Jersey,NJ,Burlington,$4.409,2026-09-15
New Jersey,NJ,Camden,$4.409,2026-09-15
New Jersey,NJ,Cape May,$4.554,2026-09-15
New Jersey,NJ,Cumberland,$4.414,2026-09-15
New Jersey,NJ,Essex,$4.471,2026-09-15
New Jersey,NJ,Gloucester,$4.428,2026-09-15
New Jersey,NJ,Hudson,$4.396,2026-09-15
New Jersey,NJ,Hunterdon,$4.430,2026-09-15
New Jersey,NJ,Mercer,$4.391,2026-09-15
New Jersey,NJ,Middlesex,$4.427,2026-09-15
New Jersey,NJ,Monmouth,$4.434,2026-09-15
New Jersey,NJ,Morris,$4.416,2026-09-15
New Jersey,NJ,Ocean,$4.437,2026-09-15
New Jersey,NJ,Passaic,$4.447,2026-09-15
New Jersey,NJ,Salem,$4.384,2026-09-15
New Jersey,NJ,Somerset,$4.484,2026-09-15
New Jersey,NJ,Sussex,$4.385,2026-09-15
New Jersey,NJ,Union,$4.441,2026-09-15
New Jersey,NJ,Warren,$4.387,2026-09-15
New Mexico,NM,Bernalillo,$4.510,2026-09-15
New Mexico,NM,Catron,$5.026,2026-09-15
New Mexico,NM,Chaves,$4.178,2026-09-15
New Mexico,NM,Cibola,$4.468,2026-09-15
New Mexico,NM,Colfax,$4.349,2026-09-15
New Mexico,NM,Curry,$4.089,2026-09-15
New Mexico,NM,De Baca,$4.299,2026-09-15
New Mexico,NM,Dona Ana,$4.359,2026-09-15
New Mexico,NM,Eddy,$4.269,2026-09-15
New Mexico,NM,Grant,$4.405,2026-09-15
New Mexico,NM,Guadalupe,$4.490,2026-09-15
New Mexico,NM,Harding,$5.209,2026-09-15
New Mexico,NM,Hidalgo,$4.370,2026-09-15
New Mexico,NM,Lea,$4.087,2026-09-15
New Mexico,NM,Lincoln,$4.378,2026-09-15
New Mexico,NM,Los Alamos,$4.457,2026-09-15
New Mexico,NM,Luna,$4.415,2026-09-15
New Mexico,NM,McKinley,$4.550,2026-09-15
New Mexico,NM,Mora,$4.469,2026-09-15
New Mexico,NM,Otero,$4.277,2026-09-15
New Mexico,NM,Quay,$4.214,2026-09-15
New Mexico,NM,Rio Arriba,$4.520,2026-09-15
New Mexico,NM,Roosevelt,$4.188,2026-09-15
New Mexico,NM,San Juan,$4.917,2026-09-15
New Mexico,NM,San Miguel,$4.555,2026-09-15
New Mexico,NM,Sandoval,$4.479,2026-09-15
New Mexico,NM,Santa Fe,$4.512,2026-09-15
New Mexico,NM,Sierra,$4.404,2026-09-15
New Mexico,NM,Socorro,$4.555,2026-09-15
New Mexico,NM,Taos,$4.579,2026-09-15
New Mexico,NM,Torrance,$4.273,2026-09-15
New Mexico,NM,Union,$4.216,2026-09-15
New Mexico,NM,Valencia,$4.502,2026-09-15
New York,NY,Albany,$4.350,2026-09-15
New York,NY,Allegany,$4.379,2026-09-15
New York,NY,Bronx,$4.491,2026-09-15
New York,NY,Broome,$4.366,2026-09-15
New York,NY,Cattaraugus,$4.344,2026-09-15
New York,NY,Cayuga,$4.280,2026-09-15
New York,NY,Chautauqua,$4.387,2026-09-15
New York,NY,Chemung,$4.295,2026-09-15
New York,NY,Chenango,$4.374,2026-09-15
New York,NY,Clinton,$4.537,2026-09-15
New York,NY,Columbia,$4.326,2026-09-15
New York,NY,Cortland,$4.346,2026-09-15
New York,NY,Delaware,$4.439,2026-09-15
New York,NY,Dutchess,$4.414,2026-09-15
New York,NY,Erie,$4.346,2026-09-15
New York,NY,Essex,$4.707,2026-09-15
New York,NY,Franklin,$4.708,2026-09-15
New York,NY,Fulton,$4.383,2026-09-15
New York,NY,Genesee,$4.336,2026-09-15
New York,NY,Greene,$4.322,2026-09-15
New York,NY,Hamilton,$4.832,2026-09-15
New York,NY,Herkimer,$4.388,2026-09-15
New York,NY,Jefferson,$4.462,2026-09-15
New York,NY,Kings,$4.478,2026-09-15
New York,NY,Lewis,$4.527,2026-09-15
New York,NY,Livingston,$4.367,2026-09-15
New York,NY,Madison,$4.296,2026-09-15
New York,NY,Monroe,$4.328,2026-09-15
New York,NY,Montgomery,$4.353,2026-09-15
New York,NY,Nassau,$4.414,2026-09-15
New York,NY,New York,$4.680,2026-09-15
New York,NY,Niagara,$4.319,2026-09-15
New York,NY,Oneida,$4.379,2026-09-15
New York,NY,Onondaga,$4.287,2026-09-15
New York,NY,Ontario,$4.333,2026-09-15
New York,NY,Orange,$4.367,2026-09-15
New York,NY,Orleans,$4.380,2026-09-15
New York,NY,Oswego,$4.276,2026-09-15
New York,NY,Otsego,$4.415,2026-09-15
New York,NY,Putnam,$4.456,2026-09-15
New York,NY,Queens,$4.498,2026-09-15
New York,NY,Rensselaer,$4.339,2026-09-15
New York,NY,Richmond,$4.468,2026-09-15
New York,NY,Rockland,$4.586,2026-09-15
New York,NY,Saratoga,$4.361,2026-09-15
New York,NY,Schenectady,$4.329,2026-09-15
New York,NY,Schoharie,$4.388,2026-09-15
New York,NY,Schuyler,$4.308,2026-09-15
New York,NY,Seneca,$4.300,2026-09-15
New York,NY,Saint Lawrence,$4.711,2026-09-15
New York,NY,Steuben,$4.320,2026-09-15
New York,NY,Suffolk,$4.430,2026-09-15
New York,NY,Sullivan,$4.378,2026-09-15
New York,NY,Tioga,$4.340,2026-09-15
New York,NY,Tompkins,$4.353,2026-09-15
New York,NY,Ulster,$4.322,2026-09-15
New York,NY,Warren,$4.391,2026-09-15
New York,NY,Washington,$4.345,2026-09-15
New York,NY,Wayne,$4.330,2026-09-15
New York,NY,Westchester,$4.607,2026-09-15
New York,NY,Wyoming,$4.379,2026-09-15
New York,NY,Yates,$4.299,2026-09-15
North Carolina,NC,Alamance,$4.005,2026-09-15
North Carolina,NC,Alexander,$3.968,2026-09-15
North Carolina,NC,Alleghany,$3.977,2026-09-15
North Carolina,NC,Anson,$4.018,2026-09-15
North Carolina,NC,Ashe,$3.812,2026-09-15
North Carolina,NC,Avery,$4.072,2026-09-15
North Carolina,NC,Beaufort,$3.981,2026-09-15
North Carolina,NC,Bertie,$4.015,2026-09-15
North Carolina,NC,Bladen,$3.944,2026-09-15
North Carolina,NC,Brunswick,$4.007,2026-09-15
North Carolina,NC,Buncombe,$4.063,2026-09-15
North Carolina,NC,Burke,$3.982,2026-09-15
North Carolina,NC,Cabarrus,$4.175,2026-09-15
North Carolina,NC,Caldwell,$3.932,2026-09-15
North Carolina,NC,Camden,$4.014,2026-09-15
North Carolina,NC,Carteret,$4.012,2026-09-15
North Carolina,NC,Caswell,$4.049,2026-09-15
North Carolina,NC,Catawba,$3.890,2026-09-15
North Carolina,NC,Chatham,$4.101,2026-09-15
North Carolina,NC,Cherokee,$4.026,2026-09-15
North Carolina,NC,Chowan,$3.991,2026-09-15
North Carolina,NC,Clay,$3.894,2026-09-15
North Carolina,NC,Cleveland,$4.086,2026-09-15
North Carolina,NC,Columbus,$3.917,2026-09-15
North Carolina,NC,Craven,$3.984,2026-09-15
North Carolina,NC,Cumberland,$4.062,2026-09-15
North Carolina,NC,Currituck,$4.017,2026-09-15
North Carolina,NC,Dare,$4.049,2026-09-15
North Carolina,NC,Davidson,$3.963,2026-09-15
North Carolina,NC,Davie,$3.982,2026-09-15
North Carolina,NC,Duplin,$3.978,2026-09-15
North Carolina,NC,Durham,$4.050,2026-09-15
North Carolina,NC,Edgecombe,$3.941,2026-09-15
North Carolina,NC,Forsyth,$4.008,2026-09-15
North Carolina,NC,Franklin,$3.965,2026-09-15
North Carolina,NC,Gaston,$4.110,2026-09-15
North Carolina,NC,Gates,$4.111,2026-09-15
North Carolina,NC,Graham,$4.077,2026-09-15
North Carolina,NC,Granville,$4.064,2026-09-15
North Carolina,NC,Greene,$3.997,2026-09-15
North Carolina,NC,Guilford,$4.036,2026-09-15
North Carolina,NC,Halifax,$3.919,2026-09-15
North Carolina,NC,Harnett,$3.993,2026-09-15
North Carolina,NC,Haywood,$4.046,2026-09-15
North Carolina,NC,Henderson,$4.053,2026-09-15
North Carolina,NC,Hertford,$4.002,2026-09-15
North Carolina,NC,Hoke,$4.024,2026-09-15
North Carolina,NC,Hyde,$4.299,2026-09-15
North Carolina,NC,Iredell,$4.043,2026-09-15
North Carolina,NC,Jackson,$4.142,2026-09-15
North Carolina,NC,Johnston,$3.978,2026-09-15
North Carolina,NC,Jones,$4.004,2026-09-15
North Carolina,NC,Lee,$4.076,2026-09-15
North Carolina,NC,Lenoir,$3.986,2026-09-15
North Carolina,NC,Lincoln,$3.967,2026-09-15
North Carolina,NC,Macon,$4.137,2026-09-15
North Carolina,NC,Madison,$4.019,2026-09-15
North Carolina,NC,Martin,$3.933,2026-09-15
North Carolina,NC,McDowell,$3.965,2026-09-15
North Carolina,NC,Mecklenburg,$4.199,2026-09-15
North Carolina,NC,Mitchell,$3.979,2026-09-15
North Carolina,NC,Montgomery,$4.008,2026-09-15
North Carolina,NC,Moore,$4.025,2026-09-15
North Carolina,NC,Nash,$3.974,2026-09-15
North Carolina,NC,New Hanover,$4.068,2026-09-15
North Carolina,NC,Northampton,$3.978,2026-09-15
North Carolina,NC,Onslow,$4.048,2026-09-15
North Carolina,NC,Orange,$4.088,2026-09-15
North Carolina,NC,Pamlico,$3.965,2026-09-15
North Carolina,NC,Pasquotank,$3.981,2026-09-15
North Carolina,NC,Pender,$4.043,2026-09-15
North Carolina,NC,Perquimans,$3.956,2026-09-15
North Carolina,NC,Person,$4.019,2026-09-15
North Carolina,NC,Pitt,$3.974,2026-09-15
North Carolina,NC,Polk,$4.223,2026-09-15
North Carolina,NC,Randolph,$4.020,2026-09-15
North Carolina,NC,Richmond,$3.960,2026-09-15
North Carolina,NC,Robeson,$3.948,2026-09-15
North Carolina,NC,Rockingham,$3.960,2026-09-15
North Carolina,NC,Rowan,$4.037,2026-09-15
North Carolina,NC,Rutherford,$4.097,2026-09-15
North Carolina,NC,Sampson,$3.929,2026-09-15
North Carolina,NC,Scotland,$3.958,2026-09-15
North Carolina,NC,Stanly,$3.979,2026-09-15
North Carolina,NC,Stokes,$4.026,2026-09-15
North Carolina,NC,Surry,$4.040,2026-09-15
North Carolina,NC,Swain,$4.061,2026-09-15
North Carolina,NC,Transylvania,$4.118,2026-09-15
North Carolina,NC,Tyrrell,$4.003,2026-09-15
North Carolina,NC,Union,$4.088,2026-09-15
North Carolina,NC,Vance,$4.026,2026-09-15
North Carolina,NC,Wake,$4.045,2026-09-15
North Carolina,NC,Warren,$3.946,2026-09-15
North Carolina,NC,Washington,$3.964,2026-09-15
North Carolina,NC,Watauga,$3.942,2026-09-15
North Carolina,NC,Wayne,$3.957,2026-09-15
North Carolina,NC,Wilkes,$3.972,2026-09-15
North Carolina,NC,Wilson,$3.989,2026-09-15
North Carolina,NC,Yadkin,$3.968,2026-09-15
North Carolina,NC,Yancey,$4.010,2026-09-15
North Dakota,ND,Adams,$4.194,2026-09-15
North Dakota,ND,Barnes,$4.097,2026-09-15
North Dakota,ND,Benson,$4.111,2026-09-15
North Dakota,ND,Billings,$4.099,2026-09-15
North Dakota,ND,Bottineau,$4.265,2026-09-15
North Dakota,ND,Bowman,$4.365,2026-09-15
North Dakota,ND,Burke,$4.324,2026-09-15
North Dakota,ND,Burleigh,$4.317,2026-09-15
North Dakota,ND,Cass,$3.996,2026-09-15
North Dakota,ND,Cavalier,$4.316,2026-09-15
North Dakota,ND,Dickey,$4.099,2026-09-15
North Dakota,ND,Divide,$4.199,2026-09-15
North Dakota,ND,Dunn,$4.506,2026-09-15
North Dakota,ND,Eddy,$4.099,2026-09-15
North Dakota,ND,Emmons,$4.199,2026-09-15
North Dakota,ND,Foster,$4.174,2026-09-15
North Dakota,ND,Golden Valley,$4.279,2026-09-15
North Dakota,ND,Grand Forks,$4.100,2026-09-15
North Dakota,ND,Grant,$4.199,2026-09-15
North Dakota,ND,Griggs,$4.299,2026-09-15
North Dakota,ND,Hettinger,$4.249,2026-09-15
North Dakota,ND,Kidder,$4.349,2026-09-15
North Dakota,ND,LaMoure,$4.049,2026-09-15
North Dakota,ND,Logan,$4.099,2026-09-15
North Dakota,ND,McHenry,$4.299,2026-09-15
North Dakota,ND,McIntosh,$4.199,2026-09-15
North Dakota,ND,McKenzie,$4.379,2026-09-15
North Dakota,ND,McLean,$4.275,2026-09-15
North Dakota,ND,Mercer,$4.250,2026-09-15
North Dakota,ND,Morton,$4.211,2026-09-15
North Dakota,ND,Mountrail,$4.270,2026-09-15
North Dakota,ND,Nelson,$4.166,2026-09-15
North Dakota,ND,Oliver,$4.099,2026-09-15
North Dakota,ND,Pembina,$4.124,2026-09-15
North Dakota,ND,Pierce,$4.249,2026-09-15
North Dakota,ND,Ramsey,$4.162,2026-09-15
North Dakota,ND,Ransom,$4.159,2026-09-15
North Dakota,ND,Renville,$4.299,2026-09-15
North Dakota,ND,Richland,$4.020,2026-09-15
North Dakota,ND,Rolette,$4.149,2026-09-15
North Dakota,ND,Sargent,$3.999,2026-09-15
North Dakota,ND,Sheridan,$4.099,2026-09-15
North Dakota,ND,Sioux,$4.374,2026-09-15
North Dakota,ND,Slope,,2026-09-15
North Dakota,ND,Stark,$4.296,2026-09-15
North Dakota,ND,Steele,$4.454,2026-09-15
North Dakota,ND,Stutsman,$4.114,2026-09-15
North Dakota,ND,Towner,$4.059,2026-09-15
North Dakota,ND,Traill,$4.062,2026-09-15
North Dakota,ND,Walsh,$4.143,2026-09-15
North Dakota,ND,Ward,$4.287,2026-09-15
North Dakota,ND,Wells,$4.186,2026-09-15
North Dakota,ND,Williams,$4.306,2026-09-15
Ohio,OH,Adams,$4.170,2026-09-15
Ohio,OH,Allen,$4.051,2026-09-15
Ohio,OH,Ashland,$4.175,2026-09-15
Ohio,OH,Ashtabula,$4.158,2026-09-15
Ohio,OH,Athens,$4.218,2026-09-15
Ohio,OH,Auglaize,$4.060,2026-09-15
Ohio,OH,Belmont,$4.145,2026-09-15
Ohio,OH,Brown,$4.213,2026-09-15
Ohio,OH,Butler,$3.965,2026-09-15
Ohio,OH,Carroll,$4.219,2026-09-15
Ohio,OH,Champaign,$4.192,2026-09-15
Ohio,OH,Clark,$4.077,2026-09-15
Ohio,OH,Clermont,$4.143,2026-09-15
Ohio,OH,Clinton,$4.167,2026-09-15
Ohio,OH,Columbiana,$4.095,2026-09-15
Ohio,OH,Coshocton,$4.194,2026-09-15
Ohio,OH,Crawford,$4.151,2026-09-15
Ohio,OH,Cuyahoga,$4.228,2026-09-15
Ohio,OH,Darke,$4.042,2026-09-15
Ohio,OH,Defiance,$4.089,2026-09-15
Ohio,OH,Delaware,$4.230,2026-09-15
Ohio,OH,Erie,$4.225,2026-09-15
Ohio,OH,Fairfield,$4.125,2026-09-15
Ohio,OH,Fayette,$4.105,2026-09-15
Ohio,OH,Franklin,$4.187,2026-09-15
Ohio,OH,Fulton,$4.055,2026-09-15
Ohio,OH,Gallia,$4.200,2026-09-15
Ohio,OH,Geauga,$4.274,2026-09-15
Ohio,OH,Greene,$4.127,2026-09-15
Ohio,OH,Guernsey,$4.012,2026-09-15
Ohio,OH,Hamilton,$4.101,2026-09-15
Ohio,OH,Hancock,$4.086,2026-09-15
Ohio,OH,Hardin,$4.012,2026-09-15
Ohio,OH,Harrison,$4.122,2026-09-15
Ohio,OH,Henry,$3.990,2026-09-15
Ohio,OH,Highland,$4.132,2026-09-15
Ohio,OH,Hocking,$4.194,2026-09-15
Ohio,OH,Holmes,$4.025,2026-09-15
Ohio,OH,Huron,$4.226,2026-09-15
Ohio,OH,Jackson,$4.191,2026-09-15
Ohio,OH,Jefferson,$4.199,2026-09-15
Ohio,OH,Knox,$4.237,2026-09-15
Ohio,OH,Lake,$4.190,2026-09-15
Ohio,OH,Lawrence,$4.176,2026-09-15
Ohio,OH,Licking,$4.203,2026-09-15
Ohio,OH,Logan,$4.018,2026-09-15
Ohio,OH,Lorain,$4.141,2026-09-15
Ohio,OH,Lucas,$4.143,2026-09-15
Ohio,OH,Madison,$4.238,2026-09-15
Ohio,OH,Mahoning,$4.166,2026-09-15
Ohio,OH,Marion,$4.146,2026-09-15
Ohio,OH,Medina,$4.175,2026-09-15
Ohio,OH,Meigs,$4.091,2026-09-15
Ohio,OH,Mercer,$4.088,2026-09-15
Ohio,OH,Miami,$4.057,2026-09-15
Ohio,OH,Monroe,$4.144,2026-09-15
Ohio,OH,Montgomery,$4.018,2026-09-15
Ohio,OH,Morgan,$4.261,2026-09-15
Ohio,OH,Morrow,$4.240,2026-09-15
Ohio,OH,Muskingum,$4.126,2026-09-15
Ohio,OH,Noble,$4.267,2026-09-15
Ohio,OH,Ottawa,$4.246,2026-09-15
Ohio,OH,Paulding,$4.103,2026-09-15
Ohio,OH,Perry,$4.190,2026-09-15
Ohio,OH,Pickaway,$4.196,2026-09-15
Ohio,OH,Pike,$4.048,2026-09-15
Ohio,OH,Portage,$4.190,2026-09-15
Ohio,OH,Preble,$3.978,2026-09-15
Ohio,OH,Putnam,$4.126,2026-09-15
Ohio,OH,Richland,$4.128,2026-09-15
Ohio,OH,Ross,$4.195,2026-09-15
Ohio,OH,Sandusky,$4.189,2026-09-15
Ohio,OH,Scioto,$4.036,2026-09-15
Ohio,OH,Seneca,$4.138,2026-09-15
Ohio,OH,Shelby,$3.965,2026-09-15
Ohio,OH,Stark,$4.160,2026-09-15
Ohio,OH,Summit,$4.136,2026-09-15
Ohio,OH,Trumbull,$4.116,2026-09-15
Ohio,OH,Tuscarawas,$4.176,2026-09-15
Ohio,OH,Union,$4.235,2026-09-15
Ohio,OH,Van Wert,$3.978,2026-09-15
Ohio,OH,Vinton,$4.199,2026-09-15
Ohio,OH,Warren,$4.014,2026-09-15
Ohio,OH,Washington,$4.214,2026-09-15
Ohio,OH,Wayne,$4.148,2026-09-15
Ohio,OH,Williams,$4.126,2026-09-15
Ohio,OH,Wood,$4.140,2026-09-15
Ohio,OH,Wyandot,$4.090,2026-09-15
Oklahoma,OK,Adair,$3.869,2026-09-15
Oklahoma,OK,Alfalfa,$3.902,2026-09-15
Oklahoma,OK,Atoka,$4.018,2026-09-15
Oklahoma,OK,Beaver,$4.011,2026-09-15
Oklahoma,OK,Beckham,$3.789,2026-09-15
Oklahoma,OK,Blaine,$4.051,2026-09-15
Oklahoma,OK,Bryan,$3.818,2026-09-15
Oklahoma,OK,Caddo,$3.999,2026-09-15
Oklahoma,OK,Canadian,$3.941,2026-09-15
Oklahoma,OK,Carter,$3.955,2026-09-15
Oklahoma,OK,Cherokee,$3.953,2026-09-15
Oklahoma,OK,Choctaw,$3.942,2026-09-15
Oklahoma,OK,Cimarron,$3.909,2026-09-15
Oklahoma,OK,Cleveland,$4.012,2026-09-15
Oklahoma,OK,Coal,$4.377,2026-09-15
Oklahoma,OK,Comanche,$3.825,2026-09-15
Oklahoma,OK,Cotton,$3.921,2026-09-15
Oklahoma,OK,Craig,$3.965,2026-09-15
Oklahoma,OK,Creek,$3.934,2026-09-15
Oklahoma,OK,Custer,$4.031,2026-09-15
Oklahoma,OK,Delaware,$3.966,2026-09-15
Oklahoma,OK,Dewey,$4.340,2026-09-15
Oklahoma,OK,Ellis,$4.337,2026-09-15
Oklahoma,OK,Garfield,$3.965,2026-09-15
Oklahoma,OK,Garvin,$3.884,2026-09-15
Oklahoma,OK,Grady,$3.938,2026-09-15
Oklahoma,OK,Grant,$4.049,2026-09-15
Oklahoma,OK,Greer,$3.829,2026-09-15
Oklahoma,OK,Harmon,$3.829,2026-09-15
Oklahoma,OK,Harper,$4.048,2026-09-15
Oklahoma,OK,Haskell,$3.854,2026-09-15
Oklahoma,OK,Hughes,$4.070,2026-09-15
Oklahoma,OK,Jackson,$3.883,2026-09-15
Oklahoma,OK,Jefferson,$4.059,2026-09-15
Oklahoma,OK,Johnston,$3.972,2026-09-15
Oklahoma,OK,Kay,$3.949,2026-09-15
Oklahoma,OK,Kingfisher,$4.037,2026-09-15
Oklahoma,OK,Kiowa,$4.043,2026-09-15
Oklahoma,OK,Latimer,$3.910,2026-09-15
Oklahoma,OK,Le Flore,$3.966,2026-09-15
Oklahoma,OK,Lincoln,$4.089,2026-09-15
Oklahoma,OK,Logan,$4.259,2026-09-15
Oklahoma,OK,Love,$4.052,2026-09-15
Oklahoma,OK,Major,$3.860,2026-09-15
Oklahoma,OK,Marshall,$3.952,2026-09-15
Oklahoma,OK,Mayes,$3.932,2026-09-15
Oklahoma,OK,McClain,$4.234,2026-09-15
Oklahoma,OK,McCurtain,$3.998,2026-09-15
Oklahoma,OK,McIntosh,$3.983,2026-09-15
Oklahoma,OK,Murray,$4.001,2026-09-15
Oklahoma,OK,Muskogee,$3.893,2026-09-15
Oklahoma,OK,Noble,$4.102,2026-09-15
Oklahoma,OK,Nowata,$3.847,2026-09-15
Oklahoma,OK,Okfuskee,$3.759,2026-09-15
Oklahoma,OK,Oklahoma,$3.969,2026-09-15
Oklahoma,OK,Okmulgee,$3.862,2026-09-15
Oklahoma,OK,Osage,$4.018,2026-09-15
Oklahoma,OK,Ottawa,$3.844,2026-09-15
Oklahoma,OK,Pawnee,$4.134,2026-09-15
Oklahoma,OK,Payne,$3.991,2026-09-15
Oklahoma,OK,Pittsburg,$3.828,2026-09-15
Oklahoma,OK,Pontotoc,$3.955,2026-09-15
Oklahoma,OK,Pottawatomie,$3.955,2026-09-15
Oklahoma,OK,Pushmataha,$3.993,2026-09-15
Oklahoma,OK,Roger Mills,$4.127,2026-09-15
Oklahoma,OK,Rogers,$3.933,2026-09-15
Oklahoma,OK,Seminole,$3.918,2026-09-15
Oklahoma,OK,Sequoyah,$3.850,2026-09-15
Oklahoma,OK,Stephens,$3.982,2026-09-15
Oklahoma,OK,Texas,$3.946,2026-09-15
Oklahoma,OK,Tillman,$3.819,2026-09-15
Oklahoma,OK,Tulsa,$3.961,2026-09-15
Oklahoma,OK,Wagoner,$3.883,2026-09-15
Oklahoma,OK,Washington,$3.895,2026-09-15
Oklahoma,OK,Washita,$3.902,2026-09-15
Oklahoma,OK,Woods,$3.976,2026-09-15
Oklahoma,OK,Woodward,$3.881,2026-09-15
Oregon,OR,Baker,$5.005,2026-09-15
Oregon,OR,Benton,$4.914,2026-09-15
Oregon,OR,Clackamas,$5.112,2026-09-15
Oregon,OR,Clatsop,$5.243,2026-09-15
Oregon,OR,Columbia,$5.182,2026-09-15
Oregon,OR,Coos,$5.096,2026-09-15
Oregon,OR,Crook,$5.147,2026-09-15
Oregon,OR,Curry,$5.359,2026-09-15
Oregon,OR,Deschutes,$5.032,2026-09-15
Oregon,OR,Douglas,$5.108,2026-09-15
Oregon,OR,Gilliam,$5.049,2026-09-15
Oregon,OR,Grant,$5.187,2026-09-15
Oregon,OR,Harney,$5.196,2026-09-15
Oregon,OR,Hood River,$5.245,2026-09-15
Oregon,OR,Jackson,$5.205,2026-09-15
Oregon,OR,Jefferson,$5.033,2026-09-15
Oregon,OR,Josephine,$5.299,2026-09-15
Oregon,OR,Klamath,$5.056,2026-09-15
Oregon,OR,Lake,$5.131,2026-09-15
Oregon,OR,Lane,$5.113,2026-09-15
Oregon,OR,Lincoln,$4.963,2026-09-15
Oregon,OR,Linn,$5.012,2026-09-15
Oregon,OR,Malheur,$5.104,2026-09-15
Oregon,OR,Marion,$4.906,2026-09-15
Oregon,OR,Morrow,$4.913,2026-09-15
Oregon,OR,Multnomah,$5.177,2026-09-15
Oregon,OR,Polk,$4.924,2026-09-15
Oregon,OR,Sherman,$4.890,2026-09-15
Oregon,OR,Tillamook,$5.371,2026-09-15
Oregon,OR,Umatilla,$5.162,2026-09-15
Oregon,OR,Union,$5.262,2026-09-15
Oregon,OR,Wallowa,$5.361,2026-09-15
Oregon,OR,Wasco,$5.204,2026-09-15
Oregon,OR,Washington,$5.114,2026-09-15
Oregon,OR,Wheeler,,2026-09-15
Oregon,OR,Yamhill,$5.120,2026-09-15
Maryland,MD,Allegany,$4.240,2026-09-15
Maryland,MD,Anne Arundel,$4.186,2026-09-15
Maryland,MD,Baltimore City,$4.171,2026-09-15
Maryland,MD,Baltimore,$4.185,2026-09-15
Maryland,MD,Calvert,$4.181,2026-09-15
Maryland,MD,Cecil,$4.187,2026-09-15
Maryland,MD,Charles,$4.165,2026-09-15
Maryland,MD,Carroll,$4.153,2026-09-15
Maryland,MD,Caroline,$4.199,2026-09-15
Maryland,MD,Dorchester,$4.187,2026-09-15
Maryland,MD,Frederick,$4.192,2026-09-15
Maryland,MD,Garrett,$4.249,2026-09-15
Maryland,MD,Harford,$4.185,2026-09-15
Maryland,MD,Howard,$4.253,2026-09-15
Maryland,MD,Kent,$4.252,2026-09-15
Maryland,MD,Montgomery,$4.276,2026-09-15
Maryland,MD,Prince Georges,$4.200,2026-09-15
Maryland,MD,Queen Annes,$4.178,2026-09-15
Maryland,MD,Saint Marys,$4.169,2026-09-15
Maryland,MD,Somerset,$4.250,2026-09-15
Maryland,MD,Talbot,$4.223,2026-09-15
Maryland,MD,Washington,$4.166,2026-09-15
Maryland,MD,Wicomico,$4.202,2026-09-15
Maryland,MD,Worcester,$4.183,2026-09-15
Massachusetts,MA,Barnstable,$4.347,2026-09-15
Massachusetts,MA,Berkshire,$4.349,2026-09-15
Massachusetts,MA,Bristol,$4.244,2026-09-15
Massachusetts,MA,Dukes,$5.424,2026-09-15
Massachusetts,MA,Essex,$4.376,2026-09-15
Massachusetts,MA,Franklin,$4.333,2026-09-15
Massachusetts,MA,Hampden,$4.235,2026-09-15
Massachusetts,MA,Hampshire,$4.315,2026-09-15
Massachusetts,MA,Middlesex,$4.382,2026-09-15
Massachusetts,MA,Nantucket,$5.694,2026-09-15
Massachusetts,MA,Norfolk,$4.366,2026-09-15
Massachusetts,MA,Plymouth,$4.291,2026-09-15
Massachusetts,MA,Suffolk,$4.507,2026-09-15
Massachusetts,MA,Worcester,$4.354,2026-09-15
Michigan,MI,Alcona,$4.408,2026-09-15
Michigan,MI,Alger,$4.325,2026-09-15
Michigan,MI,Allegan,$4.490,2026-09-15
Michigan,MI,Alpena,$4.327,2026-09-15
Michigan,MI,Antrim,$4.399,2026-09-15
Michigan,MI,Arenac,$4.470,2026-09-15
Michigan,MI,Baraga,$4.221,2026-09-15
Michigan,MI,Barry,$4.508,2026-09-15
Michigan,MI,Bay,$4.531,2026-09-15
Michigan,MI,Benzie,$4.480,2026-09-15
Michigan,MI,Berrien,$4.411,2026-09-15
Michigan,MI,Branch,$4.526,2026-09-15
Michigan,MI,Calhoun,$4.459,2026-09-15
Michigan,MI,Cass,$4.343,2026-09-15
Michigan,MI,Charlevoix,$4.435,2026-09-15
Michigan,MI,Cheboygan,$4.532,2026-09-15
Michigan,MI,Chippewa,$4.535,2026-09-15
Michigan,MI,Clare,$4.427,2026-09-15
Michigan,MI,Clinton,$4.459,2026-09-15
Michigan,MI,Crawford,$4.549,2026-09-15
Michigan,MI,Delta,$4.296,2026-09-15
Michigan,MI,Dickinson,$4.235,2026-09-15
Michigan,MI,Eaton,$4.503,2026-09-15
Michigan,MI,Emmet,$4.556,2026-09-15
Michigan,MI,Genesee,$4.444,2026-09-15
Michigan,MI,Gladwin,$4.383,2026-09-15
Michigan,MI,Gogebic,$4.412,2026-09-15
Michigan,MI,Grand Traverse,$4.442,2026-09-15
Michigan,MI,Gratiot,$4.470,2026-09-15
Michigan,MI,Hillsdale,$4.425,2026-09-15
Michigan,MI,Houghton,$4.297,2026-09-15
Michigan,MI,Huron,$4.494,2026-09-15
Michigan,MI,Ingham,$4.521,2026-09-15
Michigan,MI,Ionia,$4.479,2026-09-15
Michigan,MI,Iosco,$4.455,2026-09-15
Michigan,MI,Iron,$4.295,2026-09-15
Michigan,MI,Isabella,$4.447,2026-09-15
Michigan,MI,Jackson,$4.507,2026-09-15
Michigan,MI,Kalamazoo,$4.516,2026-09-15
Michigan,MI,Kalkaska,$4.495,2026-09-15
Michigan,MI,Kent,$4.519,2026-09-15
Michigan,MI,Keweenaw,$4.399,2026-09-15
Michigan,MI,Lake,$4.279,2026-09-15
Michigan,MI,Lapeer,$4.446,2026-09-15
Michigan,MI,Leelanau,$4.547,2026-09-15
Michigan,MI,Lenawee,$4.477,2026-09-15
Michigan,MI,Livingston,$4.516,2026-09-15
Michigan,MI,Luce,$4.374,2026-09-15
Michigan,MI,Mackinac,$4.499,2026-09-15
Michigan,MI,Macomb,$4.414,2026-09-15
Michigan,MI,Manistee,$4.508,2026-09-15
Michigan,MI,Marquette,$4.316,2026-09-15
Michigan,MI,Mason,$4.441,2026-09-15
Michigan,MI,Mecosta,$4.374,2026-09-15
Michigan,MI,Menominee,$4.319,2026-09-15
Michigan,MI,Midland,$4.432,2026-09-15
Michigan,MI,Missaukee,$4.440,2026-09-15
Michigan,MI,Monroe,$4.395,2026-09-15
Michigan,MI,Montcalm,$4.361,2026-09-15
Michigan,MI,Montmorency,$4.245,2026-09-15
Michigan,MI,Muskegon,$4.454,2026-09-15
Michigan,MI,Newaygo,$4.508,2026-09-15
Michigan,MI,Oakland,$4.470,2026-09-15
Michigan,MI,Oceana,$4.507,2026-09-15
Michigan,MI,Ogemaw,$4.333,2026-09-15
Michigan,MI,Ontonagon,$4.412,2026-09-15
Michigan,MI,Osceola,$4.467,2026-09-15
Michigan,MI,Oscoda,$4.349,2026-09-15
Michigan,MI,Otsego,$4.526,2026-09-15
Michigan,MI,Ottawa,$4.524,2026-09-15
Michigan,MI,Presque Isle,$4.379,2026-09-15
Michigan,MI,Roscommon,$4.421,2026-09-15
Michigan,MI,Saginaw,$4.482,2026-09-15
Michigan,MI,Sanilac,$4.406,2026-09-15
Michigan,MI,Schoolcraft,$4.328,2026-09-15
Michigan,MI,Shiawassee,$4.370,2026-09-15
Michigan,MI,Saint Clair,$4.397,2026-09-15
Michigan,MI,Saint Joseph,$4.441,2026-09-15
Michigan,MI,Tuscola,$4.482,2026-09-15
Michigan,MI,Van Buren,$4.338,2026-09-15
Michigan,MI,Washtenaw,$4.450,2026-09-15
Michigan,MI,Wayne,$4.347,2026-09-15
Michigan,MI,Wexford,$4.459,2026-09-15
Minnesota,MN,Aitkin,$4.182,2026-09-15
Minnesota,MN,Anoka,$4.195,2026-09-15
Minnesota,MN,Becker,$4.212,2026-09-15
Minnesota,MN,Beltrami,$4.204,2026-09-15
Minnesota,MN,Benton,$4.195,2026-09-15
Minnesota,MN,Big Stone,$4.049,2026-09-15
Minnesota,MN,Blue Earth,$4.209,2026-09-15
Minnesota,MN,Brown,$4.206,2026-09-15
Minnesota,MN,Carlton,$4.144,2026-09-15
Minnesota,MN,Carver,$4.262,2026-09-15
Minnesota,MN,Cass,$4.096,2026-09-15
Minnesota,MN,Chippewa,$4.258,2026-09-15
Minnesota,MN,Chisago,$4.267,2026-09-15
Minnesota,MN,Clay,$4.023,2026-09-15
Minnesota,MN,Clearwater,$4.148,2026-09-15
Minnesota,MN,Cook,$4.399,2026-09-15
Minnesota,MN,Cottonwood,$4.299,2026-09-15
Minnesota,MN,Crow Wing,$4.127,2026-09-15
Minnesota,MN,Dakota,$4.283,2026-09-15
Minnesota,MN,Dodge,$4.299,2026-09-15
Minnesota,MN,Douglas,$4.109,2026-09-15
Minnesota,MN,Faribault,$4.240,2026-09-15
Minnesota,MN,Fillmore,$4.211,2026-09-15
Minnesota,MN,Freeborn,$4.197,2026-09-15
Minnesota,MN,Goodhue,$4.257,2026-09-15
Minnesota,MN,Grant,$4.023,2026-09-15
Minnesota,MN,Hennepin,$4.317,2026-09-15
Minnesota,MN,Houston,$4.247,2026-09-15
Minnesota,MN,Hubbard,$4.199,2026-09-15
Minnesota,MN,Isanti,$4.162,2026-09-15
Minnesota,MN,Itasca,$4.185,2026-09-15
Minnesota,MN,Jackson,$4.194,2026-09-15
Minnesota,MN,Kanabec,$4.207,2026-09-15
Minnesota,MN,Kandiyohi,$4.224,2026-09-15
Minnesota,MN,Kittson,$4.140,2026-09-15
Minnesota,MN,Koochiching,$4.225,2026-09-15
Minnesota,MN,Lac Qui Parle,$4.276,2026-09-15
Minnesota,MN,Lake,$4.305,2026-09-15
Minnesota,MN,Lake of the Woods,$4.219,2026-09-15
Minnesota,MN,Le Sueur,$4.212,2026-09-15
Minnesota,MN,Lincoln,$4.174,2026-09-15
Minnesota,MN,Lyon,$4.269,2026-09-15
Minnesota,MN,Mahnomen,$4.199,2026-09-15
Minnesota,MN,Marshall,$4.118,2026-09-15
Minnesota,MN,Martin,$4.149,2026-09-15
Minnesota,MN,McLeod,$4.181,2026-09-15
Minnesota,MN,Meeker,$4.204,2026-09-15
Minnesota,MN,Mille Lacs,$4.173,2026-09-15
Minnesota,MN,Morrison,$4.186,2026-09-15
Minnesota,MN,Mower,$4.122,2026-09-15
Minnesota,MN,Murray,$4.241,2026-09-15
Minnesota,MN,Nicollet,$4.217,2026-09-15
Minnesota,MN,Nobles,$4.149,2026-09-15
Minnesota,MN,Norman,$4.079,2026-09-15
Minnesota,MN,Olmsted,$4.285,2026-09-15
Minnesota,MN,Otter Tail,$4.188,2026-09-15
Minnesota,MN,Pennington,$4.154,2026-09-15
Minnesota,MN,Pine,$4.207,2026-09-15
Minnesota,MN,Pipestone,$4.139,2026-09-15
Minnesota,MN,Polk,$4.182,2026-09-15
Minnesota,MN,Pope,$4.142,2026-09-15
Minnesota,MN,Ramsey,$4.314,2026-09-15
Minnesota,MN,Red Lake,$4.174,2026-09-15
Minnesota,MN,Redwood,$4.181,2026-09-15
Minnesota,MN,Renville,$4.285,2026-09-15
Minnesota,MN,Rice,$4.241,2026-09-15
Minnesota,MN,Rock,$4.213,2026-09-15
Minnesota,MN,Roseau,$4.153,2026-09-15
Minnesota,MN,Scott,$4.253,2026-09-15
Minnesota,MN,Sherburne,$4.222,2026-09-15
Minnesota,MN,Sibley,$4.236,2026-09-15
Minnesota,MN,Saint Louis,$4.224,2026-09-15
Minnesota,MN,Stearns,$4.134,2026-09-15
Minnesota,MN,Steele,$4.156,2026-09-15
Minnesota,MN,Stevens,$4.193,2026-09-15
Minnesota,MN,Swift,$4.294,2026-09-15
Minnesota,MN,Todd,$4.172,2026-09-15
Minnesota,MN,Traverse,$4.094,2026-09-15
Minnesota,MN,Wabasha,$4.191,2026-09-15
Minnesota,MN,Wadena,$4.219,2026-09-15
Minnesota,MN,Waseca,$4.196,2026-09-15
Minnesota,MN,Washington,$4.245,2026-09-15
Minnesota,MN,Watonwan,$4.270,2026-09-15
Minnesota,MN,Wilkin,$4.016,2026-09-15
Minnesota,MN,Winona,$4.163,2026-09-15
Minnesota,MN,Wright,$4.234,2026-09-15
Minnesota,MN,Yellow Medicine,$4.291,2026-09-15
Mississippi,MS,Adams,$3.921,2026-09-15
Mississippi,MS,Alcorn,$3.761,2026-09-15
Mississippi,MS,Amite,$3.903,2026-09-15
Mississippi,MS,Attala,$3.999,2026-09-15
Mississippi,MS,Benton,$3.879,2026-09-15
Mississippi,MS,Bolivar,$3.890,2026-09-15
Mississippi,MS,Calhoun,$3.965,2026-09-15
Mississippi,MS,Carroll,$3.959,2026-09-15
Mississippi,MS,Chickasaw,$3.830,2026-09-15
Mississippi,MS,Choctaw,$3.871,2026-09-15
Mississippi,MS,Claiborne,$4.099,2026-09-15
Mississippi,MS,Clarke,$3.826,2026-09-15
Mississippi,MS,Clay,$3.878,2026-09-15
Mississippi,MS,Coahoma,$3.910,2026-09-15
Mississippi,MS,Copiah,$3.918,2026-09-15
Mississippi,MS,Covington,$3.838,2026-09-15
Mississippi,MS,De Soto,$3.892,2026-09-15
Mississippi,MS,Forrest,$3.768,2026-09-15
Mississippi,MS,Franklin,$3.946,2026-09-15
Mississippi,MS,George,$3.851,2026-09-15
Mississippi,MS,Greene,$3.824,2026-09-15
Mississippi,MS,Grenada,$3.918,2026-09-15
Mississippi,MS,Hancock,$3.845,2026-09-15
Mississippi,MS,Harrison,$3.779,2026-09-15
Mississippi,MS,Hinds,$3.898,2026-09-15
Mississippi,MS,Holmes,$3.928,2026-09-15
Mississippi,MS,Humphreys,$3.899,2026-09-15
Mississippi,MS,Issaquena,,2026-09-15
Mississippi,MS,Itawamba,$3.798,2026-09-15
Mississippi,MS,Jackson,$3.819,2026-09-15
Mississippi,MS,Jasper,$3.829,2026-09-15
Mississippi,MS,Jefferson,$3.949,2026-09-15
Mississippi,MS,Jefferson Davis,$3.855,2026-09-15
Mississippi,MS,Jones,$3.775,2026-09-15
Mississippi,MS,Kemper,$3.899,2026-09-15
Mississippi,MS,Lafayette,$4.058,2026-09-15
Mississippi,MS,Lamar,$3.828,2026-09-15
Mississippi,MS,Lauderdale,$3.905,2026-09-15
Mississippi,MS,Lawrence,$3.932,2026-09-15
Mississippi,MS,Leake,$3.884,2026-09-15
Mississippi,MS,Lee,$3.838,2026-09-15
Mississippi,MS,Leflore,$3.822,2026-09-15
Mississippi,MS,Lincoln,$3.921,2026-09-15
Mississippi,MS,Lowndes,$3.869,2026-09-15
Mississippi,MS,Madison,$3.902,2026-09-15
Mississippi,MS,Marion,$3.887,2026-09-15
Mississippi,MS,Marshall,$3.956,2026-09-15
Mississippi,MS,Monroe,$3.850,2026-09-15
Mississippi,MS,Montgomery,$3.839,2026-09-15
Mississippi,MS,Neshoba,$3.851,2026-09-15
Mississippi,MS,Newton,$3.945,2026-09-15
Mississippi,MS,Noxubee,$4.041,2026-09-15
Mississippi,MS,Oktibbeha,$3.846,2026-09-15
Mississippi,MS,Panola,$3.909,2026-09-15
Mississippi,MS,Pearl River,$3.835,2026-09-15
Mississippi,MS,Perry,$3.891,2026-09-15
Mississippi,MS,Pike,$3.883,2026-09-15
Mississippi,MS,Pontotoc,$3.913,2026-09-15
Mississippi,MS,Prentiss,$3.850,2026-09-15
Mississippi,MS,Quitman,$4.099,2026-09-15
Mississippi,MS,Rankin,$3.839,2026-09-15
Mississippi,MS,Scott,$3.921,2026-09-15
Mississippi,MS,Sharkey,$3.899,2026-09-15
Mississippi,MS,Simpson,$3.848,2026-09-15
Mississippi,MS,Smith,$3.885,2026-09-15
Mississippi,MS,Stone,$3.811,2026-09-15
Mississippi,MS,Sunflower,$3.862,2026-09-15
Mississippi,MS,Tallahatchie,$3.949,2026-09-15
Mississippi,MS,Tate,$3.979,2026-09-15
Mississippi,MS,Tippah,$3.854,2026-09-15
Mississippi,MS,Tishomingo,$3.906,2026-09-15
Mississippi,MS,Tunica,$4.018,2026-09-15
Mississippi,MS,Union,$3.862,2026-09-15
Mississippi,MS,Walthall,$3.992,2026-09-15
Mississippi,MS,Warren,$3.919,2026-09-15
Mississippi,MS,Washington,$3.893,2026-09-15
Mississippi,MS,Wayne,$3.793,2026-09-15
Mississippi,MS,Webster,$3.896,2026-09-15
Mississippi,MS,Wilkinson,$3.919,2026-09-15
Mississippi,MS,Winston,$3.895,2026-09-15
Mississippi,MS,Yalobusha,$3.935,2026-09-15
Mississippi,MS,Yazoo,$3.776,2026-09-15
Missouri,MO,Adair,$3.883,2026-09-15
Missouri,MO,Andrew,$3.990,2026-09-15
Missouri,MO,Atchison,$3.990,2026-09-15
Missouri,MO,Audrain,$3.934,2026-09-15
Missouri,MO,Barry,$3.918,2026-09-15
Missouri,MO,Barton,$3.976,2026-09-15
Missouri,MO,Bates,$4.025,2026-09-15
Missouri,MO,Benton,$3.993,2026-09-15
Missouri,MO,Bollinger,$4.011,2026-09-15
Missouri,MO,Boone,$4.083,2026-09-15
Missouri,MO,Buchanan,$3.981,2026-09-15
Missouri,MO,Butler,$3.954,2026-09-15
Missouri,MO,Caldwell,$3.966,2026-09-15
Missouri,MO,Callaway,$4.047,2026-09-15
Missouri,MO,Camden,$3.982,2026-09-15
Missouri,MO,Cape Girardeau,$3.975,2026-09-15
Missouri,MO,Carroll,$3.941,2026-09-15
Missouri,MO,Carter,$4.099,2026-09-15
Missouri,MO,Cass,$3.966,2026-09-15
Missouri,MO,Cedar,$3.999,2026-09-15
Missouri,MO,Chariton,$3.966,2026-09-15
Missouri,MO,Christian,$3.917,2026-09-15
Missouri,MO,Clark,$3.973,2026-09-15
Missouri,MO,Clay,$3.976,2026-09-15
Missouri,MO,Clinton,$4.023,2026-09-15
Missouri,MO,Cole,$4.094,2026-09-15
Missouri,MO,Cooper,$3.907,2026-09-15
Missouri,MO,Crawford,$4.026,2026-09-15
Missouri,MO,Dade,$4.032,2026-09-15
Missouri,MO,Dallas,$3.978,2026-09-15
Missouri,MO,Daviess,$3.909,2026-09-15
Missouri,MO,DeKalb,$3.999,2026-09-15
Missouri,MO,Dent,$4.102,2026-09-15
Missouri,MO,Douglas,$3.994,2026-09-15
Missouri,MO,Dunklin,$3.984,2026-09-15
Missouri,MO,Franklin,$3.958,2026-09-15
Missouri,MO,Gasconade,$3.974,2026-09-15
Missouri,MO,Gentry,$4.019,2026-09-15
Missouri,MO,Greene,$3.959,2026-09-15
Missouri,MO,Grundy,$3.993,2026-09-15
Missouri,MO,Harrison,$3.947,2026-09-15
Missouri,MO,Henry,$3.996,2026-09-15
Missouri,MO,Hickory,$4.031,2026-09-15
Missouri,MO,Holt,$4.001,2026-09-15
Missouri,MO,Howard,$4.037,2026-09-15
Missouri,MO,Howell,$3.972,2026-09-15
Missouri,MO,Iron,$4.070,2026-09-15
Missouri,MO,Jackson,$3.977,2026-09-15
Missouri,MO,Jasper,$3.906,2026-09-15
Missouri,MO,Jefferson,$3.928,2026-09-15
Missouri,MO,Johnson,$3.935,2026-09-15
Missouri,MO,Knox,$3.999,2026-09-15
Missouri,MO,Laclede,$3.976,2026-09-15
Missouri,MO,Lafayette,$3.919,2026-09-15
Missouri,MO,Lawrence,$3.992,2026-09-15
Missouri,MO,Lewis,$3.974,2026-09-15
Missouri,MO,Lincoln,$3.946,2026-09-15
Missouri,MO,Linn,$3.974,2026-09-15
Missouri,MO,Livingston,$3.957,2026-09-15
Missouri,MO,Macon,$3.992,2026-09-15
Missouri,MO,Madison,$3.825,2026-09-15
Missouri,MO,Maries,$4.082,2026-09-15
Missouri,MO,Marion,$3.949,2026-09-15
Missouri,MO,McDonald,$3.957,2026-09-15
Missouri,MO,Mercer,$3.949,2026-09-15
Missouri,MO,Miller,$4.080,2026-09-15
Missouri,MO,Mississippi,$3.990,2026-09-15
Missouri,MO,Moniteau,$4.080,2026-09-15
Missouri,MO,Monroe,$3.946,2026-09-15
Missouri,MO,Montgomery,$3.893,2026-09-15
Missouri,MO,Morgan,$4.036,2026-09-15
Missouri,MO,New Madrid,$4.006,2026-09-15
Missouri,MO,Newton,$3.926,2026-09-15
Missouri,MO,Nodaway,$3.986,2026-09-15
Missouri,MO,Oregon,$4.116,2026-09-15
Missouri,MO,Osage,$4.021,2026-09-15
Missouri,MO,Ozark,$4.099,2026-09-15
Missouri,MO,Pemiscot,$4.008,2026-09-15
Missouri,MO,Perry,$3.974,2026-09-15
Missouri,MO,Pettis,$3.963,2026-09-15
Missouri,MO,Phelps,$4.103,2026-09-15
Missouri,MO,Pike,$4.017,2026-09-15
Missouri,MO,Platte,$3.977,2026-09-15
Missouri,MO,Polk,$4.081,2026-09-15
Missouri,MO,Pulaski,$3.991,2026-09-15
Missouri,MO,Putnam,$3.949,2026-09-15
Missouri,MO,Ralls,$3.949,2026-09-15
Missouri,MO,Randolph,$3.975,2026-09-15
Missouri,MO,Ray,$3.966,2026-09-15
Missouri,MO,Reynolds,$4.054,2026-09-15
Missouri,MO,Ripley,$4.037,2026-09-15
Missouri,MO,Saline,$3.962,2026-09-15
Missouri,MO,Schuyler,$3.949,2026-09-15
Missouri,MO,Scotland,$3.982,2026-09-15
Missouri,MO,Scott,$4.021,2026-09-15
Missouri,MO,Shannon,$4.112,2026-09-15
Missouri,MO,Shelby,$3.965,2026-09-15
Missouri,MO,Saint Charles,$3.896,2026-09-15
Missouri,MO,Saint Clair,$4.013,2026-09-15
Missouri,MO,Saint Francois,$3.975,2026-09-15
Missouri,MO,Saint Louis,$3.927,2026-09-15
Missouri,MO,Saint Louis City,$3.950,2026-09-15
Missouri,MO,Sainte Genevieve,$3.926,2026-09-15
Missouri,MO,Stoddard,$4.014,2026-09-15
Missouri,MO,Stone,$3.972,2026-09-15
Missouri,MO,Sullivan,$3.989,2026-09-15
Missouri,MO,Taney,$4.071,2026-09-15
Missouri,MO,Texas,$4.074,2026-09-15
Missouri,MO,Vernon,$3.984,2026-09-15
Missouri,MO,Warren,$3.839,2026-09-15
Missouri,MO,Washington,$3.879,2026-09-15
Missouri,MO,Wayne,$4.062,2026-09-15
Missouri,MO,Webster,$3.975,2026-09-15
Missouri,MO,Worth,$4.029,2026-09-15
Missouri,MO,Wright,$4.026,2026-09-15
Pennsylvania,PA,Adams,$4.495,2026-09-15
Pennsylvania,PA,Allegheny,$4.549,2026-09-15
Pennsylvania,PA,Armstrong,$4.524,2026-09-15
Pennsylvania,PA,Beaver,$4.565,2026-09-15
Pennsylvania,PA,Bedford,$4.362,2026-09-15
Pennsylvania,PA,Berks,$4.516,2026-09-15
Pennsylvania,PA,Blair,$4.481,2026-09-15
Pennsylvania,PA,Bradford,$4.530,2026-09-15
Pennsylvania,PA,Bucks,$4.530,2026-09-15
Pennsylvania,PA,Butler,$4.568,2026-09-15
Pennsylvania,PA,Cambria,$4.517,2026-09-15
Pennsylvania,PA,Cameron,$4.544,2026-09-15
Pennsylvania,PA,Carbon,$4.351,2026-09-15
Pennsylvania,PA,Centre,$4.474,2026-09-15
Pennsylvania,PA,Chester,$4.527,2026-09-15
Pennsylvania,PA,Clarion,$4.489,2026-09-15
Pennsylvania,PA,Clearfield,$4.483,2026-09-15
Pennsylvania,PA,Clinton,$4.482,2026-09-15
Pennsylvania,PA,Columbia,$4.480,2026-09-15
Pennsylvania,PA,Crawford,$4.586,2026-09-15
Pennsylvania,PA,Cumberland,$4.447,2026-09-15
Pennsylvania,PA,Dauphin,$4.434,2026-09-15
Pennsylvania,PA,Delaware,$4.535,2026-09-15
Pennsylvania,PA,Elk,$4.479,2026-09-15
Pennsylvania,PA,Erie,$4.532,2026-09-15
Pennsylvania,PA,Fayette,$4.585,2026-09-15
Pennsylvania,PA,Forest,$4.574,2026-09-15
Pennsylvania,PA,Franklin,$4.228,2026-09-15
Pennsylvania,PA,Fulton,$4.269,2026-09-15
Pennsylvania,PA,Greene,$4.581,2026-09-15
Pennsylvania,PA,Huntingdon,$4.539,2026-09-15
Pennsylvania,PA,Indiana,$4.534,2026-09-15
Pennsylvania,PA,Jefferson,$4.455,2026-09-15
Pennsylvania,PA,Juniata,$4.411,2026-09-15
Pennsylvania,PA,Lackawanna,$4.434,2026-09-15
Pennsylvania,PA,Lancaster,$4.504,2026-09-15
Pennsylvania,PA,Lawrence,$4.515,2026-09-15
Pennsylvania,PA,Lebanon,$4.415,2026-09-15
Pennsylvania,PA,Lehigh,$4.419,2026-09-15
Pennsylvania,PA,Luzerne,$4.439,2026-09-15
Pennsylvania,PA,Lycoming,$4.515,2026-09-15
Pennsylvania,PA,McKean,$4.429,2026-09-15
Pennsylvania,PA,Mercer,$4.548,2026-09-15
Pennsylvania,PA,Mifflin,$4.581,2026-09-15
Pennsylvania,PA,Monroe,$4.455,2026-09-15
Pennsylvania,PA,Montgomery,$4.543,2026-09-15
Pennsylvania,PA,Montour,$4.474,2026-09-15
Pennsylvania,PA,Northampton,$4.397,2026-09-15
Pennsylvania,PA,Northumberland,$4.404,2026-09-15
Pennsylvania,PA,Perry,$4.474,2026-09-15
Pennsylvania,PA,Philadelphia,$4.564,2026-09-15
Pennsylvania,PA,Pike,$4.524,2026-09-15
Pennsylvania,PA,Potter,$4.539,2026-09-15
Pennsylvania,PA,Schuylkill,$4.396,2026-09-15
Pennsylvania,PA,Snyder,$4.400,2026-09-15
Pennsylvania,PA,Somerset,$4.538,2026-09-15
Pennsylvania,PA,Sullivan,$4.599,2026-09-15
Pennsylvania,PA,Susquehanna,$4.442,2026-09-15
Pennsylvania,PA,Tioga,$4.464,2026-09-15
Pennsylvania,PA,Union,$4.531,2026-09-15
Pennsylvania,PA,Venango,$4.552,2026-09-15
Pennsylvania,PA,Warren,$4.562,2026-09-15
Pennsylvania,PA,Washington,$4.543,2026-09-15
Pennsylvania,PA,Wayne,$4.415,2026-09-15
Pennsylvania,PA,Westmoreland,$4.534,2026-09-15
Pennsylvania,PA,Wyoming,$4.467,2026-09-15
Pennsylvania,PA,York,$4.480,2026-09-15
Rhode Island,RI,Bristol,$4.436,2026-09-15
Rhode Island,RI,Kent,$4.343,2026-09-15
Rhode Island,RI,Newport,$4.378,2026-09-15
Rhode Island,RI,Providence,$4.382,2026-09-15
Rhode Island,RI,Washington,$4.440,2026-09-15
South Carolina,SC,Abbeville,$4.161,2026-09-15
South Carolina,SC,Aiken,$4.031,2026-09-15
South Carolina,SC,Allendale,$3.959,2026-09-15
South Carolina,SC,Anderson,$4.056,2026-09-15
South Carolina,SC,Bamberg,$4.115,2026-09-15
South Carolina,SC,Barnwell,$4.060,2026-09-15
South Carolina,SC,Beaufort,$4.110,2026-09-15
South Carolina,SC,Berkeley,$4.095,2026-09-15
South Carolina,SC,Calhoun,$4.094,2026-09-15
South Carolina,SC,Charleston,$4.098,2026-09-15
South Carolina,SC,Cherokee,$4.000,2026-09-15
South Carolina,SC,Chester,$4.060,2026-09-15
South Carolina,SC,Chesterfield,$3.999,2026-09-15
South Carolina,SC,Clarendon,$4.029,2026-09-15
South Carolina,SC,Colleton,$3.986,2026-09-15
South Carolina,SC,Darlington,$4.013,2026-09-15
South Carolina,SC,Dillon,$3.878,2026-09-15
South Carolina,SC,Dorchester,$4.050,2026-09-15
South Carolina,SC,Edgefield,$4.073,2026-09-15
South Carolina,SC,Fairfield,$4.006,2026-09-15
South Carolina,SC,Florence,$3.951,2026-09-15
South Carolina,SC,Georgetown,$4.002,2026-09-15
South Carolina,SC,Greenville,$4.112,2026-09-15
South Carolina,SC,Greenwood,$4.074,2026-09-15
South Carolina,SC,Hampton,$4.024,2026-09-15
South Carolina,SC,Horry,$3.938,2026-09-15
South Carolina,SC,Jasper,$4.024,2026-09-15
South Carolina,SC,Kershaw,$4.026,2026-09-15
South Carolina,SC,Lancaster,$3.979,2026-09-15
South Carolina,SC,Laurens,$4.004,2026-09-15
South Carolina,SC,Lee,$4.051,2026-09-15
South Carolina,SC,Lexington,$3.996,2026-09-15
South Carolina,SC,Marion,$3.908,2026-09-15
South Carolina,SC,Marlboro,$3.930,2026-09-15
South Carolina,SC,McCormick,$4.011,2026-09-15
South Carolina,SC,Newberry,$4.055,2026-09-15
South Carolina,SC,Oconee,$4.091,2026-09-15
South Carolina,SC,Orangeburg,$4.080,2026-09-15
South Carolina,SC,Pickens,$3.984,2026-09-15
South Carolina,SC,Richland,$4.045,2026-09-15
South Carolina,SC,Saluda,$4.067,2026-09-15
South Carolina,SC,Spartanburg,$4.048,2026-09-15
South Carolina,SC,Sumter,$4.011,2026-09-15
South Carolina,SC,Union,$4.099,2026-09-15
South Carolina,SC,Williamsburg,$3.974,2026-09-15
South Carolina,SC,York,$4.030,2026-09-15
South Dakota,SD,Aurora,$4.079,2026-09-15
South Dakota,SD,Beadle,$4.045,2026-09-15
South Dakota,SD,Bennett,$4.349,2026-09-15
South Dakota,SD,Bon Homme,$4.205,2026-09-15
South Dakota,SD,Brookings,$4.060,2026-09-15
South Dakota,SD,Brown,$4.068,2026-09-15
South Dakota,SD,Brule,$4.239,2026-09-15
South Dakota,SD,Buffalo,$4.399,2026-09-15
South Dakota,SD,Butte,$4.212,2026-09-15
South Dakota,SD,Campbell,$4.049,2026-09-15
South Dakota,SD,Charles Mix,$4.113,2026-09-15
South Dakota,SD,Clark,$4.654,2026-09-15
South Dakota,SD,Clay,$4.074,2026-09-15
South Dakota,SD,Codington,$4.151,2026-09-15
South Dakota,SD,Corson,$4.299,2026-09-15
South Dakota,SD,Custer,$4.499,2026-09-15
South Dakota,SD,Davison,$4.158,2026-09-15
South Dakota,SD,Day,$4.199,2026-09-15
South Dakota,SD,Deuel,$4.099,2026-09-15
South Dakota,SD,Dewey,$4.849,2026-09-15
South Dakota,SD,Douglas,$3.999,2026-09-15
South Dakota,SD,Edmunds,$4.149,2026-09-15
South Dakota,SD,Fall River,$4.299,2026-09-15
South Dakota,SD,Faulk,,2026-09-15
South Dakota,SD,Grant,$4.085,2026-09-15
South Dakota,SD,Gregory,$4.376,2026-09-15
South Dakota,SD,Haakon,$4.319,2026-09-15
South Dakota,SD,Hamlin,$4.087,2026-09-15
South Dakota,SD,Hand,$4.192,2026-09-15
South Dakota,SD,Hanson,$4.164,2026-09-15
South Dakota,SD,Harding,$4.199,2026-09-15
South Dakota,SD,Hughes,$4.278,2026-09-15
South Dakota,SD,Hutchinson,$3.968,2026-09-15
South Dakota,SD,Hyde,$4.286,2026-09-15
South Dakota,SD,Jackson,$4.232,2026-09-15
South Dakota,SD,Jerauld,$4.049,2026-09-15
South Dakota,SD,Jones,$4.099,2026-09-15
South Dakota,SD,Kingsbury,$4.197,2026-09-15
South Dakota,SD,Lake,$3.977,2026-09-15
South Dakota,SD,Lawrence,$4.326,2026-09-15
South Dakota,SD,Lincoln,$4.060,2026-09-15
South Dakota,SD,Lyman,$4.272,2026-09-15
South Dakota,SD,Marshall,$4.399,2026-09-15
South Dakota,SD,McCook,$3.899,2026-09-15
South Dakota,SD,McPherson,,2026-09-15
South Dakota,SD,Meade,$4.441,2026-09-15
South Dakota,SD,Mellette,$4.029,2026-09-15
South Dakota,SD,Miner,$4.059,2026-09-15
South Dakota,SD,Minnehaha,$4.015,2026-09-15
South Dakota,SD,Moody,$4.316,2026-09-15
South Dakota,SD,Pennington,$4.315,2026-09-15
South Dakota,SD,Perkins,$4.249,2026-09-15
South Dakota,SD,Potter,$4.092,2026-09-15
South Dakota,SD,Roberts,$3.966,2026-09-15
South Dakota,SD,Sanborn,$3.999,2026-09-15
South Dakota,SD,Shannon,$4.386,2026-09-15
South Dakota,SD,Spink,$4.086,2026-09-15
South Dakota,SD,Stanley,$4.537,2026-09-15
South Dakota,SD,Sully,,2026-09-15
South Dakota,SD,Todd,$4.134,2026-09-15
South Dakota,SD,Tripp,$4.149,2026-09-15
South Dakota,SD,Turner,$4.024,2026-09-15
South Dakota,SD,Union,$3.981,2026-09-15
South Dakota,SD,Walworth,$4.367,2026-09-15
South Dakota,SD,Yankton,$4.080,2026-09-15
South Dakota,SD,Ziebach,,2026-09-15
Tennessee,TN,Anderson,$3.907,2026-09-15
Tennessee,TN,Bedford,$3.833,2026-09-15
Tennessee,TN,Benton,$3.868,2026-09-15
Tennessee,TN,Bledsoe,$3.977,2026-09-15
Tennessee,TN,Blount,$3.937,2026-09-15
Tennessee,TN,Bradley,$3.934,2026-09-15
Tennessee,TN,Campbell,$3.888,2026-09-15
Tennessee,TN,Cannon,$3.959,2026-09-15
Tennessee,TN,Carroll,$3.988,2026-09-15
Tennessee,TN,Carter,$3.983,2026-09-15
Tennessee,TN,Cheatham,$3.908,2026-09-15
Tennessee,TN,Chester,$3.962,2026-09-15
Tennessee,TN,Claiborne,$3.847,2026-09-15
Tennessee,TN,Clay,$3.999,2026-09-15
Tennessee,TN,Cocke,$3.916,2026-09-15
Tennessee,TN,Coffee,$3.899,2026-09-15
Tennessee,TN,Crockett,$4.118,2026-09-15
Tennessee,TN,Cumberland,$3.914,2026-09-15
Tennessee,TN,Davidson,$3.959,2026-09-15
Tennessee,TN,Decatur,$3.819,2026-09-15
Tennessee,TN,DeKalb,$3.988,2026-09-15
Tennessee,TN,Dickson,$3.754,2026-09-15
Tennessee,TN,Dyer,$3.851,2026-09-15
Tennessee,TN,Fayette,$3.928,2026-09-15
Tennessee,TN,Fentress,$3.868,2026-09-15
Tennessee,TN,Franklin,$3.909,2026-09-15
Tennessee,TN,Gibson,$3.974,2026-09-15
Tennessee,TN,Giles,$3.872,2026-09-15
Tennessee,TN,Grainger,$3.988,2026-09-15
Tennessee,TN,Greene,$3.819,2026-09-15
Tennessee,TN,Grundy,$3.935,2026-09-15
Tennessee,TN,Hamblen,$3.832,2026-09-15
Tennessee,TN,Hamilton,$3.892,2026-09-15
Tennessee,TN,Hancock,$3.999,2026-09-15
Tennessee,TN,Hardeman,$4.021,2026-09-15
Tennessee,TN,Hardin,$3.857,2026-09-15
Tennessee,TN,Hawkins,$3.837,2026-09-15
Tennessee,TN,Haywood,$4.082,2026-09-15
Tennessee,TN,Henderson,$3.843,2026-09-15
Tennessee,TN,Henry,$3.858,2026-09-15
Tennessee,TN,Hickman,$3.893,2026-09-15
Tennessee,TN,Houston,$3.999,2026-09-15
Tennessee,TN,Humphreys,$3.863,2026-09-15
Tennessee,TN,Jackson,$3.931,2026-09-15
Tennessee,TN,Jefferson,$3.946,2026-09-15
Tennessee,TN,Johnson,$4.012,2026-09-15
Tennessee,TN,Knox,$3.904,2026-09-15
Tennessee,TN,Lake,$3.899,2026-09-15
Tennessee,TN,Lauderdale,$4.013,2026-09-15
Tennessee,TN,Lawrence,$3.880,2026-09-15
Tennessee,TN,Lewis,$3.899,2026-09-15
Tennessee,TN,Lincoln,$3.908,2026-09-15
Tennessee,TN,Loudon,$3.948,2026-09-15
Tennessee,TN,Macon,$3.934,2026-09-15
Tennessee,TN,Madison,$3.976,2026-09-15
Tennessee,TN,Marion,$3.898,2026-09-15
Tennessee,TN,Marshall,$3.937,2026-09-15
Tennessee,TN,Maury,$3.953,2026-09-15
Tennessee,TN,McMinn,$3.967,2026-09-15
Tennessee,TN,McNairy,$3.927,2026-09-15
Tennessee,TN,Meigs,$3.966,2026-09-15
Tennessee,TN,Monroe,$3.907,2026-09-15
Tennessee,TN,Montgomery,$3.874,2026-09-15
Tennessee,TN,Moore,$3.999,2026-09-15
Tennessee,TN,Morgan,$3.879,2026-09-15
Tennessee,TN,Obion,$3.933,2026-09-15
Tennessee,TN,Overton,$4.000,2026-09-15
Tennessee,TN,Perry,$3.859,2026-09-15
Tennessee,TN,Pickett,$4.049,2026-09-15
Tennessee,TN,Polk,$3.966,2026-09-15
Tennessee,TN,Putnam,$3.931,2026-09-15
Tennessee,TN,Rhea,$3.788,2026-09-15
Tennessee,TN,Roane,$3.878,2026-09-15
Tennessee,TN,Robertson,$3.926,2026-09-15
Tennessee,TN,Rutherford,$3.904,2026-09-15
Tennessee,TN,Scott,$3.847,2026-09-15
Tennessee,TN,Sequatchie,$4.040,2026-09-15
Tennessee,TN,Sevier,$3.919,2026-09-15
Tennessee,TN,Shelby,$3.970,2026-09-15
Tennessee,TN,Smith,$3.839,2026-09-15
Tennessee,TN,Stewart,$4.015,2026-09-15
Tennessee,TN,Sullivan,$3.966,2026-09-15
Tennessee,TN,Sumner,$3.940,2026-09-15
Tennessee,TN,Tipton,$3.905,2026-09-15
Tennessee,TN,Trousdale,$3.999,2026-09-15
Tennessee,TN,Unicoi,$4.051,2026-09-15
Tennessee,TN,Union,$3.933,2026-09-15
Tennessee,TN,Van Buren,$3.999,2026-09-15
Tennessee,TN,Warren,$3.988,2026-09-15
Tennessee,TN,Washington,$4.031,2026-09-15
Tennessee,TN,Wayne,$3.866,2026-09-15
Tennessee,TN,Weakley,$3.920,2026-09-15
Tennessee,TN,White,$3.891,2026-09-15
Tennessee,TN,Williamson,$4.080,2026-09-15
Tennessee,TN,Wilson,$3.786,2026-09-15
Texas,TX,Anderson,$3.834,2026-09-15
Texas,TX,Andrews,$4.036,2026-09-15
Texas,TX,Angelina,$3.859,2026-09-15
Texas,TX,Aransas,$3.780,2026-09-15
Texas,TX,Archer,$3.812,2026-09-15
Texas,TX,Armstrong,$3.899,2026-09-15
Texas,TX,Atascosa,$3.876,2026-09-15
Texas,TX,Austin,$3.856,2026-09-15
Texas,TX,Bailey,$4.129,2026-09-15
Texas,TX,Bandera,$3.957,2026-09-15
Texas,TX,Bastrop,$3.883,2026-09-15
Texas,TX,Baylor,$4.099,2026-09-15
Texas,TX,Bee,$3.917,2026-09-15
Texas,TX,Bell,$3.847,2026-09-15
Texas,TX,Bexar,$3.873,2026-09-15
Texas,TX,Blanco,$3.976,2026-09-15
Texas,TX,Borden,,2026-09-15
Texas,TX,Bosque,$3.914,2026-09-15
Texas,TX,Bowie,$3.840,2026-09-15
Texas,TX,Brazoria,$3.805,2026-09-15
Texas,TX,Brazos,$3.856,2026-09-15
Texas,TX,Brewster,$4.588,2026-09-15
Texas,TX,Briscoe,$3.979,2026-09-15
Texas,TX,Brooks,$3.799,2026-09-15
Texas,TX,Brown,$3.763,2026-09-15
Texas,TX,Burleson,$3.873,2026-09-15
Texas,TX,Burnet,$3.824,2026-09-15
Texas,TX,Caldwell,$3.872,2026-09-15
Texas,TX,Calhoun,$3.956,2026-09-15
Texas,TX,Callahan,$3.878,2026-09-15
Texas,TX,Cameron,$3.808,2026-09-15
Texas,TX,Camp,$3.801,2026-09-15
Texas,TX,Carson,$3.881,2026-09-15
Texas,TX,Cass,$3.840,2026-09-15
Texas,TX,Castro,$4.161,2026-09-15
Texas,TX,Chambers,$3.829,2026-09-15
Texas,TX,Cherokee,$3.851,2026-09-15
Texas,TX,Childress,$3.829,2026-09-15
Texas,TX,Clay,$3.910,2026-09-15
Texas,TX,Cochran,$3.937,2026-09-15
Texas,TX,Coke,$4.099,2026-09-15
Texas,TX,Coleman,$3.900,2026-09-15
Texas,TX,Collin,$3.819,2026-09-15
Texas,TX,Collingsworth,$3.959,2026-09-15
Texas,TX,Colorado,$3.860,2026-09-15
Texas,TX,Comal,$3.838,2026-09-15
Texas,TX,Comanche,$3.764,2026-09-15
Texas,TX,Concho,$3.964,2026-09-15
Texas,TX,Cooke,$3.883,2026-09-15
Texas,TX,Coryell,$3.813,2026-09-15
Texas,TX,Cottle,$4.099,2026-09-15
Texas,TX,Crane,$4.149,2026-09-15
Texas,TX,Crockett,$4.201,2026-09-15
Texas,TX,Crosby,$4.119,2026-09-15
Texas,TX,Culberson,$4.241,2026-09-15
Texas,TX,Dallam,$3.899,2026-09-15
Texas,TX,Dallas,$3.868,2026-09-15
Texas,TX,Dawson,$4.125,2026-09-15
Texas,TX,Deaf Smith,$3.861,2026-09-15
Texas,TX,Delta,$3.966,2026-09-15
Texas,TX,Denton,$3.826,2026-09-15
Texas,TX,De Witt,$3.932,2026-09-15
Texas,TX,Dickens,$4.129,2026-09-15
Texas,TX,Dimmit,$3.988,2026-09-15
Texas,TX,Donley,$3.899,2026-09-15
Texas,TX,Duval,$3.901,2026-09-15
Texas,TX,Eastland,$3.806,2026-09-15
Texas,TX,Ector,$4.012,2026-09-15
Texas,TX,Edwards,$4.099,2026-09-15
Texas,TX,El Paso,$4.342,2026-09-15
Texas,TX,Ellis,$3.858,2026-09-15
Texas,TX,Erath,$3.792,2026-09-15
Texas,TX,Falls,$3.888,2026-09-15
Texas,TX,Fannin,$3.828,2026-09-15
Texas,TX,Fayette,$3.889,2026-09-15
Texas,TX,Fisher,$3.949,2026-09-15
Texas,TX,Floyd,$3.983,2026-09-15
Texas,TX,Foard,$3.899,2026-09-15
Texas,TX,Fort Bend,$3.775,2026-09-15
Texas,TX,Franklin,$3.842,2026-09-15
Texas,TX,Freestone,$3.833,2026-09-15
Texas,TX,Frio,$3.983,2026-09-15
Texas,TX,Gaines,$4.046,2026-09-15
Texas,TX,Galveston,$3.810,2026-09-15
Texas,TX,Garza,$4.049,2026-09-15
Texas,TX,Gillespie,$3.987,2026-09-15
Texas,TX,Glasscock,$4.052,2026-09-15
Texas,TX,Goliad,$3.999,2026-09-15
Texas,TX,Gonzales,$3.828,2026-09-15
Texas,TX,Gray,$3.876,2026-09-15
Texas,TX,Grayson,$3.826,2026-09-15
Texas,TX,Gregg,$3.857,2026-09-15
Texas,TX,Grimes,$3.884,2026-09-15
Texas,TX,Guadalupe,$3.837,2026-09-15
Texas,TX,Hale,$3.906,2026-09-15
Texas,TX,Hall,$3.906,2026-09-15
Texas,TX,Hamilton,$3.766,2026-09-15
Texas,TX,Hansford,$3.979,2026-09-15
Texas,TX,Hardeman,$3.878,2026-09-15
Texas,TX,Hardin,$3.787,2026-09-15
Texas,TX,Harris,$3.778,2026-09-15
Texas,TX,Harrison,$3.907,2026-09-15
Texas,TX,Hartley,$3.999,2026-09-15
Texas,TX,Haskell,$3.848,2026-09-15
Texas,TX,Hays,$3.817,2026-09-15
Texas,TX,Hemphill,$4.086,2026-09-15
Texas,TX,Henderson,$3.845,2026-09-15
Texas,TX,Hidalgo,$3.777,2026-09-15
Texas,TX,Hill,$3.835,2026-09-15
Texas,TX,Hockley,$4.032,2026-09-15
Texas,TX,Hood,$3.939,2026-09-15
Texas,TX,Hopkins,$3.930,2026-09-15
Texas,TX,Houston,$3.918,2026-09-15
Texas,TX,Howard,$3.863,2026-09-15
Texas,TX,Hudspeth,$4.549,2026-09-15
Texas,TX,Hunt,$3.854,2026-09-15
Texas,TX,Hutchinson,$3.843,2026-09-15
Texas,TX,Irion,$3.874,2026-09-15
Texas,TX,Jack,$3.922,2026-09-15
Texas,TX,Jackson,$3.978,2026-09-15
Texas,TX,Jasper,$3.828,2026-09-15
Texas,TX,Jeff Davis,$4.339,2026-09-15
Texas,TX,Jefferson,$3.814,2026-09-15
Texas,TX,Jim Hogg,$3.819,2026-09-15
Texas,TX,Jim Wells,$3.852,2026-09-15
Texas,TX,Johnson,$3.803,2026-09-15
Texas,TX,Jones,$3.870,2026-09-15
Texas,TX,Karnes,$3.872,2026-09-15
Texas,TX,Kaufman,$3.877,2026-09-15
Texas,TX,Kendall,$3.876,2026-09-15
Texas,TX,Kenedy,,2026-09-15
Texas,TX,Kent,,2026-09-15
Texas,TX,Kerr,$3.906,2026-09-15
Texas,TX,Kimble,$3.824,2026-09-15
Texas,TX,King,$4.099,2026-09-15
Texas,TX,Kinney,$3.759,2026-09-15
Texas,TX,Kleberg,$3.830,2026-09-15
Texas,TX,Knox,$4.099,2026-09-15
Texas,TX,La Salle,$3.973,2026-09-15
Texas,TX,Lamar,$3.875,2026-09-15
Texas,TX,Lamb,$4.065,2026-09-15
Texas,TX,Lampasas,$3.857,2026-09-15
Texas,TX,Lavaca,$3.944,2026-09-15
Texas,TX,Lee,$3.841,2026-09-15
Texas,TX,Leon,$3.939,2026-09-15
Texas,TX,Liberty,$3.815,2026-09-15
Texas,TX,Limestone,$3.899,2026-09-15
Texas,TX,Lipscomb,$3.899,2026-09-15
Texas,TX,Live Oak,$3.908,2026-09-15
Texas,TX,Llano,$3.886,2026-09-15
Texas,TX,Loving,$4.329,2026-09-15
Texas,TX,Lubbock,$3.947,2026-09-15
Texas,TX,Lynn,$4.164,2026-09-15
Texas,TX,Madison,$3.884,2026-09-15
Texas,TX,Marion,$3.799,2026-09-15
Texas,TX,Martin,$4.119,2026-09-15
Texas,TX,Mason,$3.999,2026-09-15
Texas,TX,Matagorda,$3.753,2026-09-15
Texas,TX,Maverick,$3.912,2026-09-15
Texas,TX,McCulloch,$4.142,2026-09-15
Texas,TX,McLennan,$3.873,2026-09-15
Texas,TX,McMullen,$3.839,2026-09-15
Texas,TX,Medina,$3.887,2026-09-15
Texas,TX,Menard,$4.049,2026-09-15
Texas,TX,Midland,$4.016,2026-09-15
Texas,TX,Milam,$3.781,2026-09-15
Texas,TX,Mills,$3.924,2026-09-15
Texas,TX,Mitchell,$3.806,2026-09-15
Texas,TX,Montague,$3.917,2026-09-15
Texas,TX,Montgomery,$3.795,2026-09-15
Texas,TX,Moore,$3.888,2026-09-15
Texas,TX,Morris,$3.953,2026-09-15
Texas,TX,Motley,$4.149,2026-09-15
Texas,TX,Nacogdoches,$3.859,2026-09-15
Texas,TX,Navarro,$3.901,2026-09-15
Texas,TX,Newton,$3.921,2026-09-15
Texas,TX,Nolan,$3.828,2026-09-15
Texas,TX,Nueces,$3.841,2026-09-15
Texas,TX,Ochiltree,$3.875,2026-09-15
Texas,TX,Oldham,$4.074,2026-09-15
Texas,TX,Orange,$3.770,2026-09-15
Texas,TX,Palo Pinto,$3.912,2026-09-15
Texas,TX,Panola,$3.842,2026-09-15
Texas,TX,Parker,$3.843,2026-09-15
Texas,TX,Parmer,$4.016,2026-09-15
Texas,TX,Pecos,$4.039,2026-09-15
Texas,TX,Polk,$3.817,2026-09-15
Texas,TX,Potter,$3.876,2026-09-15
Texas,TX,Presidio,$4.295,2026-09-15
Texas,TX,Rains,$3.809,2026-09-15
Texas,TX,Randall,$3.857,2026-09-15
Texas,TX,Reagan,$4.132,2026-09-15
Texas,TX,Real,$4.016,2026-09-15
Texas,TX,Red River,$3.962,2026-09-15
Texas,TX,Reeves,$4.039,2026-09-15
Texas,TX,Refugio,$4.028,2026-09-15
Texas,TX,Roberts,$4.049,2026-09-15
Texas,TX,Robertson,$3.821,2026-09-15
Texas,TX,Rockwall,$3.853,2026-09-15
Texas,TX,Runnels,$3.985,2026-09-15
Texas,TX,Rusk,$3.876,2026-09-15
Texas,TX,Sabine,$3.896,2026-09-15
Texas,TX,San Augustine,$3.963,2026-09-15
Texas,TX,San Jacinto,$3.755,2026-09-15
Texas,TX,San Patricio,$3.868,2026-09-15
Texas,TX,San Saba,$4.019,2026-09-15
Texas,TX,Schleicher,$4.049,2026-09-15
Texas,TX,Scurry,$3.808,2026-09-15
Texas,TX,Shackelford,$3.789,2026-09-15
Texas,TX,Shelby,$3.930,2026-09-15
Texas,TX,Sherman,$3.866,2026-09-15
Texas,TX,Smith,$3.807,2026-09-15
Texas,TX,Somervell,$3.885,2026-09-15
Texas,TX,Starr,$3.854,2026-09-15
Texas,TX,Stephens,$3.727,2026-09-15
Texas,TX,Sterling,$4.089,2026-09-15
Texas,TX,Stonewall,$4.199,2026-09-15
Texas,TX,Sutton,$4.116,2026-09-15
Texas,TX,Swisher,$3.957,2026-09-15
Texas,TX,Tarrant,$3.842,2026-09-15
Texas,TX,Taylor,$3.756,2026-09-15
Texas,TX,Terrell,$4.299,2026-09-15
Texas,TX,Terry,$4.113,2026-09-15
Texas,TX,Throckmorton,$4.099,2026-09-15
Texas,TX,Titus,$3.937,2026-09-15
Texas,TX,Tom Green,$3.996,2026-09-15
Texas,TX,Travis,$3.867,2026-09-15
Texas,TX,Trinity,$3.778,2026-09-15
Texas,TX,Tyler,$3.763,2026-09-15
Texas,TX,Upshur,$3.859,2026-09-15
Texas,TX,Upton,$4.119,2026-09-15
Texas,TX,Uvalde,$3.924,2026-09-15
Texas,TX,Val Verde,$3.847,2026-09-15
Texas,TX,Van Zandt,$3.871,2026-09-15
Texas,TX,Victoria,$3.912,2026-09-15
Texas,TX,Walker,$3.826,2026-09-15
Texas,TX,Waller,$3.816,2026-09-15
Texas,TX,Ward,$4.035,2026-09-15
Texas,TX,Washington,$3.847,2026-09-15
Texas,TX,Webb,$3.845,2026-09-15
Texas,TX,Wharton,$3.741,2026-09-15
Texas,TX,Wheeler,$3.866,2026-09-15
Texas,TX,Wichita,$3.809,2026-09-15
Texas,TX,Wilbarger,$3.808,2026-09-15
Texas,TX,Willacy,$3.747,2026-09-15
Texas,TX,Williamson,$3.833,2026-09-15
Texas,TX,Wilson,$3.893,2026-09-15
Texas,TX,Winkler,$4.049,2026-09-15
Texas,TX,Wise,$3.842,2026-09-15
Texas,TX,Wood,$3.854,2026-09-15
Texas,TX,Yoakum,$4.156,2026-09-15
Texas,TX,Young,$3.936,2026-09-15
Texas,TX,Zapata,$3.921,2026-09-15
Texas,TX,Zavala,$3.932,2026-09-15
Utah,UT,Beaver,$4.870,2026-09-15
Utah,UT,Box Elder,$4.763,2026-09-15
Utah,UT,Cache,$4.752,2026-09-15
Utah,UT,Carbon,$4.823,2026-09-15
Utah,UT,Daggett,$4.699,2026-09-15
Utah,UT,Davis,$4.764,2026-09-15
Utah,UT,Duchesne,$4.884,2026-09-15
Utah,UT,Emery,$4.859,2026-09-15
Utah,UT,Garfield,$4.826,2026-09-15
Utah,UT,Grand,$4.847,2026-09-15
Utah,UT,Iron,$4.872,2026-09-15
Utah,UT,Juab,$4.757,2026-09-15
Utah,UT,Kane,$4.870,2026-09-15
Utah,UT,Millard,$4.853,2026-09-15
Utah,UT,Morgan,$4.824,2026-09-15
Utah,UT,Piute,$4.929,2026-09-15
Utah,UT,Rich,$5.041,2026-09-15
Utah,UT,Salt Lake,$4.753,2026-09-15
Utah,UT,San Juan,$4.808,2026-09-15
Utah,UT,Sanpete,$4.886,2026-09-15
Utah,UT,Sevier,$4.873,2026-09-15
Utah,UT,Summit,$4.842,2026-09-15
Utah,UT,Tooele,$4.781,2026-09-15
Utah,UT,Uintah,$4.876,2026-09-15
Utah,UT,Utah,$4.752,2026-09-15
Utah,UT,Wasatch,$4.775,2026-09-15
Utah,UT,Washington,$4.890,2026-09-15
Utah,UT,Wayne,$5.012,2026-09-15
Utah,UT,Weber,$4.744,2026-09-15
Vermont,VT,Addison,$4.372,2026-09-15
Vermont,VT,Bennington,$4.275,2026-09-15
Vermont,VT,Caledonia,$4.305,2026-09-15
Vermont,VT,Chittenden,$4.478,2026-09-15
Vermont,VT,Essex,$4.499,2026-09-15
Vermont,VT,Franklin,$4.527,2026-09-15
Vermont,VT,Grand Isle,$4.565,2026-09-15
Vermont,VT,Lamoille,$4.472,2026-09-15
Vermont,VT,Orange,$4.382,2026-09-15
Vermont,VT,Orleans,$4.381,2026-09-15
Vermont,VT,Rutland,$4.351,2026-09-15
Vermont,VT,Washington,$4.468,2026-09-15
Vermont,VT,Windham,$4.352,2026-09-15
Vermont,VT,Windsor,$4.393,2026-09-15
Virginia,VA,Accomack,$4.222,2026-09-15
Virginia,VA,Albemarle,$4.205,2026-09-15
Virginia,VA,Alexandria City,$4.227,2026-09-15
Virginia,VA,Alleghany,$4.029,2026-09-15
Virginia,VA,Amelia,$4.179,2026-09-15
Virginia,VA,Amherst,$4.142,2026-09-15
Virginia,VA,Appomattox,$4.018,2026-09-15
Virginia,VA,Arlington,$4.142,2026-09-15
Virginia,VA,Augusta,$4.109,2026-09-15
Virginia,VA,Bath,$4.166,2026-09-15
Virginia,VA,Bedford,$4.117,2026-09-15
Virginia,VA,Bedford City,$4.000,2026-09-15
Virginia,VA,Bland,$4.204,2026-09-15
Virginia,VA,Botetourt,$4.150,2026-09-15
Virginia,VA,Bristol,$4.065,2026-09-15
Virginia,VA,Brunswick,$3.972,2026-09-15
Virginia,VA,Buchanan,$3.856,2026-09-15
Virginia,VA,Buckingham,$4.057,2026-09-15
Virginia,VA,Buena Vista City,$4.146,2026-09-15
Virginia,VA,Campbell,$4.133,2026-09-15
Virginia,VA,Caroline,$4.085,2026-09-15
Virginia,VA,Carroll,$4.069,2026-09-15
Virginia,VA,Charles City,$4.269,2026-09-15
Virginia,VA,Charlotte,$4.116,2026-09-15
Virginia,VA,Charlottesville City,$4.187,2026-09-15
Virginia,VA,Chesapeake City,$4.160,2026-09-15
Virginia,VA,Chesterfield,$4.169,2026-09-15
Virginia,VA,Clarke,$4.163,2026-09-15
Virginia,VA,Clifton Forge City,$4.095,2026-09-15
Virginia,VA,Colonial Heights City,$4.157,2026-09-15
Virginia,VA,Covington City,$4.120,2026-09-15
Virginia,VA,Craig,$4.172,2026-09-15
Virginia,VA,Culpeper,$4.139,2026-09-15
Virginia,VA,Cumberland,$4.099,2026-09-15
Virginia,VA,Danville City,$3.994,2026-09-15
Virginia,VA,Dickenson,$4.150,2026-09-15
Virginia,VA,Dinwiddie,$4.039,2026-09-15
Virginia,VA,Emporia City,$3.939,2026-09-15
Virginia,VA,Essex,$4.159,2026-09-15
Virginia,VA,Fairfax,$4.228,2026-09-15
Virginia,VA,Fairfax City,$4.182,2026-09-15
Virginia,VA,Falls Church City,$4.177,2026-09-15
Virginia,VA,Fauquier,$4.197,2026-09-15
Virginia,VA,Floyd,$4.195,2026-09-15
Virginia,VA,Fluvanna,$4.204,2026-09-15
Virginia,VA,Franklin,$4.089,2026-09-15
Virginia,VA,Franklin City,$4.163,2026-09-15
Virginia,VA,Frederick,$4.122,2026-09-15
Virginia,VA,Fredericksburg City,$4.153,2026-09-15
Virginia,VA,Galax City,$4.023,2026-09-15
Virginia,VA,Giles,$4.121,2026-09-15
Virginia,VA,Gloucester,$4.112,2026-09-15
Virginia,VA,Goochland,$4.170,2026-09-15
Virginia,VA,Grayson,$4.019,2026-09-15
Virginia,VA,Greene,$4.174,2026-09-15
Virginia,VA,Greensville,$3.979,2026-09-15
Virginia,VA,Halifax,$4.097,2026-09-15
Virginia,VA,Hampton City,$4.149,2026-09-15
Virginia,VA,Hanover,$4.173,2026-09-15
Virginia,VA,Harrisonburg City,$4.068,2026-09-15
Virginia,VA,Henrico,$4.153,2026-09-15
Virginia,VA,Henry,$4.122,2026-09-15
Virginia,VA,Highland,$4.099,2026-09-15
Virginia,VA,Hopewell City,$4.120,2026-09-15
Virginia,VA,Isle of Wight,$4.213,2026-09-15
Virginia,VA,James City,$4.166,2026-09-15
Virginia,VA,King and Queen,$4.044,2026-09-15
Virginia,VA,King George,$4.105,2026-09-15
Virginia,VA,King William,$4.112,2026-09-15
Virginia,VA,Lancaster,$4.194,2026-09-15
Virginia,VA,Lee,$4.045,2026-09-15
Virginia,VA,Lexington City,$4.217,2026-09-15
Virginia,VA,Loudoun,$4.196,2026-09-15
Virginia,VA,Louisa,$4.156,2026-09-15
Virginia,VA,Lunenburg,$4.011,2026-09-15
Virginia,VA,Lynchburg City,$4.127,2026-09-15
Virginia,VA,Madison,$4.193,2026-09-15
Virginia,VA,Manassas City,$4.197,2026-09-15
Virginia,VA,Manassas Park City,,2026-09-15
Virginia,VA,Martinsville City,$4.171,2026-09-15
Virginia,VA,Mathews,$4.189,2026-09-15
Virginia,VA,Mecklenburg,$4.002,2026-09-15
Virginia,VA,Middlesex,$4.094,2026-09-15
Virginia,VA,Montgomery,$4.183,2026-09-15
Virginia,VA,Nelson,$4.288,2026-09-15
Virginia,VA,New Kent,$4.173,2026-09-15
Virginia,VA,Newport News City,$4.165,2026-09-15
Virginia,VA,Norfolk City,$4.178,2026-09-15
Virginia,VA,Northampton,$4.240,2026-09-15
Virginia,VA,Northumberland,$4.188,2026-09-15
Virginia,VA,Norton City,$4.079,2026-09-15
Virginia,VA,Nottoway,$4.042,2026-09-15
Virginia,VA,Orange,$4.213,2026-09-15
Virginia,VA,Page,$4.224,2026-09-15
Virginia,VA,Patrick,$4.073,2026-09-15
Virginia,VA,Petersburg City,$4.074,2026-09-15
Virginia,VA,Pittsylvania,$4.130,2026-09-15
Virginia,VA,Poquoson City,$4.199,2026-09-15
Virginia,VA,Portsmouth City,$4.183,2026-09-15
Virginia,VA,Powhatan,$4.023,2026-09-15
Virginia,VA,Prince Edward,$4.086,2026-09-15
Virginia,VA,Prince George,$4.117,2026-09-15
Virginia,VA,Prince William,$4.193,2026-09-15
Virginia,VA,Pulaski,$4.027,2026-09-15
Virginia,VA,Radford City,$4.105,2026-09-15
Virginia,VA,Rappahannock,$4.149,2026-09-15
Virginia,VA,Richmond,$4.199,2026-09-15
Virginia,VA,Richmond City,$4.179,2026-09-15
Virginia,VA,Roanoke,$4.101,2026-09-15
Virginia,VA,Roanoke City,$4.042,2026-09-15
Virginia,VA,Rockbridge,$4.133,2026-09-15
Virginia,VA,Rockingham,$4.070,2026-09-15
Virginia,VA,Russell,$4.219,2026-09-15
Virginia,VA,Salem,$4.109,2026-09-15
Virginia,VA,Scott,$4.037,2026-09-15
Virginia,VA,Shenandoah,$4.188,2026-09-15
Virginia,VA,Smyth,$4.091,2026-09-15
Virginia,VA,Southampton,$4.110,2026-09-15
Virginia,VA,Spotsylvania,$4.176,2026-09-15
Virginia,VA,Stafford,$4.175,2026-09-15
Virginia,VA,Staunton City,$4.119,2026-09-15
Virginia,VA,Suffolk City,$4.181,2026-09-15
Virginia,VA,Surry,$4.229,2026-09-15
Virginia,VA,Sussex,$4.156,2026-09-15
Virginia,VA,Tazewell,$4.159,2026-09-15
Virginia,VA,Virginia Beach City,$4.171,2026-09-15
Virginia,VA,Warren,$4.091,2026-09-15
Virginia,VA,Washington,$4.121,2026-09-15
Virginia,VA,Waynesboro City,$4.150,2026-09-15
Virginia,VA,Westmoreland,$4.177,2026-09-15
Virginia,VA,Williamsburg City,,2026-09-15
Virginia,VA,Winchester City,$4.160,2026-09-15
Virginia,VA,Wise,$4.117,2026-09-15
Virginia,VA,Wythe,$4.070,2026-09-15
Virginia,VA,York,$4.191,2026-09-15
Washington,WA,Adams,$5.467,2026-09-15
Washington,WA,Asotin,$5.232,2026-09-15
Washington,WA,Benton,$5.416,2026-09-15
Washington,WA,Chelan,$5.541,2026-09-15
Washington,WA,Clallam,$5.737,2026-09-15
Washington,WA,Clark,$5.461,2026-09-15
Washington,WA,Columbia,$5.574,2026-09-15
Washington,WA,Cowlitz,$5.507,2026-09-15
Washington,WA,Douglas,$5.474,2026-09-15
Washington,WA,Ferry,$5.463,2026-09-15
Washington,WA,Franklin,$5.368,2026-09-15
Washington,WA,Garfield,$5.599,2026-09-15
Washington,WA,Grant,$5.466,2026-09-15
Washington,WA,Grays Harbor,$5.723,2026-09-15
Washington,WA,Island,$5.488,2026-09-15
Washington,WA,Jefferson,$5.942,2026-09-15
Washington,WA,King,$5.790,2026-09-15
Washington,WA,Kitsap,$5.621,2026-09-15
Washington,WA,Kittitas,$5.479,2026-09-15
Washington,WA,Klickitat,$5.674,2026-09-15
Washington,WA,Lewis,$5.598,2026-09-15
Washington,WA,Lincoln,$5.445,2026-09-15
Washington,WA,Mason,$5.606,2026-09-15
Washington,WA,Okanogan,$5.499,2026-09-15
Washington,WA,Pacific,$5.966,2026-09-15
Washington,WA,Pend Oreille,$5.440,2026-09-15
Washington,WA,Pierce,$5.612,2026-09-15
Washington,WA,San Juan,$6.479,2026-09-15
Washington,WA,Skagit,$5.355,2026-09-15
Washington,WA,Skamania,$5.774,2026-09-15
Washington,WA,Snohomish,$5.587,2026-09-15
Washington,WA,Spokane,$5.339,2026-09-15
Washington,WA,Stevens,$5.426,2026-09-15
Washington,WA,Thurston,$5.508,2026-09-15
Washington,WA,Wahkiakum,$5.999,2026-09-15
Washington,WA,Walla Walla,$5.559,2026-09-15
Washington,WA,Whatcom,$5.420,2026-09-15
Washington,WA,Whitman,$5.489,2026-09-15
Washington,WA,Yakima,$5.389,2026-09-15
West Virginia,WV,Barbour,$3.969,2026-09-15
West Virginia,WV,Berkeley,$4.135,2026-09-15
West Virginia,WV,Boone,$4.026,2026-09-15
West Virginia,WV,Braxton,$3.921,2026-09-15
West Virginia,WV,Brooke,$4.062,2026-09-15
West Virginia,WV,Cabell,$4.169,2026-09-15
West Virginia,WV,Calhoun,$4.132,2026-09-15
West Virginia,WV,Clay,$4.019,2026-09-15
West Virginia,WV,Doddridge,$4.126,2026-09-15
West Virginia,WV,Fayette,$4.161,2026-09-15
West Virginia,WV,Gilmer,$3.994,2026-09-15
West Virginia,WV,Grant,$4.199,2026-09-15
West Virginia,WV,Greenbrier,$3.896,2026-09-15
West Virginia,WV,Hampshire,$4.228,2026-09-15
West Virginia,WV,Hancock,$4.029,2026-09-15
West Virginia,WV,Hardy,$4.199,2026-09-15
West Virginia,WV,Harrison,$4.187,2026-09-15
West Virginia,WV,Jackson,$4.096,2026-09-15
West Virginia,WV,Jefferson,$4.196,2026-09-15
West Virginia,WV,Kanawha,$4.186,2026-09-15
West Virginia,WV,Lewis,$4.053,2026-09-15
West Virginia,WV,Lincoln,$4.199,2026-09-15
West Virginia,WV,Logan,$4.192,2026-09-15
West Virginia,WV,Marion,$4.113,2026-09-15
West Virginia,WV,Marshall,$3.866,2026-09-15
West Virginia,WV,Mason,$4.139,2026-09-15
West Virginia,WV,McDowell,$4.077,2026-09-15
West Virginia,WV,Mercer,$4.137,2026-09-15
West Virginia,WV,Mineral,$4.107,2026-09-15
West Virginia,WV,Mingo,$4.157,2026-09-15
West Virginia,WV,Monongalia,$4.165,2026-09-15
West Virginia,WV,Monroe,$3.852,2026-09-15
West Virginia,WV,Morgan,$4.166,2026-09-15
West Virginia,WV,Nicholas,$4.174,2026-09-15
West Virginia,WV,Ohio,$4.133,2026-09-15
West Virginia,WV,Pendleton,$4.199,2026-09-15
West Virginia,WV,Pleasants,$3.986,2026-09-15
West Virginia,WV,Pocahontas,$4.085,2026-09-15
West Virginia,WV,Preston,$4.170,2026-09-15
West Virginia,WV,Putnam,$4.202,2026-09-15
West Virginia,WV,Raleigh,$4.190,2026-09-15
West Virginia,WV,Randolph,$3.992,2026-09-15
West Virginia,WV,Ritchie,$4.116,2026-09-15
West Virginia,WV,Roane,$4.079,2026-09-15
West Virginia,WV,Summers,$4.094,2026-09-15
West Virginia,WV,Taylor,$4.179,2026-09-15
West Virginia,WV,Tucker,$4.174,2026-09-15
West Virginia,WV,Tyler,$4.189,2026-09-15
West Virginia,WV,Upshur,$4.227,2026-09-15
West Virginia,WV,Wayne,$4.167,2026-09-15
West Virginia,WV,Webster,$4.149,2026-09-15
West Virginia,WV,Wetzel,$4.083,2026-09-15
West Virginia,WV,Wirt,$4.199,2026-09-15
West Virginia,WV,Wood,$4.170,2026-09-15
West Virginia,WV,Wyoming,$3.990,2026-09-15
Wisconsin,WI,Adams,$4.257,2026-09-15
Wisconsin,WI,Ashland,$4.200,2026-09-15
Wisconsin,WI,Barron,$4.238,2026-09-15
Wisconsin,WI,Bayfield,$4.285,2026-09-15
Wisconsin,WI,Brown,$4.155,2026-09-15
Wisconsin,WI,Buffalo,$4.146,2026-09-15
Wisconsin,WI,Burnett,$4.136,2026-09-15
Wisconsin,WI,Calumet,$4.222,2026-09-15
Wisconsin,WI,Chippewa,$4.190,2026-09-15
Wisconsin,WI,Clark,$4.171,2026-09-15
Wisconsin,WI,Columbia,$4.057,2026-09-15
Wisconsin,WI,Crawford,$4.099,2026-09-15
Wisconsin,WI,Dane,$3.997,2026-09-15
Wisconsin,WI,Dodge,$4.075,2026-09-15
Wisconsin,WI,Door,$4.154,2026-09-15
Wisconsin,WI,Douglas,$4.262,2026-09-15
Wisconsin,WI,Dunn,$4.195,2026-09-15
Wisconsin,WI,Eau Claire,$4.206,2026-09-15
Wisconsin,WI,Florence,$4.206,2026-09-15
Wisconsin,WI,Fond du Lac,$3.997,2026-09-15
Wisconsin,WI,Forest,$4.162,2026-09-15
Wisconsin,WI,Grant,$4.100,2026-09-15
Wisconsin,WI,Green,$4.139,2026-09-15
Wisconsin,WI,Green Lake,$4.139,2026-09-15
Wisconsin,WI,Iowa,$4.079,2026-09-15
Wisconsin,WI,Iron,$4.231,2026-09-15
Wisconsin,WI,Jackson,$4.222,2026-09-15
Wisconsin,WI,Jefferson,$4.076,2026-09-15
Wisconsin,WI,Juneau,$4.043,2026-09-15
Wisconsin,WI,Kenosha,$3.936,2026-09-15
Wisconsin,WI,Kewaunee,$4.164,2026-09-15
Wisconsin,WI,La Crosse,$4.176,2026-09-15
Wisconsin,WI,Lafayette,$4.114,2026-09-15
Wisconsin,WI,Langlade,$4.156,2026-09-15
Wisconsin,WI,Lincoln,$4.082,2026-09-15
Wisconsin,WI,Manitowoc,$4.119,2026-09-15
Wisconsin,WI,Marathon,$4.172,2026-09-15
Wisconsin,WI,Marinette,$4.118,2026-09-15
Wisconsin,WI,Marquette,$4.188,2026-09-15
Wisconsin,WI,Menominee,$4.199,2026-09-15
Wisconsin,WI,Milwaukee,$3.978,2026-09-15
Wisconsin,WI,Monroe,$4.204,2026-09-15
Wisconsin,WI,Oconto,$4.174,2026-09-15
Wisconsin,WI,Oneida,$4.213,2026-09-15
Wisconsin,WI,Outagamie,$4.042,2026-09-15
Wisconsin,WI,Ozaukee,$4.084,2026-09-15
Wisconsin,WI,Pepin,$4.169,2026-09-15
Wisconsin,WI,Pierce,$4.177,2026-09-15
Wisconsin,WI,Polk,$4.137,2026-09-15
Wisconsin,WI,Portage,$4.252,2026-09-15
Wisconsin,WI,Price,$4.183,2026-09-15
Wisconsin,WI,Racine,$3.964,2026-09-15
Wisconsin,WI,Richland,$3.991,2026-09-15
Wisconsin,WI,Rock,$4.081,2026-09-15
Wisconsin,WI,Rusk,$4.218,2026-09-15
Wisconsin,WI,Sauk,$4.048,2026-09-15
Wisconsin,WI,Sawyer,$4.258,2026-09-15
Wisconsin,WI,Shawano,$4.069,2026-09-15
Wisconsin,WI,Sheboygan,$4.039,2026-09-15
Wisconsin,WI,Saint Croix,$4.198,2026-09-15
Wisconsin,WI,Taylor,$4.152,2026-09-15
Wisconsin,WI,Trempealeau,$4.133,2026-09-15
Wisconsin,WI,Vernon,$4.185,2026-09-15
Wisconsin,WI,Vilas,$4.251,2026-09-15
Wisconsin,WI,Walworth,$4.059,2026-09-15
Wisconsin,WI,Washburn,$4.219,2026-09-15
Wisconsin,WI,Washington,$4.051,2026-09-15
Wisconsin,WI,Waukesha,$3.961,2026-09-15
Wisconsin,WI,Waupaca,$4.205,2026-09-15
Wisconsin,WI,Waushara,$4.280,2026-09-15
Wisconsin,WI,Winnebago,$4.045,2026-09-15
Wisconsin,WI,Wood,$4.177,2026-09-15
Wyoming,WY,Albany,$4.343,2026-09-15
Wyoming,WY,Big Horn,$4.436,2026-09-15
Wyoming,WY,Campbell,$4.278,2026-09-15
Wyoming,WY,Carbon,$4.428,2026-09-15
Wyoming,WY,Converse,$4.268,2026-09-15
Wyoming,WY,Crook,$4.239,2026-09-15
Wyoming,WY,Fremont,$4.601,2026-09-15
Wyoming,WY,Goshen,$4.209,2026-09-15
Wyoming,WY,Hot Springs,$4.592,2026-09-15
Wyoming,WY,Johnson,$4.653,2026-09-15
Wyoming,WY,Laramie,$4.278,2026-09-15
Wyoming,WY,Lincoln,$4.799,2026-09-15
Wyoming,WY,Natrona,$4.219,2026-09-15
Wyoming,WY,Niobrara,$4.274,2026-09-15
Wyoming,WY,Park,$4.799,2026-09-15
Wyoming,WY,Platte,$4.781,2026-09-15
Wyoming,WY,Sheridan,$4.487,2026-09-15
Wyoming,WY,Sublette,$4.638,2026-09-15
Wyoming,WY,Sweetwater,$4.497,2026-09-15
Wyoming,WY,Teton,$4.964,2026-09-15
Wyoming,WY,Uinta,$4.723,2026-09-15
Wyoming,WY,Washakie,$4.382,2026-09-15
Wyoming,WY,Weston,$4.381,2026-09-15
