state,abbreviation,name,price,date
Alabama,AL,Autauga,$4.090,2026-09-28
Alabama,AL,Baldwin,$4.026,2026-09-28
Alabama,AL,Barbour,$4.118,2026-09-28
Alabama,AL,Bibb,$4.094,2026-09-28
Alabama,AL,Blount,$4.101,2026-09-28
Alabama,AL,Bullock,$4.095,2026-09-28
Alabama,AL,Butler,$4.065,2026-09-28
Alabama,AL,Calhoun,$4.059,2026-09-28
Alabama,AL,Chambers,$4.017,2026-09-28
Alabama,AL,Cherokee,$4.007,2026-09-28
Alabama,AL,Chilton,$4.132,2026-09-28
Alabama,AL,Choctaw,$4.310,2026-09-28
Alabama,AL,Clarke,$4.188,2026-09-28
Alabama,AL,Clay,$4.074,2026-09-28
Alabama,AL,Cleburne,$4.088,2026-09-28
Alabama,AL,Coffee,$4.055,2026-09-28
Alabama,AL,Colbert,$4.121,2026-09-28
Alabama,AL,Conecuh,$4.157,2026-09-28
Alabama,AL,Coosa,$4.086,2026-09-28
Alabama,AL,Covington,$4.085,2026-09-28
Alabama,AL,Crenshaw,$4.091,2026-09-28
Alabama,AL,Cullman,$4.077,2026-09-28
Alabama,AL,Dale,$4.065,2026-09-28
Alabama,AL,Dallas,$4.081,2026-09-28
Alabama,AL,De Kalb,$4.074,2026-09-28
Alabama,AL,Elmore,$4.079,2026-09-28
Alabama,AL,Escambia,$4.136,2026-09-28
Alabama,AL,Etowah,$4.012,2026-09-28
Alabama,AL,Fayette,$4.326,2026-09-28
Alabama,AL,Franklin,$4.068,2026-09-28
Alabama,AL,Geneva,$4.102,2026-09-28
Alabama,AL,Greene,$4.260,2026-09-28
Alabama,AL,Hale,$4.133,2026-09-28
Alabama,AL,Henry,$4.073,2026-09-28
Alabama,AL,Houston,$4.064,2026-09-28
Alabama,AL,Jackson,$4.135,2026-09-28
Alabama,AL,Jefferson,$4.089,2026-09-28
Alabama,AL,Lamar,$4.189,2026-09-28
Alabama,AL,Lauderdale,$4.128,2026-09-28
Alabama,AL,Lawrence,$4.089,2026-09-28
Alabama,AL,Lee,$4.048,2026-09-28
Alabama,AL,Limestone,$4.126,2026-09-28
Alabama,AL,Lowndes,$4.119,2026-09-28
Alabama,AL,Macon,$4.184,2026-09-28
Alabama,AL,Madison,$4.104,2026-09-28
Alabama,AL,Marengo,$4.138,2026-09-28
Alabama,AL,Marion,$4.113,2026-09-28
Alabama,AL,Marshall,$4.033,2026-09-28
Alabama,AL,Mobile,$4.029,2026-09-28
Alabama,AL,Monroe,$4.098,2026-09-28
Alabama,AL,Montgomery,$4.093,2026-09-28
Alabama,AL,Morgan,$4.081,2026-09-28
Alabama,AL,Perry,$4.332,2026-09-28
Alabama,AL,Pickens,$4.144,2026-09-28
Alabama,AL,Pike,$4.117,2026-09-28
Alabama,AL,Randolph,$4.082,2026-09-28
Alabama,AL,Russell,$4.133,2026-09-28
Alabama,AL,Shelby,$4.053,2026-09-28
Alabama,AL,Saint Clair,$4.034,2026-09-28
Alabama,AL,Sumter,$4.296,2026-09-28
Alabama,AL,Talladega,$4.056,2026-09-28
Alabama,AL,Tallapoosa,$4.085,2026-09-28
Alabama,AL,Tuscaloosa,$4.074,2026-09-28
Alabama,AL,Walker,$4.004,2026-09-28
Alabama,AL,Washington,$4.171,2026-09-28
Alabama,AL,Wilcox,$4.231,2026-09-28
Alabama,AL,Winston,$4.205,2026-09-28
Alaska,AK,Aleutians East,,2026-09-28
Alaska,AK,Aleutians West,,2026-09-28
Alaska,AK,Anchorage,$5.026,2026-09-28
Alaska,AK,Bethel,,2026-09-28
Alaska,AK,Bristol Bay,,2026-09-28
Alaska,AK,Denali,$5.386,2026-09-28
Alaska,AK,Dillingham,,2026-09-28
Alaska,AK,Fairbanks North Star,$5.046,2026-09-28
Alaska,AK,Haines,$5.679,2026-09-28
Alaska,AK,Juneau,$4.750,2026-09-28
Alaska,AK,Kenai Peninsula,$5.110,2026-09-28
Alaska,AK,Ketchikan Gateway,,2026-09-28
Alaska,AK,Kodiak Island,,2026-09-28
Alaska,AK,Matanuska Susitna,$4.917,2026-09-28
Alaska,AK,Nome,,2026-09-28
Alaska,AK,North Slope,$5.399,2026-09-28
Alaska,AK,Northwest Arctic,,2026-09-28
Alaska,AK,Lake and Peninsula,,2026-09-28
Alaska,AK,Prince Wales Ketchikan,$5.689,2026-09-28
Alaska,AK,Sitka,$5.049,2026-09-28
Alaska,AK,Skagway Hoonah Angoon,,2026-09-28
Alaska,AK,Southeast Fairbanks,$5.160,2026-09-28
Alaska,AK,Valdez Cordova,$5.423,2026-09-28
Alaska,AK,Wade Hampton,,2026-09-28
Alaska,AK,Wrangell Petersburg,$5.269,2026-09-28
Alaska,AK,Yakutat,,2026-09-28
Alaska,AK,Yukon Koyukuk,$5.369,2026-09-28
Arizona,AZ,Apache,$4.807,2026-09-28
Arizona,AZ,Cochise,$4.560,2026-09-28
Arizona,AZ,Coconino,$4.902,2026-09-28
Arizona,AZ,Gila,$4.653,2026-09-28
Arizona,AZ,Graham,$4.796,2026-09-28
Arizona,AZ,Greenlee,$4.631,2026-09-28
Arizona,AZ,La Paz,$4.697,2026-09-28
Arizona,AZ,Maricopa,$4.888,2026-09-28
Arizona,AZ,Mohave,$4.895,2026-09-28
Arizona,AZ,Navajo,$4.776,2026-09-28
Arizona,AZ,Pima,$4.580,2026-09-28
Arizona,AZ,Pinal,$4.696,2026-09-28
Arizona,AZ,Santa Cruz,$4.751,2026-09-28
Arizona,AZ,Yavapai,$4.830,2026-09-28
Arizona,AZ,Yuma,$4.743,2026-09-28
Arkansas,AR,Arkansas,$3.992,2026-09-28
Arkansas,AR,Ashley,$4.047,2026-09-28
Arkansas,AR,Baxter,$4.060,2026-09-28
Arkansas,AR,Benton,$4.030,2026-09-28
Arkansas,AR,Boone,$4.215,2026-09-28
Arkansas,AR,Bradley,$3.974,2026-09-28
Arkansas,AR,Calhoun,$4.199,2026-09-28
Arkansas,AR,Carroll,$4.168,2026-09-28
Arkansas,AR,Chicot,$4.039,2026-09-28
Arkansas,AR,Clark,$4.081,2026-09-28
Arkansas,AR,Clay,$4.062,2026-09-28
Arkansas,AR,Cleburne,$4.054,2026-09-28
Arkansas,AR,Cleveland,$4.099,2026-09-28
Arkansas,AR,Columbia,$4.188,2026-09-28
Arkansas,AR,Conway,$4.058,2026-09-28
Arkansas,AR,Craighead,$3.944,2026-09-28
Arkansas,AR,Crawford,$4.069,2026-09-28
Arkansas,AR,Crittenden,$4.069,2026-09-28
Arkansas,AR,Cross,$4.068,2026-09-28
Arkansas,AR,Dallas,$3.979,2026-09-28
Arkansas,AR,Desha,$4.261,2026-09-28
Arkansas,AR,Drew,$4.081,2026-09-28
Arkansas,AR,Faulkner,$3.945,2026-09-28
Arkansas,AR,Franklin,$4.070,2026-09-28
Arkansas,AR,Fulton,$4.169,2026-09-28
Arkansas,AR,Garland,$3.939,2026-09-28
Arkansas,AR,Grant,$4.073,2026-09-28
Arkansas,AR,Greene,$3.831,2026-09-28
Arkansas,AR,Hempstead,$4.102,2026-09-28
Arkansas,AR,Hot Spring,$3.982,2026-09-28
Arkansas,AR,Howard,$4.207,2026-09-28
Arkansas,AR,Independence,$4.032,2026-09-28
Arkansas,AR,Izard,$4.144,2026-09-28
Arkansas,AR,Jackson,$4.013,2026-09-28
Arkansas,AR,Jefferson,$3.993,2026-09-28
Arkansas,AR,Johnson,$4.077,2026-09-28
Arkansas,AR,Lafayette,$4.199,2026-09-28
Arkansas,AR,Lawrence,$4.149,2026-09-28
Arkansas,AR,Lee,$4.199,2026-09-28
Arkansas,AR,Lincoln,$4.166,2026-09-28
Arkansas,AR,Little River,$4.111,2026-09-28
Arkansas,AR,Logan,$4.255,2026-09-28
Arkansas,AR,Lonoke,$3.973,2026-09-28
Arkansas,AR,Madison,$4.096,2026-09-28
Arkansas,AR,Marion,$4.113,2026-09-28
Arkansas,AR,Miller,$4.057,2026-09-28
Arkansas,AR,Mississippi,$4.094,2026-09-28
Arkansas,AR,Monroe,$4.024,2026-09-28
Arkansas,AR,Montgomery,$4.459,2026-09-28
Arkansas,AR,Nevada,$3.980,2026-09-28
Arkansas,AR,Newton,$4.209,2026-09-28
Arkansas,AR,Ouachita,$4.109,2026-09-28
Arkansas,AR,Perry,$3.992,2026-09-28
Arkansas,AR,Phillips,$4.168,2026-09-28
Arkansas,AR,Pike,$4.062,2026-09-28
Arkansas,AR,Poinsett,$4.071,2026-09-28
Arkansas,AR,Polk,$4.090,2026-09-28
Arkansas,AR,Pope,$4.065,2026-09-28
Arkansas,AR,Prairie,$3.955,2026-09-28
Arkansas,AR,Pulaski,$3.982,2026-09-28
Arkansas,AR,Randolph,$4.119,2026-09-28
Arkansas,AR,Saline,$3.946,2026-09-28
Arkansas,AR,Scott,$4.015,2026-09-28
Arkansas,AR,Searcy,$4.059,2026-09-28
Arkansas,AR,Sebastian,$4.034,2026-09-28
Arkansas,AR,Sevier,$4.126,2026-09-28
Arkansas,AR,Sharp,$3.977,2026-09-28
Arkansas,AR,Saint Francis,$4.043,2026-09-28
Arkansas,AR,Stone,$4.219,2026-09-28
Arkansas,AR,Union,$4.091,2026-09-28
Arkansas,AR,Van Buren,$3.916,2026-09-28
Arkansas,AR,Washington,$4.082,2026-09-28
Arkansas,AR,White,$3.969,2026-09-28
Arkansas,AR,Woodruff,$4.032,2026-09-28
Arkansas,AR,Yell,$4.089,2026-09-28
California,CA,Alameda,$6.453,2026-09-28
California,CA,Alpine,,2026-09-28
California,CA,Amador,$6.309,2026-09-28
California,CA,Butte,$6.138,2026-09-28
California,CA,Calaveras,$6.394,2026-09-28
California,CA,Colusa,$6.325,2026-09-28
California,CA,Contra Costa,$6.384,2026-09-28
California,CA,Del Norte,$6.175,2026-09-28
California,CA,El Dorado,$6.351,2026-09-28
California,CA,Fresno,$6.401,2026-09-28
California,CA,Glenn,$6.344,2026-09-28
California,CA,Humboldt,$6.756,2026-09-28
California,CA,Imperial,$6.078,2026-09-28
California,CA,Inyo,$6.555,2026-09-28
California,CA,Kern,$6.301,2026-09-28
California,CA,Kings,$6.305,2026-09-28
California,CA,Lake,$6.367,2026-09-28
California,CA,Lassen,$6.260,2026-09-28
California,CA,Los Angeles,$6.411,2026-09-28
California,CA,Madera,$6.375,2026-09-28
California,CA,Marin,$6.576,2026-09-28
California,CA,Mariposa,$6.450,2026-09-28
California,CA,Mendocino,$6.386,2026-09-28
California,CA,Merced,$6.225,2026-09-28
California,CA,Modoc,$6.399,2026-09-28
California,CA,Mono,$7.263,2026-09-28
California,CA,Monterey,$6.537,2026-09-28
California,CA,Napa,$6.496,2026-09-28
California,CA,Nevada,$6.533,2026-09-28
California,CA,Orange,$6.390,2026-09-28
California,CA,Placer,$6.368,2026-09-28
California,CA,Plumas,$6.366,2026-09-28
California,CA,Riverside,$6.304,2026-09-28
California,CA,Sacramento,$6.259,2026-09-28
California,CA,San Benito,$6.472,2026-09-28
California,CA,San Bernardino,$6.297,2026-09-28
California,CA,San Diego,$6.398,2026-09-28
California,CA,San Francisco,$6.503,2026-09-28
California,CA,San Joaquin,$6.221,2026-09-28
California,CA,San Luis Obispo,$6.569,2026-09-28
California,CA,San Mateo,$6.594,2026-09-28
California,CA,Santa Barbara,$6.355,2026-09-28
California,CA,Santa Clara,$6.379,2026-09-28
California,CA,Santa Cruz,$6.354,2026-09-28
California,CA,Shasta,$6.173,2026-09-28
California,CA,Sierra,$6.499,2026-09-28
California,CA,Siskiyou,$6.455,2026-09-28
California,CA,Solano,$6.328,2026-09-28
California,CA,Sonoma,$6.602,2026-09-28
California,CA,Stanislaus,$6.153,2026-09-28
California,CA,Sutter,$6.058,2026-09-28
California,CA,Tehama,$6.052,2026-09-28
California,CA,Trinity,$6.316,2026-09-28
California,CA,Tulare,$6.389,2026-09-28
California,CA,Tuolumne,$6.165,2026-09-28
California,CA,Ventura,$6.316,2026-09-28
California,CA,Yolo,$6.287,2026-09-28
California,CA,Yuba,$6.111,2026-09-28
Colorado,CO,Adams,$3.945,2026-09-28
Colorado,CO,Alamosa,$4.190,2026-09-28
Colorado,CO,Arapahoe,$4.036,2026-09-28
Colorado,CO,Archuleta,$4.684,2026-09-28
Colorado,CO,Baca,$4.216,2026-09-28
Colorado,CO,Bent,$4.359,2026-09-28
Colorado,CO,Boulder,$4.271,2026-09-28
Colorado,CO,Broomfield,$3.993,2026-09-28
Colorado,CO,Chaffee,$4.520,2026-09-28
Colorado,CO,Cheyenne,$4.099,2026-09-28
Colorado,CO,Clear Creek,$4.534,2026-09-28
Colorado,CO,Conejos,$4.252,2026-09-28
Colorado,CO,Costilla,$4.469,2026-09-28
Colorado,CO,Crowley,$4.099,2026-09-28
Colorado,CO,Custer,$4.299,2026-09-28
Colorado,CO,Delta,$4.611,2026-09-28
Colorado,CO,Denver,$4.103,2026-09-28
Colorado,CO,Dolores,$4.809,2026-09-28
Colorado,CO,Douglas,$4.139,2026-09-28
Colorado,CO,Eagle,$4.845,2026-09-28
Colorado,CO,El Paso,$4.033,2026-09-28
Colorado,CO,Elbert,$4.351,2026-09-28
Colorado,CO,Fremont,$4.198,2026-09-28
Colorado,CO,Garfield,$4.847,2026-09-28
Colorado,CO,Gilpin,$4.499,2026-09-28
Colorado,CO,Grand,$4.628,2026-09-28
Colorado,CO,Gunnison,$4.523,2026-09-28
Colorado,CO,Hinsdale,$5.849,2026-09-28
Colorado,CO,Huerfano,$4.233,2026-09-28
Colorado,CO,Jackson,$4.899,2026-09-28
Colorado,CO,Jefferson,$4.154,2026-09-28
Colorado,CO,Kiowa,$4.062,2026-09-28
Colorado,CO,Kit Carson,$4.205,2026-09-28
Colorado,CO,La Plata,$4.775,2026-09-28
Colorado,CO,Lake,$4.646,2026-09-28
Colorado,CO,Larimer,$4.210,2026-09-28
Colorado,CO,Las Animas,$4.199,2026-09-28
Colorado,CO,Lincoln,$4.209,2026-09-28
Colorado,CO,Logan,$4.479,2026-09-28
Colorado,CO,Mesa,$4.438,2026-09-28
Colorado,CO,Mineral,$4.799,2026-09-28
Colorado,CO,Moffat,$4.677,2026-09-28
Colorado,CO,Montezuma,$4.517,2026-09-28
Colorado,CO,Montrose,$4.673,2026-09-28
Colorado,CO,Morgan,$4.326,2026-09-28
Colorado,CO,Otero,$4.093,2026-09-28
Colorado,CO,Ouray,$4.989,2026-09-28
Colorado,CO,Park,$4.609,2026-09-28
Colorado,CO,Phillips,$4.956,2026-09-28
Colorado,CO,Pitkin,$5.747,2026-09-28
Colorado,CO,Prowers,$4.109,2026-09-28
Colorado,CO,Pueblo,$4.047,2026-09-28
Colorado,CO,Rio Blanco,$4.713,2026-09-28
Colorado,CO,Rio Grande,$4.325,2026-09-28
Colorado,CO,Routt,$4.957,2026-09-28
Colorado,CO,Saguache,$4.629,2026-09-28
Colorado,CO,San Juan,$4.999,2026-09-28
Colorado,CO,San Miguel,$5.096,2026-09-28
Colorado,CO,Sedgwick,$4.832,2026-09-28
Colorado,CO,Summit,$4.680,2026-09-28
Colorado,CO,Teller,$4.298,2026-09-28
Colorado,CO,Washington,$4.413,2026-09-28
Colorado,CO,Weld,$3.985,2026-09-28
Colorado,CO,Yuma,$4.513,2026-09-28
Connecticut,CT,Fairfield,$4.581,2026-09-28
Connecticut,CT,Hartford,$4.473,2026-09-28
Connecticut,CT,Litchfield,$4.495,2026-09-28
Connecticut,CT,Middlesex,$4.436,2026-09-28
Connecticut,CT,New Haven,$4.471,2026-09-28
Connecticut,CT,New London,$4.481,2026-09-28
Connecticut,CT,Tolland,$4.459,2026-09-28
Connecticut,CT,Windham,$4.508,2026-09-28
Delaware,DE,Kent,$4.369,2026-09-28
Delaware,DE,New castle,$4.330,2026-09-28
Delaware,DE,Sussex,$4.372,2026-09-28
Florida,FL,Alachua,$4.439,2026-09-28
Florida,FL,Baker,$4.358,2026-09-28
Florida,FL,Bay,$4.086,2026-09-28
Florida,FL,Bradford,$4.387,2026-09-28
Florida,FL,Brevard,$4.400,2026-09-28
Florida,FL,Broward,$4.383,2026-09-28
Florida,FL,Calhoun,$4.362,2026-09-28
Florida,FL,Charlotte,$4.341,2026-09-28
Florida,FL,Citrus,$4.380,2026-09-28
Florida,FL,Clay,$4.312,2026-09-28
Florida,FL,Collier,$4.465,2026-09-28
Florida,FL,Columbia,$4.255,2026-09-28
Florida,FL,De Soto,$4.375,2026-09-28
Florida,FL,Dixie,$4.396,2026-09-28
Florida,FL,Duval,$4.391,2026-09-28
Florida,FL,Escambia,$4.037,2026-09-28
Florida,FL,Flagler,$4.403,2026-09-28
Florida,FL,Franklin,$4.073,2026-09-28
Florida,FL,Gadsden,$4.234,2026-09-28
Florida,FL,Gilchrist,$4.210,2026-09-28
Florida,FL,Glades,$4.344,2026-09-28
Florida,FL,Gulf,$4.051,2026-09-28
Florida,FL,Hamilton,$4.112,2026-09-28
Florida,FL,Hardee,$4.399,2026-09-28
Florida,FL,Hendry,$4.411,2026-09-28
Florida,FL,Hernando,$4.334,2026-09-28
Florida,FL,Highlands,$4.412,2026-09-28
Florida,FL,Hillsborough,$4.355,2026-09-28
Florida,FL,Holmes,$4.214,2026-09-28
Florida,FL,Indian River,$4.348,2026-09-28
Florida,FL,Jackson,$4.124,2026-09-28
Florida,FL,Jefferson,$4.312,2026-09-28
Florida,FL,Lafayette,$4.486,2026-09-28
Florida,FL,Lake,$4.341,2026-09-28
Florida,FL,Lee,$4.371,2026-09-28
Florida,FL,Leon,$4.184,2026-09-28
Florida,FL,Levy,$4.437,2026-09-28
Florida,FL,Liberty,$4.379,2026-09-28
Florida,FL,Madison,$4.334,2026-09-28
Florida,FL,Manatee,$4.327,2026-09-28
Florida,FL,Marion,$4.382,2026-09-28
Florida,FL,Martin,$4.309,2026-09-28
Florida,FL,Miami Dade,$4.309,2026-09-28
Florida,FL,Monroe,$4.616,2026-09-28
Florida,FL,Nassau,$4.425,2026-09-28
Florida,FL,Okaloosa,$4.101,2026-09-28
Florida,FL,Okeechobee,$4.414,2026-09-28
Florida,FL,Orange,$4.339,2026-09-28
Florida,FL,Osceola,$4.357,2026-09-28
Florida,FL,Palm Beach,$4.503,2026-09-28
Florida,FL,Pasco,$4.339,2026-09-28
Florida,FL,Pinellas,$4.352,2026-09-28
Florida,FL,Polk,$4.338,2026-09-28
Florida,FL,Putnam,$4.343,2026-09-28
Florida,FL,Santa Rosa,$4.134,2026-09-28
Florida,FL,Sarasota,$4.324,2026-09-28
Florida,FL,Seminole,$4.342,2026-09-28
Florida,FL,Saint Johns,$4.395,2026-09-28
Florida,FL,Saint Lucie,$4.395,2026-09-28
Florida,FL,Sumter,$4.319,2026-09-28
Florida,FL,Suwannee,$4.430,2026-09-28
Florida,FL,Taylor,$4.292,2026-09-28
Florida,FL,Union,$4.397,2026-09-28
Florida,FL,Volusia,$4.366,2026-09-28
Florida,FL,Wakulla,$4.196,2026-09-28
Florida,FL,Walton,$4.151,2026-09-28
Florida,FL,Washington,$4.196,2026-09-28
Georgia,GA,Appling,$4.113,2026-09-28
Georgia,GA,Atkinson,$4.242,2026-09-28
Georgia,GA,Bacon,$4.192,2026-09-28
Georgia,GA,Bibb,$4.126,2026-09-28
Georgia,GA,Bulloch,$4.107,2026-09-28
Georgia,GA,Baldwin,$4.241,2026-09-28
Georgia,GA,Brantley,$4.158,2026-09-28
Georgia,GA,Ben Hill,$4.162,2026-09-28
Georgia,GA,Berrien,$4.272,2026-09-28
Georgia,GA,Baker,$4.299,2026-09-28
Georgia,GA,Bleckley,$4.202,2026-09-28
Georgia,GA,Banks,$4.232,2026-09-28
Georgia,GA,Brooks,$4.195,2026-09-28
Georgia,GA,Bryan,$4.232,2026-09-28
Georgia,GA,Butts,$4.168,2026-09-28
Georgia,GA,Bartow,$4.203,2026-09-28
Georgia,GA,Burke,$4.180,2026-09-28
Georgia,GA,Barrow,$4.187,2026-09-28
Georgia,GA,Chatham,$4.162,2026-09-28
Georgia,GA,Cobb,$4.219,2026-09-28
Georgia,GA,Chattahoochee,$4.199,2026-09-28
Georgia,GA,Crawford,$4.266,2026-09-28
Georgia,GA,Cherokee,$4.258,2026-09-28
Georgia,GA,Coffee,$4.159,2026-09-28
Georgia,GA,Chattooga,$4.148,2026-09-28
Georgia,GA,Charlton,$4.159,2026-09-28
Georgia,GA,Clinch,$4.296,2026-09-28
Georgia,GA,Clarke,$4.248,2026-09-28
Georgia,GA,Calhoun,$4.399,2026-09-28
Georgia,GA,Camden,$4.126,2026-09-28
Georgia,GA,Candler,$4.185,2026-09-28
Georgia,GA,Cook,$4.110,2026-09-28
Georgia,GA,Crisp,$4.037,2026-09-28
Georgia,GA,Colquitt,$4.205,2026-09-28
Georgia,GA,Carroll,$4.219,2026-09-28
Georgia,GA,Catoosa,$3.985,2026-09-28
Georgia,GA,Clayton,$4.217,2026-09-28
Georgia,GA,Columbia,$4.087,2026-09-28
Georgia,GA,Coweta,$4.269,2026-09-28
Georgia,GA,Clay,$4.399,2026-09-28
Georgia,GA,Dade,$4.096,2026-09-28
Georgia,GA,Decatur,$4.072,2026-09-28
Georgia,GA,Douglas,$4.260,2026-09-28
Georgia,GA,DeKalb,$4.213,2026-09-28
Georgia,GA,Dooly,$4.164,2026-09-28
Georgia,GA,Dodge,$4.177,2026-09-28
Georgia,GA,Dougherty,$4.065,2026-09-28
Georgia,GA,Dawson,$4.295,2026-09-28
Georgia,GA,Early,$4.366,2026-09-28
Georgia,GA,Echols,$4.099,2026-09-28
Georgia,GA,Effingham,$4.082,2026-09-28
Georgia,GA,Elbert,$4.153,2026-09-28
Georgia,GA,Emanuel,$4.356,2026-09-28
Georgia,GA,Evans,$4.221,2026-09-28
Georgia,GA,Fannin,$4.198,2026-09-28
Georgia,GA,Floyd,$4.149,2026-09-28
Georgia,GA,Forsyth,$4.268,2026-09-28
Georgia,GA,Franklin,$4.221,2026-09-28
Georgia,GA,Fulton,$4.328,2026-09-28
Georgia,GA,Fayette,$4.288,2026-09-28
Georgia,GA,Greene,$4.292,2026-09-28
Georgia,GA,Gilmer,$4.171,2026-09-28
Georgia,GA,Glascock,$4.099,2026-09-28
Georgia,GA,Gordon,$4.187,2026-09-28
Georgia,GA,Grady,$4.255,2026-09-28
Georgia,GA,Gwinnett,$4.216,2026-09-28
Georgia,GA,Glynn,$4.126,2026-09-28
Georgia,GA,Habersham,$4.164,2026-09-28
Georgia,GA,Heard,$4.234,2026-09-28
Georgia,GA,Harris,$4.248,2026-09-28
Georgia,GA,Hall,$4.217,2026-09-28
Georgia,GA,Hancock,$4.299,2026-09-28
Georgia,GA,Houston,$4.051,2026-09-28
Georgia,GA,Haralson,$4.118,2026-09-28
Georgia,GA,Hart,$4.081,2026-09-28
Georgia,GA,Henry,$4.163,2026-09-28
Georgia,GA,Irwin,$4.256,2026-09-28
Georgia,GA,Jackson,$4.189,2026-09-28
Georgia,GA,Jeff Davis,$4.161,2026-09-28
Georgia,GA,Jefferson,$4.130,2026-09-28
Georgia,GA,Jenkins,$4.094,2026-09-28
Georgia,GA,Jones,$4.110,2026-09-28
Georgia,GA,Johnson,$4.099,2026-09-28
Georgia,GA,Jasper,$4.194,2026-09-28
Georgia,GA,Lamar,$4.288,2026-09-28
Georgia,GA,Lincoln,$4.224,2026-09-28
Georgia,GA,Lee,$4.007,2026-09-28
Georgia,GA,Liberty,$4.152,2026-09-28
Georgia,GA,Lanier,$4.232,2026-09-28
Georgia,GA,Long,$4.116,2026-09-28
Georgia,GA,Lumpkin,$4.252,2026-09-28
Georgia,GA,Laurens,$4.086,2026-09-28
Georgia,GA,Lowndes,$4.044,2026-09-28
Georgia,GA,Macon,$4.219,2026-09-28
Georgia,GA,Mcduffie,$4.120,2026-09-28
Georgia,GA,Madison,$4.174,2026-09-28
Georgia,GA,Meriwether,$4.249,2026-09-28
Georgia,GA,Montgomery,$4.182,2026-09-28
Georgia,GA,Mcintosh,$4.174,2026-09-28
Georgia,GA,Miller,$4.212,2026-09-28
Georgia,GA,Morgan,$4.229,2026-09-28
Georgia,GA,Monroe,$4.352,2026-09-28
Georgia,GA,Marion,$4.199,2026-09-28
Georgia,GA,Muscogee,$4.170,2026-09-28
Georgia,GA,Mitchell,$4.222,2026-09-28
Georgia,GA,Murray,$4.168,2026-09-28
Georgia,GA,Newton,$4.187,2026-09-28
Georgia,GA,Oconee,$4.241,2026-09-28
Georgia,GA,Oglethorpe,$4.299,2026-09-28
Georgia,GA,Peach,$4.086,2026-09-28
Georgia,GA,Pickens,$4.234,2026-09-28
Georgia,GA,Paulding,$4.246,2026-09-28
Georgia,GA,Pierce,$4.250,2026-09-28
Georgia,GA,Pike,$4.253,2026-09-28
Georgia,GA,Pulaski,$4.307,2026-09-28
Georgia,GA,Polk,$4.160,2026-09-28
Georgia,GA,Putnam,$4.195,2026-09-28
Georgia,GA,Quitman,$4.231,2026-09-28
Georgia,GA,Randolph,$4.179,2026-09-28
Georgia,GA,Rabun,$4.276,2026-09-28
Georgia,GA,Richmond,$4.172,2026-09-28
Georgia,GA,Rockdale,$4.197,2026-09-28
Georgia,GA,Schley,$4.064,2026-09-28
Georgia,GA,Stephens,$4.139,2026-09-28
Georgia,GA,Seminole,$4.303,2026-09-28
Georgia,GA,Spalding,$4.200,2026-09-28
Georgia,GA,Screven,$4.243,2026-09-28
Georgia,GA,Stewart,$4.199,2026-09-28
Georgia,GA,Sumter,$4.022,2026-09-28
Georgia,GA,Taliaferro,$4.249,2026-09-28
Georgia,GA,Talbot,$4.339,2026-09-28
Georgia,GA,Treutlen,$4.246,2026-09-28
Georgia,GA,Telfair,$4.102,2026-09-28
Georgia,GA,Thomas,$4.179,2026-09-28
Georgia,GA,Tift,$4.094,2026-09-28
Georgia,GA,Terrell,$4.063,2026-09-28
Georgia,GA,Toombs,$4.103,2026-09-28
Georgia,GA,Towns,$4.255,2026-09-28
Georgia,GA,Troup,$4.172,2026-09-28
Georgia,GA,Tattnall,$4.180,2026-09-28
Georgia,GA,Turner,$4.192,2026-09-28
Georgia,GA,Twiggs,$4.282,2026-09-28
Georgia,GA,Taylor,$4.257,2026-09-28
Georgia,GA,Union,$4.181,2026-09-28
Georgia,GA,Upson,$4.075,2026-09-28
Georgia,GA,Ware,$4.131,2026-09-28
Georgia,GA,Wilcox,$4.199,2026-09-28
Georgia,GA,Wheeler,$4.187,2026-09-28
Georgia,GA,Washington,$4.014,2026-09-28
Georgia,GA,Whitfield,$4.155,2026-09-28
Georgia,GA,Wilkinson,$4.162,2026-09-28
Georgia,GA,Walker,$4.127,2026-09-28
Georgia,GA,Wilkes,$4.206,2026-09-28
Georgia,GA,Walton,$4.199,2026-09-28
Georgia,GA,Worth,$4.079,2026-09-28
Georgia,GA,Warren,$4.099,2026-09-28
Georgia,GA,Webster,$4.129,2026-09-28
Georgia,GA,White,$4.212,2026-09-28
Georgia,GA,Wayne,$4.118,2026-09-28
Hawaii,HI,Hawaii,$5.652,2026-09-28
Hawaii,HI,Honolulu,$5.526,2026-09-28
Hawaii,HI,Kalawao,,2026-09-28
Hawaii,HI,Kauai,$5.823,2026-09-28
Hawaii,HI,Maui,$5.630,2026-09-28
Idaho,ID,Ada,$5.080,2026-09-28
Idaho,ID,Adams,$5.194,2026-09-28
Idaho,ID,Bannock,$5.078,2026-09-28
Idaho,ID,Bear Lake,$5.216,2026-09-28
Idaho,ID,Benewah,$4.706,2026-09-28
Idaho,ID,Bingham,$5.029,2026-09-28
Idaho,ID,Blaine,$5.268,2026-09-28
Idaho,ID,Boise,$5.339,2026-09-28
Idaho,ID,Bonner,$4.774,2026-09-28
Idaho,ID,Bonneville,$4.998,2026-09-28
Idaho,ID,Boundary,$4.716,2026-09-28
Idaho,ID,Butte,$5.099,2026-09-28
Idaho,ID,Camas,$5.449,2026-09-28
Idaho,ID,Canyon,$5.056,2026-09-28
Idaho,ID,Caribou,$5.091,2026-09-28
Idaho,ID,Cassia,$5.090,2026-09-28
Idaho,ID,Clark,$5.699,2026-09-28
Idaho,ID,Clearwater,$4.799,2026-09-28
Idaho,ID,Custer,$5.234,2026-09-28
Idaho,ID,Elmore,$5.111,2026-09-28
Idaho,ID,Franklin,$4.951,2026-09-28
Idaho,ID,Fremont,$5.315,2026-09-28
Idaho,ID,Gem,$5.066,2026-09-28
Idaho,ID,Gooding,$5.136,2026-09-28
Idaho,ID,Idaho,$4.810,2026-09-28
Idaho,ID,Jefferson,$5.045,2026-09-28
Idaho,ID,Jerome,$5.105,2026-09-28
Idaho,ID,Kootenai,$4.623,2026-09-28
Idaho,ID,Latah,$4.687,2026-09-28
Idaho,ID,Lemhi,$4.931,2026-09-28
Idaho,ID,Lewis,$4.735,2026-09-28
Idaho,ID,Lincoln,$5.099,2026-09-28
Idaho,ID,Madison,$5.052,2026-09-28
Idaho,ID,Minidoka,$5.046,2026-09-28
Idaho,ID,Nez perce,$4.630,2026-09-28
Idaho,ID,Oneida,$5.084,2026-09-28
Idaho,ID,Owyhee,$5.091,2026-09-28
Idaho,ID,Payette,$5.156,2026-09-28
Idaho,ID,Power,$5.095,2026-09-28
Idaho,ID,Shoshone,$4.992,2026-09-28
Idaho,ID,Teton,$5.107,2026-09-28
Idaho,ID,Twin falls,$5.080,2026-09-28
Idaho,ID,Valley,$5.322,2026-09-28
Idaho,ID,Washington,$5.136,2026-09-28
Illinois,IL,Adams,$4.749,2026-09-28
Illinois,IL,Alexander,$4.799,2026-09-28
Illinois,IL,Bond,$4.713,2026-09-28
Illinois,IL,Boone,$4.749,2026-09-28
Illinois,IL,Brown,$4.632,2026-09-28
Illinois,IL,Bureau,$4.670,2026-09-28
Illinois,IL,Calhoun,$4.459,2026-09-28
Illinois,IL,Carroll,$4.756,2026-09-28
Illinois,IL,Cass,$4.776,2026-09-28
Illinois,IL,Champaign,$4.669,2026-09-28
Illinois,IL,Christian,$4.766,2026-09-28
Illinois,IL,Clark,$4.768,2026-09-28
Illinois,IL,Clay,$4.721,2026-09-28
Illinois,IL,Clinton,$4.689,2026-09-28
Illinois,IL,Coles,$4.662,2026-09-28
Illinois,IL,Cook,$4.959,2026-09-28
Illinois,IL,Crawford,$4.696,2026-09-28
Illinois,IL,Cumberland,$4.784,2026-09-28
Illinois,IL,Dewitt,$4.747,2026-09-28
Illinois,IL,De Kalb,$4.762,2026-09-28
Illinois,IL,Douglas,$4.587,2026-09-28
Illinois,IL,Du Page,$4.758,2026-09-28
Illinois,IL,Edgar,$4.523,2026-09-28
Illinois,IL,Edwards,$4.799,2026-09-28
Illinois,IL,Effingham,$4.509,2026-09-28
Illinois,IL,Fayette,$4.633,2026-09-28
Illinois,IL,Ford,$4.703,2026-09-28
Illinois,IL,Franklin,$4.719,2026-09-28
Illinois,IL,Fulton,$4.707,2026-09-28
Illinois,IL,Gallatin,$4.749,2026-09-28
Illinois,IL,Greene,$4.652,2026-09-28
Illinois,IL,Grundy,$4.580,2026-09-28
Illinois,IL,Hamilton,$4.749,2026-09-28
Illinois,IL,Hancock,$4.754,2026-09-28
Illinois,IL,Hardin,$4.779,2026-09-28
Illinois,IL,Henderson,$4.799,2026-09-28
Illinois,IL,Henry,$4.767,2026-09-28
Illinois,IL,Iroquois,$4.635,2026-09-28
Illinois,IL,Jackson,$4.806,2026-09-28
Illinois,IL,Jasper,$4.699,2026-09-28
Illinois,IL,Jefferson,$4.698,2026-09-28
Illinois,IL,Jersey,$4.458,2026-09-28
Illinois,IL,Jo Daviess,$4.674,2026-09-28
Illinois,IL,Johnson,$4.575,2026-09-28
Illinois,IL,Kane,$4.769,2026-09-28
Illinois,IL,Kankakee,$4.736,2026-09-28
Illinois,IL,Kendall,$4.702,2026-09-28
Illinois,IL,Knox,$4.668,2026-09-28
Illinois,IL,La Salle,$4.655,2026-09-28
Illinois,IL,Lake,$4.718,2026-09-28
Illinois,IL,Lawrence,$4.663,2026-09-28
Illinois,IL,Lee,$4.700,2026-09-28
Illinois,IL,Livingston,$4.719,2026-09-28
Illinois,IL,Logan,$4.682,2026-09-28
Illinois,IL,Macon,$4.673,2026-09-28
Illinois,IL,Macoupin,$4.663,2026-09-28
Illinois,IL,Madison,$4.690,2026-09-28
Illinois,IL,Marion,$4.716,2026-09-28
Illinois,IL,Marshall,$4.722,2026-09-28
Illinois,IL,Mason,$4.750,2026-09-28
Illinois,IL,Massac,$4.651,2026-09-28
Illinois,IL,McDonough,$4.619,2026-09-28
Illinois,IL,McHenry,$4.715,2026-09-28
Illinois,IL,McLean,$4.658,2026-09-28
Illinois,IL,Menard,$4.729,2026-09-28
Illinois,IL,Mercer,$4.811,2026-09-28
Illinois,IL,Monroe,$4.799,2026-09-28
Illinois,IL,Montgomery,$4.635,2026-09-28
Illinois,IL,Morgan,$4.582,2026-09-28
Illinois,IL,Moultrie,$4.685,2026-09-28
Illinois,IL,Ogle,$4.672,2026-09-28
Illinois,IL,Peoria,$4.853,2026-09-28
Illinois,IL,Perry,$4.799,2026-09-28
Illinois,IL,Piatt,$4.760,2026-09-28
Illinois,IL,Pike,$4.732,2026-09-28
Illinois,IL,Pope,$4.699,2026-09-28
Illinois,IL,Pulaski,$4.799,2026-09-28
Illinois,IL,Putnam,$4.799,2026-09-28
Illinois,IL,Randolph,$4.787,2026-09-28
Illinois,IL,Richland,$4.277,2026-09-28
Illinois,IL,Rock Island,$4.780,2026-09-28
Illinois,IL,Saline,$4.647,2026-09-28
Illinois,IL,Sangamon,$4.646,2026-09-28
Illinois,IL,Schuyler,$4.612,2026-09-28
Illinois,IL,Scott,$4.449,2026-09-28
Illinois,IL,Shelby,$4.734,2026-09-28
Illinois,IL,Saint Clair,$4.762,2026-09-28
Illinois,IL,Stark,$4.712,2026-09-28
Illinois,IL,Stephenson,$4.760,2026-09-28
Illinois,IL,Tazewell,$4.725,2026-09-28
Illinois,IL,Union,$4.813,2026-09-28
Illinois,IL,Vermilion,$4.693,2026-09-28
Illinois,IL,Wabash,$4.621,2026-09-28
Illinois,IL,Warren,$4.746,2026-09-28
Illinois,IL,Washington,$4.793,2026-09-28
Illinois,IL,Wayne,$4.641,2026-09-28
Illinois,IL,White,$4.709,2026-09-28
Illinois,IL,Whiteside,$4.508,2026-09-28
Illinois,IL,Will,$4.726,2026-09-28
Illinois,IL,Williamson,$4.725,2026-09-28
Illinois,IL,Winnebago,$4.726,2026-09-28
Illinois,IL,Woodford,$4.765,2026-09-28
Indiana,IN,Adams,$3.988,2026-09-28
Indiana,IN,Allen,$3.827,2026-09-28
Indiana,IN,Bartholomew,$3.875,2026-09-28
Indiana,IN,Benton,$3.864,2026-09-28
Indiana,IN,Blackford,$3.911,2026-09-28
Indiana,IN,Boone,$3.854,2026-09-28
Indiana,IN,Brown,$3.959,2026-09-28
Indiana,IN,Carroll,$4.026,2026-09-28
Indiana,IN,Cass,$3.966,2026-09-28
Indiana,IN,Clark,$3.858,2026-09-28
Indiana,IN,Clay,$3.872,2026-09-28
Indiana,IN,Clinton,$3.873,2026-09-28
Indiana,IN,Crawford,$3.866,2026-09-28
Indiana,IN,Daviess,$3.933,2026-09-28
Indiana,IN,De Kalb,$3.899,2026-09-28
Indiana,IN,Dearborn,$4.019,2026-09-28
Indiana,IN,Decatur,$3.952,2026-09-28
Indiana,IN,Delaware,$3.869,2026-09-28
Indiana,IN,Dubois,$3.783,2026-09-28
Indiana,IN,Elkhart,$3.887,2026-09-28
Indiana,IN,Fayette,$3.947,2026-09-28
Indiana,IN,Floyd,$3.985,2026-09-28
Indiana,IN,Fountain,$4.069,2026-09-28
Indiana,IN,Franklin,$3.984,2026-09-28
Indiana,IN,Fulton,$3.990,2026-09-28
Indiana,IN,Gibson,$3.851,2026-09-28
Indiana,IN,Grant,$3.916,2026-09-28
Indiana,IN,Greene,$3.870,2026-09-28
Indiana,IN,Hamilton,$3.845,2026-09-28
Indiana,IN,Hancock,$3.777,2026-09-28
Indiana,IN,Harrison,$3.914,2026-09-28
Indiana,IN,Hendricks,$3.770,2026-09-28
Indiana,IN,Henry,$3.920,2026-09-28
Indiana,IN,Howard,$3.901,2026-09-28
Indiana,IN,Huntington,$3.945,2026-09-28
Indiana,IN,Jackson,$3.849,2026-09-28
Indiana,IN,Jasper,$4.108,2026-09-28
Indiana,IN,Jay,$3.906,2026-09-28
Indiana,IN,Jefferson,$3.992,2026-09-28
Indiana,IN,Jennings,$3.975,2026-09-28
Indiana,IN,Johnson,$3.800,2026-09-28
Indiana,IN,Knox,$3.889,2026-09-28
Indiana,IN,Kosciusko,$3.841,2026-09-28
Indiana,IN,La Porte,$3.951,2026-09-28
Indiana,IN,Lagrange,$4.012,2026-09-28
Indiana,IN,Lake,$3.928,2026-09-28
Indiana,IN,Lawrence,$3.897,2026-09-28
Indiana,IN,Madison,$3.881,2026-09-28
Indiana,IN,Marion,$3.844,2026-09-28
Indiana,IN,Marshall,$3.865,2026-09-28
Indiana,IN,Martin,$3.702,2026-09-28
Indiana,IN,Miami,$3.902,2026-09-28
Indiana,IN,Monroe,$3.894,2026-09-28
Indiana,IN,Montgomery,$3.924,2026-09-28
Indiana,IN,Morgan,$3.876,2026-09-28
Indiana,IN,Newton,$3.902,2026-09-28
Indiana,IN,Noble,$3.926,2026-09-28
Indiana,IN,Ohio,$3.999,2026-09-28
Indiana,IN,Orange,$3.810,2026-09-28
Indiana,IN,Owen,$3.909,2026-09-28
Indiana,IN,Parke,$3.906,2026-09-28
Indiana,IN,Perry,$3.799,2026-09-28
Indiana,IN,Pike,$3.882,2026-09-28
Indiana,IN,Porter,$3.909,2026-09-28
Indiana,IN,Posey,$3.865,2026-09-28
Indiana,IN,Pulaski,$4.136,2026-09-28
Indiana,IN,Putnam,$3.943,2026-09-28
Indiana,IN,Randolph,$3.992,2026-09-28
Indiana,IN,Ripley,$4.007,2026-09-28
Indiana,IN,Rush,$3.979,2026-09-28
Indiana,IN,Scott,$3.604,2026-09-28
Indiana,IN,Shelby,$3.826,2026-09-28
Indiana,IN,Spencer,$3.815,2026-09-28
Indiana,IN,St Joseph,$3.879,2026-09-28
Indiana,IN,Starke,$4.011,2026-09-28
Indiana,IN,Steuben,$3.679,2026-09-28
Indiana,IN,Sullivan,$3.849,2026-09-28
Indiana,IN,Switzerland,$3.962,2026-09-28
Indiana,IN,Tippecanoe,$3.864,2026-09-28
Indiana,IN,Tipton,$3.926,2026-09-28
Indiana,IN,Union,$3.999,2026-09-28
Indiana,IN,Vanderburgh,$3.820,2026-09-28
Indiana,IN,Vermillion,$3.974,2026-09-28
Indiana,IN,Vigo,$3.872,2026-09-28
Indiana,IN,Wabash,$3.986,2026-09-28
Indiana,IN,Warren,$3.966,2026-09-28
Indiana,IN,Warrick,$3.856,2026-09-28
Indiana,IN,Washington,$4.001,2026-09-28
Indiana,IN,Wayne,$3.827,2026-09-28
Indiana,IN,Wells,$3.785,2026-09-28
Indiana,IN,White,$4.200,2026-09-28
Indiana,IN,Whitley,$3.875,2026-09-28
Iowa,IA,Adair,$4.284,2026-09-28
Iowa,IA,Adams,$4.249,2026-09-28
Iowa,IA,Allamakee,$4.449,2026-09-28
Iowa,IA,Appanoose,$4.337,2026-09-28
Iowa,IA,Audubon,$4.264,2026-09-28
Iowa,IA,Benton,$4.272,2026-09-28
Iowa,IA,Black Hawk,$4.148,2026-09-28
Iowa,IA,Boone,$4.393,2026-09-28
Iowa,IA,Bremer,$4.363,2026-09-28
Iowa,IA,Buchanan,$4.318,2026-09-28
Iowa,IA,Buena Vista,$4.205,2026-09-28
Iowa,IA,Butler,$4.369,2026-09-28
Iowa,IA,Calhoun,$4.260,2026-09-28
Iowa,IA,Carroll,$4.299,2026-09-28
Iowa,IA,Cass,$4.310,2026-09-28
Iowa,IA,Cedar,$4.402,2026-09-28
Iowa,IA,Cerro Gordo,$3.959,2026-09-28
Iowa,IA,Cherokee,$4.346,2026-09-28
Iowa,IA,Chickasaw,$4.306,2026-09-28
Iowa,IA,Clarke,$4.359,2026-09-28
Iowa,IA,Clay,$4.282,2026-09-28
Iowa,IA,Clayton,$4.429,2026-09-28
Iowa,IA,Clinton,$4.166,2026-09-28
Iowa,IA,Crawford,$4.299,2026-09-28
Iowa,IA,Dallas,$4.276,2026-09-28
Iowa,IA,Davis,$4.349,2026-09-28
Iowa,IA,Decatur,$4.332,2026-09-28
Iowa,IA,Delaware,$4.443,2026-09-28
Iowa,IA,Des Moines,$4.365,2026-09-28
Iowa,IA,Dickinson,$4.371,2026-09-28
Iowa,IA,Dubuque,$4.341,2026-09-28
Iowa,IA,Emmet,$4.299,2026-09-28
Iowa,IA,Fayette,$4.265,2026-09-28
Iowa,IA,Floyd,$4.067,2026-09-28
Iowa,IA,Franklin,$4.336,2026-09-28
Iowa,IA,Fremont,$4.372,2026-09-28
Iowa,IA,Greene,$4.333,2026-09-28
Iowa,IA,Grundy,$4.300,2026-09-28
Iowa,IA,Guthrie,$4.229,2026-09-28
Iowa,IA,Hamilton,$4.228,2026-09-28
Iowa,IA,Hancock,$4.109,2026-09-28
Iowa,IA,Hardin,$4.391,2026-09-28
Iowa,IA,Harrison,$4.352,2026-09-28
Iowa,IA,Henry,$4.014,2026-09-28
Iowa,IA,Howard,$4.385,2026-09-28
Iowa,IA,Humboldt,$4.299,2026-09-28
Iowa,IA,Ida,$4.207,2026-09-28
Iowa,IA,Iowa,$4.312,2026-09-28
Iowa,IA,Jackson,$4.405,2026-09-28
Iowa,IA,Jasper,$4.099,2026-09-28
Iowa,IA,Jefferson,$4.428,2026-09-28
Iowa,IA,Johnson,$4.328,2026-09-28
Iowa,IA,Jones,$4.332,2026-09-28
Iowa,IA,Keokuk,$4.235,2026-09-28
Iowa,IA,Kossuth,$4.271,2026-09-28
Iowa,IA,Lee,$4.360,2026-09-28
Iowa,IA,Linn,$4.188,2026-09-28
Iowa,IA,Louisa,$4.449,2026-09-28
Iowa,IA,Lucas,$4.349,2026-09-28
Iowa,IA,Lyon,$4.191,2026-09-28
Iowa,IA,Madison,$4.379,2026-09-28
Iowa,IA,Mahaska,$4.020,2026-09-28
Iowa,IA,Marion,$4.134,2026-09-28
Iowa,IA,Marshall,$4.348,2026-09-28
Iowa,IA,Mills,$4.374,2026-09-28
Iowa,IA,Mitchell,$4.189,2026-09-28
Iowa,IA,Monona,$4.224,2026-09-28
Iowa,IA,Monroe,$4.457,2026-09-28
Iowa,IA,Montgomery,$4.307,2026-09-28
Iowa,IA,Muscatine,$4.397,2026-09-28
Iowa,IA,O'Brien,,2026-09-28
Iowa,IA,Osceola,$4.299,2026-09-28
Iowa,IA,Page,$4.382,2026-09-28
Iowa,IA,Palo Alto,$4.339,2026-09-28
Iowa,IA,Plymouth,$4.462,2026-09-28
Iowa,IA,Pocahontas,$4.249,2026-09-28
Iowa,IA,Polk,$4.225,2026-09-28
Iowa,IA,Pottawattamie,$4.356,2026-09-28
Iowa,IA,Poweshiek,$4.292,2026-09-28
Iowa,IA,Ringgold,$4.349,2026-09-28
Iowa,IA,Sac,$4.138,2026-09-28
Iowa,IA,Scott,$4.250,2026-09-28
Iowa,IA,Shelby,$4.344,2026-09-28
Iowa,IA,Sioux,$4.311,2026-09-28
Iowa,IA,Story,$4.300,2026-09-28
Iowa,IA,Tama,$4.324,2026-09-28
Iowa,IA,Taylor,$4.369,2026-09-28
Iowa,IA,Union,$4.342,2026-09-28
Iowa,IA,Van Buren,$4.314,2026-09-28
Iowa,IA,Wapello,$4.307,2026-09-28
Iowa,IA,Warren,$4.259,2026-09-28
Iowa,IA,Washington,$4.277,2026-09-28
Iowa,IA,Wayne,$4.369,2026-09-28
Iowa,IA,Webster,$4.121,2026-09-28
Iowa,IA,Winnebago,$4.288,2026-09-28
Iowa,IA,Winneshiek,$4.449,2026-09-28
Iowa,IA,Woodbury,$4.116,2026-09-28
Iowa,IA,Worth,$4.129,2026-09-28
Iowa,IA,Wright,$4.367,2026-09-28
Kansas,KS,Allen,$4.199,2026-09-28
Kansas,KS,Anderson,$4.007,2026-09-28
Kansas,KS,Atchison,$4.191,2026-09-28
Kansas,KS,Barber,$4.269,2026-09-28
Kansas,KS,Barton,$3.961,2026-09-28
Kansas,KS,Bourbon,$4.199,2026-09-28
Kansas,KS,Brown,$4.170,2026-09-28
Kansas,KS,Butler,$4.159,2026-09-28
Kansas,KS,Chase,$4.139,2026-09-28
Kansas,KS,Chautauqua,$4.324,2026-09-28
Kansas,KS,Cherokee,$4.065,2026-09-28
Kansas,KS,Cheyenne,$4.344,2026-09-28
Kansas,KS,Clark,$4.229,2026-09-28
Kansas,KS,Clay,$4.199,2026-09-28
Kansas,KS,Cloud,$4.034,2026-09-28
Kansas,KS,Coffey,$4.185,2026-09-28
Kansas,KS,Comanche,$4.214,2026-09-28
Kansas,KS,Cowley,$4.184,2026-09-28
Kansas,KS,Crawford,$4.094,2026-09-28
Kansas,KS,Decatur,$4.269,2026-09-28
Kansas,KS,Dickinson,$3.930,2026-09-28
Kansas,KS,Doniphan,$4.194,2026-09-28
Kansas,KS,Douglas,$4.187,2026-09-28
Kansas,KS,Edwards,$4.204,2026-09-28
Kansas,KS,Elk,$4.199,2026-09-28
Kansas,KS,Ellis,$4.208,2026-09-28
Kansas,KS,Ellsworth,$4.229,2026-09-28
Kansas,KS,Finney,$4.043,2026-09-28
Kansas,KS,Ford,$4.060,2026-09-28
Kansas,KS,Franklin,$4.072,2026-09-28
Kansas,KS,Geary,$4.132,2026-09-28
Kansas,KS,Gove,$4.199,2026-09-28
Kansas,KS,Graham,$4.269,2026-09-28
Kansas,KS,Grant,$4.256,2026-09-28
Kansas,KS,Gray,$4.099,2026-09-28
Kansas,KS,Greeley,$4.499,2026-09-28
Kansas,KS,Greenwood,$4.131,2026-09-28
Kansas,KS,Hamilton,$4.266,2026-09-28
Kansas,KS,Harper,$4.243,2026-09-28
Kansas,KS,Harvey,$4.044,2026-09-28
Kansas,KS,Haskell,$4.169,2026-09-28
Kansas,KS,Hodgeman,$4.149,2026-09-28
Kansas,KS,Jackson,$4.126,2026-09-28
Kansas,KS,Jefferson,$4.233,2026-09-28
Kansas,KS,Jewell,,2026-09-28
Kansas,KS,Johnson,$4.218,2026-09-28
Kansas,KS,Kearny,$3.979,2026-09-28
Kansas,KS,Kingman,$4.262,2026-09-28
Kansas,KS,Kiowa,$4.203,2026-09-28
Kansas,KS,Labette,$3.837,2026-09-28
Kansas,KS,Lane,,2026-09-28
Kansas,KS,Leavenworth,$4.110,2026-09-28
Kansas,KS,Lincoln,,2026-09-28
Kansas,KS,Linn,$4.232,2026-09-28
Kansas,KS,Logan,$4.179,2026-09-28
Kansas,KS,Lyon,$3.959,2026-09-28
Kansas,KS,Marion,$4.099,2026-09-28
Kansas,KS,Marshall,$4.199,2026-09-28
Kansas,KS,Mcpherson,$4.078,2026-09-28
Kansas,KS,Meade,$4.149,2026-09-28
Kansas,KS,Miami,$4.208,2026-09-28
Kansas,KS,Mitchell,$4.199,2026-09-28
Kansas,KS,Montgomery,$4.136,2026-09-28
Kansas,KS,Morris,$3.872,2026-09-28
Kansas,KS,Morton,$4.269,2026-09-28
Kansas,KS,Nemaha,$4.199,2026-09-28
Kansas,KS,Neosho,$4.189,2026-09-28
Kansas,KS,Ness,$4.159,2026-09-28
Kansas,KS,Norton,$4.286,2026-09-28
Kansas,KS,Osage,$4.049,2026-09-28
Kansas,KS,Osborne,$4.224,2026-09-28
Kansas,KS,Ottawa,$4.199,2026-09-28
Kansas,KS,Pawnee,$4.104,2026-09-28
Kansas,KS,Phillips,$4.299,2026-09-28
Kansas,KS,Pottawatomie,$4.199,2026-09-28
Kansas,KS,Pratt,$4.199,2026-09-28
Kansas,KS,Rawlins,$4.299,2026-09-28
Kansas,KS,Reno,$3.890,2026-09-28
Kansas,KS,Republic,$4.124,2026-09-28
Kansas,KS,Rice,$4.111,2026-09-28
Kansas,KS,Riley,$4.199,2026-09-28
Kansas,KS,Rooks,$4.079,2026-09-28
Kansas,KS,Rush,$4.119,2026-09-28
Kansas,KS,Russell,$4.077,2026-09-28
Kansas,KS,Saline,$4.102,2026-09-28
Kansas,KS,Scott,$4.023,2026-09-28
Kansas,KS,Sedgwick,$4.138,2026-09-28
Kansas,KS,Seward,$4.199,2026-09-28
Kansas,KS,Shawnee,$4.032,2026-09-28
Kansas,KS,Sheridan,$4.149,2026-09-28
Kansas,KS,Sherman,$4.212,2026-09-28
Kansas,KS,Smith,$4.179,2026-09-28
Kansas,KS,Stafford,$4.199,2026-09-28
Kansas,KS,Stanton,$4.374,2026-09-28
Kansas,KS,Stevens,$4.099,2026-09-28
Kansas,KS,Sumner,$4.111,2026-09-28
Kansas,KS,Thomas,$4.085,2026-09-28
Kansas,KS,Trego,$4.167,2026-09-28
Kansas,KS,Wabaunsee,$4.042,2026-09-28
Kansas,KS,Wallace,$4.289,2026-09-28
Kansas,KS,Washington,$4.202,2026-09-28
Kansas,KS,Wichita,$3.999,2026-09-28
Kansas,KS,Wilson,$4.194,2026-09-28
Kansas,KS,Woodson,$4.199,2026-09-28
Kansas,KS,Wyandotte,$4.237,2026-09-28
Kentucky,KY,Adair,$4.114,2026-09-28
Kentucky,KY,Allen,$4.040,2026-09-28
Kentucky,KY,Anderson,$4.182,2026-09-28
Kentucky,KY,Ballard,$4.131,2026-09-28
Kentucky,KY,Barren,$4.020,2026-09-28
Kentucky,KY,Bath,$4.261,2026-09-28
Kentucky,KY,Bell,$3.998,2026-09-28
Kentucky,KY,Boone,$4.318,2026-09-28
Kentucky,KY,Bourbon,$4.083,2026-09-28
Kentucky,KY,Boyd,$4.293,2026-09-28
Kentucky,KY,Boyle,$4.035,2026-09-28
Kentucky,KY,Bracken,$4.147,2026-09-28
Kentucky,KY,Breathitt,$4.242,2026-09-28
Kentucky,KY,Breckinridge,$4.099,2026-09-28
Kentucky,KY,Bullitt,$4.009,2026-09-28
Kentucky,KY,Butler,$4.074,2026-09-28
Kentucky,KY,Caldwell,$4.112,2026-09-28
Kentucky,KY,Calloway,$4.042,2026-09-28
Kentucky,KY,Campbell,$4.365,2026-09-28
Kentucky,KY,Carlisle,$4.216,2026-09-28
Kentucky,KY,Carroll,$4.156,2026-09-28
Kentucky,KY,Carter,$4.224,2026-09-28
Kentucky,KY,Casey,$4.099,2026-09-28
Kentucky,KY,Christian,$3.897,2026-09-28
Kentucky,KY,Clark,$4.137,2026-09-28
Kentucky,KY,Clay,$4.187,2026-09-28
Kentucky,KY,Clinton,$4.159,2026-09-28
Kentucky,KY,Crittenden,$3.999,2026-09-28
Kentucky,KY,Cumberland,$4.199,2026-09-28
Kentucky,KY,Daviess,$3.927,2026-09-28
Kentucky,KY,Edmonson,$4.099,2026-09-28
Kentucky,KY,Elliott,$4.299,2026-09-28
Kentucky,KY,Estill,$4.194,2026-09-28
Kentucky,KY,Fayette,$4.204,2026-09-28
Kentucky,KY,Fleming,$4.199,2026-09-28
Kentucky,KY,Floyd,$4.199,2026-09-28
Kentucky,KY,Franklin,$4.179,2026-09-28
Kentucky,KY,Fulton,$4.113,2026-09-28
Kentucky,KY,Gallatin,$4.339,2026-09-28
Kentucky,KY,Garrard,$4.067,2026-09-28
Kentucky,KY,Grant,$4.184,2026-09-28
Kentucky,KY,Graves,$4.040,2026-09-28
Kentucky,KY,Grayson,$4.097,2026-09-28
Kentucky,KY,Green,$4.099,2026-09-28
Kentucky,KY,Greenup,$4.293,2026-09-28
Kentucky,KY,Hancock,$4.095,2026-09-28
Kentucky,KY,Hardin,$4.021,2026-09-28
Kentucky,KY,Harlan,$4.164,2026-09-28
Kentucky,KY,Harrison,$4.135,2026-09-28
Kentucky,KY,Hart,$4.061,2026-09-28
Kentucky,KY,Henderson,$3.869,2026-09-28
Kentucky,KY,Henry,$4.101,2026-09-28
Kentucky,KY,Hickman,$4.199,2026-09-28
Kentucky,KY,Hopkins,$4.135,2026-09-28
Kentucky,KY,Jackson,$4.152,2026-09-28
Kentucky,KY,Jefferson,$4.068,2026-09-28
Kentucky,KY,Jessamine,$4.071,2026-09-28
Kentucky,KY,Johnson,$4.298,2026-09-28
Kentucky,KY,Kenton,$4.463,2026-09-28
Kentucky,KY,Knott,$4.159,2026-09-28
Kentucky,KY,Knox,$4.081,2026-09-28
Kentucky,KY,Larue,$4.046,2026-09-28
Kentucky,KY,Laurel,$4.013,2026-09-28
Kentucky,KY,Lawrence,$4.158,2026-09-28
Kentucky,KY,Lee,$4.255,2026-09-28
Kentucky,KY,Leslie,$4.174,2026-09-28
Kentucky,KY,Letcher,$4.099,2026-09-28
Kentucky,KY,Lewis,$4.281,2026-09-28
Kentucky,KY,Lincoln,$4.112,2026-09-28
Kentucky,KY,Livingston,$4.039,2026-09-28
Kentucky,KY,Logan,$4.051,2026-09-28
Kentucky,KY,Lyon,$4.027,2026-09-28
Kentucky,KY,Madison,$4.192,2026-09-28
Kentucky,KY,Magoffin,$4.299,2026-09-28
Kentucky,KY,Marion,$3.939,2026-09-28
Kentucky,KY,Marshall,$4.028,2026-09-28
Kentucky,KY,Martin,$4.249,2026-09-28
Kentucky,KY,Mason,$4.191,2026-09-28
Kentucky,KY,McCracken,$3.976,2026-09-28
Kentucky,KY,McCreary,$4.147,2026-09-28
Kentucky,KY,McLean,$4.142,2026-09-28
Kentucky,KY,Meade,$4.110,2026-09-28
Kentucky,KY,Menifee,$4.299,2026-09-28
Kentucky,KY,Mercer,$4.062,2026-09-28
Kentucky,KY,Metcalfe,$3.999,2026-09-28
Kentucky,KY,Monroe,$3.999,2026-09-28
Kentucky,KY,Montgomery,$4.091,2026-09-28
Kentucky,KY,Morgan,$4.266,2026-09-28
Kentucky,KY,Muhlenberg,$4.320,2026-09-28
Kentucky,KY,Nelson,$4.092,2026-09-28
Kentucky,KY,Nicholas,$4.181,2026-09-28
Kentucky,KY,Ohio,$4.174,2026-09-28
Kentucky,KY,Oldham,$4.104,2026-09-28
Kentucky,KY,Owen,$4.359,2026-09-28
Kentucky,KY,Owsley,$4.199,2026-09-28
Kentucky,KY,Pendleton,$4.511,2026-09-28
Kentucky,KY,Perry,$4.067,2026-09-28
Kentucky,KY,Pike,$4.153,2026-09-28
Kentucky,KY,Powell,$4.217,2026-09-28
Kentucky,KY,Pulaski,$4.017,2026-09-28
Kentucky,KY,Robertson,$4.159,2026-09-28
Kentucky,KY,Rockcastle,$4.248,2026-09-28
Kentucky,KY,Rowan,$4.194,2026-09-28
Kentucky,KY,Russell,$4.135,2026-09-28
Kentucky,KY,Scott,$4.081,2026-09-28
Kentucky,KY,Shelby,$3.962,2026-09-28
Kentucky,KY,Simpson,$3.892,2026-09-28
Kentucky,KY,Spencer,$4.139,2026-09-28
Kentucky,KY,Taylor,$4.048,2026-09-28
Kentucky,KY,Todd,$3.942,2026-09-28
Kentucky,KY,Trigg,$4.054,2026-09-28
Kentucky,KY,Trimble,$4.249,2026-09-28
Kentucky,KY,Union,$4.049,2026-09-28
Kentucky,KY,Warren,$3.989,2026-09-28
Kentucky,KY,Washington,$4.199,2026-09-28
Kentucky,KY,Wayne,$3.995,2026-09-28
Kentucky,KY,Webster,$4.087,2026-09-28
Kentucky,KY,Whitley,$4.088,2026-09-28
Kentucky,KY,Wolfe,$4.209,2026-09-28
Kentucky,KY,Woodford,$4.226,2026-09-28
Louisiana,LA,Acadia,$4.025,2026-09-28
Louisiana,LA,Allen,$4.125,2026-09-28
Louisiana,LA,Ascension,$4.006,2026-09-28
Louisiana,LA,Assumption,$4.019,2026-09-28
Louisiana,LA,Avoyelles,$4.032,2026-09-28
Louisiana,LA,Beauregard,$3.958,2026-09-28
Louisiana,LA,Bienville,$4.110,2026-09-28
Louisiana,LA,Bossier,$3.945,2026-09-28
Louisiana,LA,Caddo,$4.009,2026-09-28
Louisiana,LA,Calcasieu,$4.021,2026-09-28
Louisiana,LA,Caldwell,$4.099,2026-09-28
Louisiana,LA,Cameron,$4.474,2026-09-28
Louisiana,LA,Catahoula,$4.076,2026-09-28
Louisiana,LA,Claiborne,$4.105,2026-09-28
Louisiana,LA,Concordia,$3.851,2026-09-28
Louisiana,LA,De Soto,$4.036,2026-09-28
Louisiana,LA,East Baton Rouge,$4.000,2026-09-28
Louisiana,LA,East Carroll,$4.159,2026-09-28
Louisiana,LA,East Feliciana,$4.198,2026-09-28
Louisiana,LA,Evangeline,$4.121,2026-09-28
Louisiana,LA,Franklin,$4.107,2026-09-28
Louisiana,LA,Grant,$4.132,2026-09-28
Louisiana,LA,Iberia,$3.996,2026-09-28
Louisiana,LA,Iberville,$4.082,2026-09-28
Louisiana,LA,Jackson,$4.050,2026-09-28
Louisiana,LA,Jefferson,$3.981,2026-09-28
Louisiana,LA,Jefferson Davis,$4.067,2026-09-28
Louisiana,LA,La Salle,$4.098,2026-09-28
Louisiana,LA,Lafayette,$4.041,2026-09-28
Louisiana,LA,Lafourche,$3.985,2026-09-28
Louisiana,LA,Lincoln,$3.973,2026-09-28
Louisiana,LA,Livingston,$3.979,2026-09-28
Louisiana,LA,Madison,$3.965,2026-09-28
Louisiana,LA,Morehouse,$3.972,2026-09-28
Louisiana,LA,Natchitoches,$3.987,2026-09-28
Louisiana,LA,Orleans,$3.997,2026-09-28
Louisiana,LA,Ouachita,$3.959,2026-09-28
Louisiana,LA,Plaquemines,$4.204,2026-09-28
Louisiana,LA,Pointe Coupee,$4.089,2026-09-28
Louisiana,LA,Rapides,$4.017,2026-09-28
Louisiana,LA,Red River,$4.089,2026-09-28
Louisiana,LA,Richland,$4.003,2026-09-28
Louisiana,LA,Sabine,$4.076,2026-09-28
Louisiana,LA,Saint Bernard,$3.928,2026-09-28
Louisiana,LA,Saint Charles,$4.035,2026-09-28
Louisiana,LA,Saint Helena,$4.149,2026-09-28
Louisiana,LA,Saint James,$4.102,2026-09-28
Louisiana,LA,St John the Baptist,$4.069,2026-09-28
Louisiana,LA,Saint Landry,$4.059,2026-09-28
Louisiana,LA,Saint Martin,$3.960,2026-09-28
Louisiana,LA,Saint Mary,$4.053,2026-09-28
Louisiana,LA,Saint Tammany,$3.976,2026-09-28
Louisiana,LA,Tangipahoa,$4.015,2026-09-28
Louisiana,LA,Tensas,$4.149,2026-09-28
Louisiana,LA,Terrebonne,$3.996,2026-09-28
Louisiana,LA,Union,$3.976,2026-09-28
Louisiana,LA,Vermilion,$4.036,2026-09-28
Louisiana,LA,Vernon,$4.155,2026-09-28
Louisiana,LA,Washington,$4.026,2026-09-28
Louisiana,LA,Webster,$4.196,2026-09-28
Louisiana,LA,West Baton Rouge,$4.011,2026-09-28
Louisiana,LA,West Carroll,$3.961,2026-09-28
Louisiana,LA,West Feliciana,$4.273,2026-09-28
Louisiana,LA,Winn,$4.026,2026-09-28
Maine,ME,Androscoggin,$4.473,2026-09-28
Maine,ME,Aroostook,$4.496,2026-09-28
Maine,ME,Cumberland,$4.397,2026-09-28
Maine,ME,Franklin,$4.441,2026-09-28
Maine,ME,Hancock,$4.499,2026-09-28
Maine,ME,Kennebec,$4.418,2026-09-28
Maine,ME,Knox,$4.263,2026-09-28
Maine,ME,Lincoln,$4.387,2026-09-28
Maine,ME,Oxford,$4.461,2026-09-28
Maine,ME,Penobscot,$4.435,2026-09-28
Maine,ME,Piscataquis,$4.413,2026-09-28
Maine,ME,Sagadahoc,$4.430,2026-09-28
Maine,ME,Somerset,$4.361,2026-09-28
Maine,ME,Waldo,$4.446,2026-09-28
Maine,ME,Washington,$4.503,2026-09-28
Maine,ME,York,$4.434,2026-09-28
Montana,MT,Beaverhead,$4.724,2026-09-28
Montana,MT,Big Horn,$4.403,2026-09-28
Montana,MT,Blaine,$4.559,2026-09-28
Montana,MT,Broadwater,$4.544,2026-09-28
Montana,MT,Carbon,$4.489,2026-09-28
Montana,MT,Carter,$4.554,2026-09-28
Montana,MT,Cascade,$4.513,2026-09-28
Montana,MT,Chouteau,$4.656,2026-09-28
Montana,MT,Custer,$4.262,2026-09-28
Montana,MT,Daniels,$4.752,2026-09-28
Montana,MT,Dawson,$4.248,2026-09-28
Montana,MT,Deer Lodge,$4.647,2026-09-28
Montana,MT,Fallon,$4.386,2026-09-28
Montana,MT,Fergus,$4.660,2026-09-28
Montana,MT,Flathead,$4.660,2026-09-28
Montana,MT,Gallatin,$4.687,2026-09-28
Montana,MT,Garfield,,2026-09-28
Montana,MT,Glacier,$4.803,2026-09-28
Montana,MT,Golden Valley,$4.859,2026-09-28
Montana,MT,Granite,$4.706,2026-09-28
Montana,MT,Hill,$4.647,2026-09-28
Montana,MT,Jefferson,$4.663,2026-09-28
Montana,MT,Judith Basin,$4.889,2026-09-28
Montana,MT,Lake,$4.540,2026-09-28
Montana,MT,Lewis and Clark,$4.674,2026-09-28
Montana,MT,Liberty,$4.509,2026-09-28
Montana,MT,Lincoln,$4.693,2026-09-28
Montana,MT,Madison,$4.579,2026-09-28
Montana,MT,McCone,$4.454,2026-09-28
Montana,MT,Meagher,$4.629,2026-09-28
Montana,MT,Mineral,$4.685,2026-09-28
Montana,MT,Missoula,$4.578,2026-09-28
Montana,MT,Musselshell,$4.699,2026-09-28
Montana,MT,Park,$4.832,2026-09-28
Montana,MT,Petroleum,$4.989,2026-09-28
Montana,MT,Phillips,$4.499,2026-09-28
Montana,MT,Pondera,$4.624,2026-09-28
Montana,MT,Powder River,$4.714,2026-09-28
Montana,MT,Powell,$4.753,2026-09-28
Montana,MT,Prairie,$4.219,2026-09-28
Montana,MT,Ravalli,$4.534,2026-09-28
Montana,MT,Richland,$4.232,2026-09-28
Montana,MT,Roosevelt,$4.279,2026-09-28
Montana,MT,Rosebud,$4.449,2026-09-28
Montana,MT,Sanders,$4.708,2026-09-28
Montana,MT,Sheridan,$4.339,2026-09-28
Montana,MT,Silver Bow,$4.647,2026-09-28
Montana,MT,Stillwater,$4.588,2026-09-28
Montana,MT,Sweet Grass,$4.566,2026-09-28
Montana,MT,Teton,$4.616,2026-09-28
Montana,MT,Toole,$4.519,2026-09-28
Montana,MT,Treasure,$4.429,2026-09-28
Montana,MT,Valley,$4.449,2026-09-28
Montana,MT,Wheatland,$4.836,2026-09-28
Montana,MT,Wibaux,$4.359,2026-09-28
Montana,MT,Yellowstone,$4.556,2026-09-28
Nebraska,NE,Adams,$4.261,2026-09-28
Nebraska,NE,Antelope,$4.192,2026-09-28
Nebraska,NE,Arthur,,2026-09-28
Nebraska,NE,Banner,,2026-09-28
Nebraska,NE,Blaine,,2026-09-28
Nebraska,NE,Boone,$4.149,2026-09-28
Nebraska,NE,Box Butte,$4.426,2026-09-28
Nebraska,NE,Boyd,$4.199,2026-09-28
Nebraska,NE,Brown,$4.599,2026-09-28
Nebraska,NE,Buffalo,$4.454,2026-09-28
Nebraska,NE,Burt,$4.249,2026-09-28
Nebraska,NE,Butler,$4.324,2026-09-28
Nebraska,NE,Cass,$4.476,2026-09-28
Nebraska,NE,Cedar,$4.349,2026-09-28
Nebraska,NE,Chase,$4.369,2026-09-28
Nebraska,NE,Cherry,$4.479,2026-09-28
Nebraska,NE,Cheyenne,$4.246,2026-09-28
Nebraska,NE,Clay,$4.274,2026-09-28
Nebraska,NE,Colfax,$4.149,2026-09-28
Nebraska,NE,Cuming,$4.417,2026-09-28
Nebraska,NE,Custer,$4.299,2026-09-28
Nebraska,NE,Dakota,$4.162,2026-09-28
Nebraska,NE,Dawes,$4.369,2026-09-28
Nebraska,NE,Dawson,$4.330,2026-09-28
Nebraska,NE,Deuel,$4.332,2026-09-28
Nebraska,NE,Dixon,,2026-09-28
Nebraska,NE,Dodge,$4.351,2026-09-28
Nebraska,NE,Douglas,$4.305,2026-09-28
Nebraska,NE,Dundy,$4.459,2026-09-28
Nebraska,NE,Fillmore,$4.385,2026-09-28
Nebraska,NE,Franklin,$4.199,2026-09-28
Nebraska,NE,Frontier,$4.724,2026-09-28
Nebraska,NE,Furnas,$4.596,2026-09-28
Nebraska,NE,Gage,$4.426,2026-09-28
Nebraska,NE,Garden,,2026-09-28
Nebraska,NE,Garfield,,2026-09-28
Nebraska,NE,Gosper,,2026-09-28
Nebraska,NE,Grant,$4.499,2026-09-28
Nebraska,NE,Greeley,$4.199,2026-09-28
Nebraska,NE,Hall,$4.360,2026-09-28
Nebraska,NE,Hamilton,$4.174,2026-09-28
Nebraska,NE,Harlan,$4.299,2026-09-28
Nebraska,NE,Hayes,,2026-09-28
Nebraska,NE,Hitchcock,$4.799,2026-09-28
Nebraska,NE,Holt,$4.232,2026-09-28
Nebraska,NE,Hooker,$4.299,2026-09-28
Nebraska,NE,Howard,$4.349,2026-09-28
Nebraska,NE,Jefferson,$4.382,2026-09-28
Nebraska,NE,Johnson,$4.199,2026-09-28
Nebraska,NE,Kearney,$4.316,2026-09-28
Nebraska,NE,Keith,$4.262,2026-09-28
Nebraska,NE,Keya Paha,$4.899,2026-09-28
Nebraska,NE,Kimball,$4.544,2026-09-28
Nebraska,NE,Knox,$3.999,2026-09-28
Nebraska,NE,Lancaster,$4.389,2026-09-28
Nebraska,NE,Lincoln,$4.345,2026-09-28
Nebraska,NE,Logan,$4.594,2026-09-28
Nebraska,NE,Loup,,2026-09-28
Nebraska,NE,Madison,$4.227,2026-09-28
Nebraska,NE,McPherson,,2026-09-28
Nebraska,NE,Merrick,$4.451,2026-09-28
Nebraska,NE,Morrill,$4.392,2026-09-28
Nebraska,NE,Nance,$4.449,2026-09-28
Nebraska,NE,Nemaha,$4.166,2026-09-28
Nebraska,NE,Nuckolls,$4.199,2026-09-28
Nebraska,NE,Otoe,$4.270,2026-09-28
Nebraska,NE,Pawnee,$4.199,2026-09-28
Nebraska,NE,Perkins,$4.746,2026-09-28
Nebraska,NE,Phelps,$4.389,2026-09-28
Nebraska,NE,Pierce,$4.116,2026-09-28
Nebraska,NE,Platte,$4.095,2026-09-28
Nebraska,NE,Polk,$4.399,2026-09-28
Nebraska,NE,Red Willow,$4.476,2026-09-28
Nebraska,NE,Richardson,$4.299,2026-09-28
Nebraska,NE,Rock,,2026-09-28
Nebraska,NE,Saline,$4.399,2026-09-28
Nebraska,NE,Sarpy,$4.366,2026-09-28
Nebraska,NE,Saunders,$4.293,2026-09-28
Nebraska,NE,Scotts Bluff,$4.203,2026-09-28
Nebraska,NE,Seward,$4.299,2026-09-28
Nebraska,NE,Sheridan,$4.399,2026-09-28
Nebraska,NE,Sherman,$5.249,2026-09-28
Nebraska,NE,Sioux,,2026-09-28
Nebraska,NE,Stanton,$4.179,2026-09-28
Nebraska,NE,Thayer,$4.399,2026-09-28
Nebraska,NE,Thomas,,2026-09-28
Nebraska,NE,Thurston,$4.699,2026-09-28
Nebraska,NE,Valley,$4.299,2026-09-28
Nebraska,NE,Washington,$4.304,2026-09-28
Nebraska,NE,Wayne,$4.326,2026-09-28
Nebraska,NE,Webster,$4.399,2026-09-28
Nebraska,NE,Wheeler,,2026-09-28
Nebraska,NE,York,$4.158,2026-09-28
Nevada,NV,Carson City,$5.200,2026-09-28
Nevada,NV,Churchill,$5.243,2026-09-28
Nevada,NV,Clark,$5.483,2026-09-28
Nevada,NV,Douglas,$5.353,2026-09-28
Nevada,NV,Elko,$5.066,2026-09-28
Nevada,NV,Esmeralda,$5.489,2026-09-28
Nevada,NV,Eureka,$5.099,2026-09-28
Nevada,NV,Humboldt,$5.317,2026-09-28
Nevada,NV,Lander,$5.284,2026-09-28
Nevada,NV,Lincoln,$5.457,2026-09-28
Nevada,NV,Lyon,$5.135,2026-09-28
Nevada,NV,Mineral,$5.939,2026-09-28
Nevada,NV,Nye,$5.159,2026-09-28
Nevada,NV,Pershing,$5.156,2026-09-28
Nevada,NV,Storey,$5.049,2026-09-28
Nevada,NV,Washoe,$5.823,2026-09-28
Nevada,NV,White Pine,$4.974,2026-09-28
New Hampshire,NH,Belknap,$4.358,2026-09-28
New Hampshire,NH,Carroll,$4.368,2026-09-28
New Hampshire,NH,Cheshire,$4.389,2026-09-28
New Hampshire,NH,Coos,$4.414,2026-09-28
New Hampshire,NH,Grafton,$4.365,2026-09-28
New Hampshire,NH,Hillsborough,$4.339,2026-09-28
New Hampshire,NH,Merrimack,$4.372,2026-09-28
New Hampshire,NH,Rockingham,$4.385,2026-09-28
New Hampshire,NH,Strafford,$4.380,2026-09-28
New Hampshire,NH,Sullivan,$4.373,2026-09-28
New Jersey,NJ,Atlantic,$4.361,2026-09-28
New Jersey,NJ,Bergen,$4.372,2026-09-28
New Jersey,NJ,Burlington,$4.345,2026-09-28
New Jersey,NJ,Camden,$4.319,2026-09-28
New Jersey,NJ,Cape May,$4.502,2026-09-28
New Jersey,NJ,Cumberland,$4.396,2026-09-28
New Jersey,NJ,Essex,$4.511,2026-09-28
New Jersey,NJ,Gloucester,$4.389,2026-09-28
New Jersey,NJ,Hudson,$4.413,2026-09-28
New Jersey,NJ,Hunterdon,$4.403,2026-09-28
New Jersey,NJ,Mercer,$4.347,2026-09-28
New Jersey,NJ,Middlesex,$4.372,2026-09-28
New Jersey,NJ,Monmouth,$4.381,2026-09-28
New Jersey,NJ,Morris,$4.359,2026-09-28
New Jersey,NJ,Ocean,$4.367,2026-09-28
New Jersey,NJ,Passaic,$4.410,2026-09-28
New Jersey,NJ,Salem,$4.337,2026-09-28
New Jersey,NJ,Somerset,$4.434,2026-09-28
New Jersey,NJ,Sussex,$4.335,2026-09-28
New Jersey,NJ,Union,$4.398,2026-09-28
New Jersey,NJ,Warren,$4.297,2026-09-28
New Mexico,NM,Bernalillo,$4.531,2026-09-28
New Mexico,NM,Catron,$4.931,2026-09-28
New Mexico,NM,Chaves,$4.359,2026-09-28
New Mexico,NM,Cibola,$4.533,2026-09-28
New Mexico,NM,Colfax,$4.462,2026-09-28
New Mexico,NM,Curry,$4.171,2026-09-28
New Mexico,NM,De Baca,$4.399,2026-09-28
New Mexico,NM,Dona Ana,$4.526,2026-09-28
New Mexico,NM,Eddy,$4.396,2026-09-28
New Mexico,NM,Grant,$4.570,2026-09-28
New Mexico,NM,Guadalupe,$4.488,2026-09-28
New Mexico,NM,Harding,$5.209,2026-09-28
New Mexico,NM,Hidalgo,$4.603,2026-09-28
New Mexico,NM,Lea,$4.314,2026-09-28
New Mexico,NM,Lincoln,$4.490,2026-09-28
New Mexico,NM,Los Alamos,$4.679,2026-09-28
New Mexico,NM,Luna,$4.710,2026-09-28
New Mexico,NM,McKinley,$4.484,2026-09-28
New Mexico,NM,Mora,$4.599,2026-09-28
New Mexico,NM,Otero,$4.111,2026-09-28
New Mexico,NM,Quay,$4.211,2026-09-28
New Mexico,NM,Rio Arriba,$4.530,2026-09-28
New Mexico,NM,Roosevelt,$4.237,2026-09-28
New Mexico,NM,San Juan,$4.910,2026-09-28
New Mexico,NM,San Miguel,$4.656,2026-09-28
New Mexico,NM,Sandoval,$4.569,2026-09-28
New Mexico,NM,Santa Fe,$4.627,2026-09-28
New Mexico,NM,Sierra,$4.488,2026-09-28
New Mexico,NM,Socorro,$4.412,2026-09-28
New Mexico,NM,Taos,$4.688,2026-09-28
New Mexico,NM,Torrance,$4.337,2026-09-28
New Mexico,NM,Union,$4.322,2026-09-28
New Mexico,NM,Valencia,$4.421,2026-09-28
New York,NY,Albany,$4.437,2026-09-28
New York,NY,Allegany,$4.432,2026-09-28
New York,NY,Bronx,$4.562,2026-09-28
New York,NY,Broome,$4.498,2026-09-28
New York,NY,Cattaraugus,$4.369,2026-09-28
New York,NY,Cayuga,$4.342,2026-09-28
New York,NY,Chautauqua,$4.431,2026-09-28
New York,NY,Chemung,$4.366,2026-09-28
New York,NY,Chenango,$4.472,2026-09-28
New York,NY,Clinton,$4.595,2026-09-28
New York,NY,Columbia,$4.439,2026-09-28
New York,NY,Cortland,$4.427,2026-09-28
New York,NY,Delaware,$4.511,2026-09-28
New York,NY,Dutchess,$4.479,2026-09-28
New York,NY,Erie,$4.428,2026-09-28
New York,NY,Essex,$4.788,2026-09-28
New York,NY,Franklin,$4.724,2026-09-28
New York,NY,Fulton,$4.482,2026-09-28
New York,NY,Genesee,$4.429,2026-09-28
New York,NY,Greene,$4.458,2026-09-28
New York,NY,Hamilton,$4.845,2026-09-28
New York,NY,Herkimer,$4.450,2026-09-28
New York,NY,Jefferson,$4.576,2026-09-28
New York,NY,Kings,$4.561,2026-09-28
New York,NY,Lewis,$4.602,2026-09-28
New York,NY,Livingston,$4.452,2026-09-28
New York,NY,Madison,$4.363,2026-09-28
New York,NY,Monroe,$4.431,2026-09-28
New York,NY,Montgomery,$4.420,2026-09-28
New York,NY,Nassau,$4.468,2026-09-28
New York,NY,New York,$4.648,2026-09-28
New York,NY,Niagara,$4.393,2026-09-28
New York,NY,Oneida,$4.476,2026-09-28
New York,NY,Onondaga,$4.398,2026-09-28
New York,NY,Ontario,$4.418,2026-09-28
New York,NY,Orange,$4.436,2026-09-28
New York,NY,Orleans,$4.431,2026-09-28
New York,NY,Oswego,$4.365,2026-09-28
New York,NY,Otsego,$4.523,2026-09-28
New York,NY,Putnam,$4.475,2026-09-28
New York,NY,Queens,$4.564,2026-09-28
New York,NY,Rensselaer,$4.450,2026-09-28
New York,NY,Richmond,$4.580,2026-09-28
New York,NY,Rockland,$4.657,2026-09-28
New York,NY,Saratoga,$4.457,2026-09-28
New York,NY,Schenectady,$4.407,2026-09-28
New York,NY,Schoharie,$4.431,2026-09-28
New York,NY,Schuyler,$4.455,2026-09-28
New York,NY,Seneca,$4.352,2026-09-28
New York,NY,Saint Lawrence,$4.770,2026-09-28
New York,NY,Steuben,$4.424,2026-09-28
New York,NY,Suffolk,$4.471,2026-09-28
New York,NY,Sullivan,$4.443,2026-09-28
New York,NY,Tioga,$4.465,2026-09-28
New York,NY,Tompkins,$4.449,2026-09-28
New York,NY,Ulster,$4.410,2026-09-28
New York,NY,Warren,$4.499,2026-09-28
New York,NY,Washington,$4.455,2026-09-28
New York,NY,Wayne,$4.432,2026-09-28
New York,NY,Westchester,$4.684,2026-09-28
New York,NY,Wyoming,$4.427,2026-09-28
New York,NY,Yates,$4.411,2026-09-28
North Carolina,NC,Alamance,$4.152,2026-09-28
North Carolina,NC,Alexander,$4.072,2026-09-28
North Carolina,NC,Alleghany,$4.114,2026-09-28
North Carolina,NC,Anson,$4.113,2026-09-28
North Carolina,NC,Ashe,$4.002,2026-09-28
North Carolina,NC,Avery,$4.247,2026-09-28
North Carolina,NC,Beaufort,$4.085,2026-09-28
North Carolina,NC,Bertie,$4.179,2026-09-28
North Carolina,NC,Bladen,$4.018,2026-09-28
North Carolina,NC,Brunswick,$4.085,2026-09-28
North Carolina,NC,Buncombe,$4.207,2026-09-28
North Carolina,NC,Burke,$4.124,2026-09-28
North Carolina,NC,Cabarrus,$4.151,2026-09-28
North Carolina,NC,Caldwell,$4.062,2026-09-28
North Carolina,NC,Camden,$4.224,2026-09-28
North Carolina,NC,Carteret,$4.116,2026-09-28
North Carolina,NC,Caswell,$4.232,2026-09-28
North Carolina,NC,Catawba,$4.027,2026-09-28
North Carolina,NC,Chatham,$4.179,2026-09-28
North Carolina,NC,Cherokee,$4.197,2026-09-28
North Carolina,NC,Chowan,$4.214,2026-09-28
North Carolina,NC,Clay,$4.079,2026-09-28
North Carolina,NC,Cleveland,$4.165,2026-09-28
North Carolina,NC,Columbus,$4.041,2026-09-28
North Carolina,NC,Craven,$4.114,2026-09-28
North Carolina,NC,Cumberland,$4.093,2026-09-28
North Carolina,NC,Currituck,$4.200,2026-09-28
North Carolina,NC,Dare,$4.252,2026-09-28
North Carolina,NC,Davidson,$4.122,2026-09-28
North Carolina,NC,Davie,$4.148,2026-09-28
North Carolina,NC,Duplin,$4.131,2026-09-28
North Carolina,NC,Durham,$4.159,2026-09-28
North Carolina,NC,Edgecombe,$4.151,2026-09-28
North Carolina,NC,Forsyth,$4.131,2026-09-28
North Carolina,NC,Franklin,$4.126,2026-09-28
North Carolina,NC,Gaston,$4.193,2026-09-28
North Carolina,NC,Gates,$4.223,2026-09-28
North Carolina,NC,Graham,$4.232,2026-09-28
North Carolina,NC,Granville,$4.200,2026-09-28
North Carolina,NC,Greene,$4.157,2026-09-28
North Carolina,NC,Guilford,$4.153,2026-09-28
North Carolina,NC,Halifax,$4.111,2026-09-28
North Carolina,NC,Harnett,$4.080,2026-09-28
North Carolina,NC,Haywood,$4.195,2026-09-28
North Carolina,NC,Henderson,$4.203,2026-09-28
North Carolina,NC,Hertford,$4.148,2026-09-28
North Carolina,NC,Hoke,$4.162,2026-09-28
North Carolina,NC,Hyde,$4.299,2026-09-28
North Carolina,NC,Iredell,$4.177,2026-09-28
North Carolina,NC,Jackson,$4.234,2026-09-28
North Carolina,NC,Johnston,$4.114,2026-09-28
North Carolina,NC,Jones,$4.149,2026-09-28
North Carolina,NC,Lee,$4.109,2026-09-28
North Carolina,NC,Lenoir,$4.093,2026-09-28
North Carolina,NC,Lincoln,$4.112,2026-09-28
North Carolina,NC,Macon,$4.273,2026-09-28
North Carolina,NC,Madison,$4.203,2026-09-28
North Carolina,NC,Martin,$4.061,2026-09-28
North Carolina,NC,McDowell,$4.120,2026-09-28
North Carolina,NC,Mecklenburg,$4.206,2026-09-28
North Carolina,NC,Mitchell,$4.166,2026-09-28
North Carolina,NC,Montgomery,$4.149,2026-09-28
North Carolina,NC,Moore,$4.131,2026-09-28
North Carolina,NC,Nash,$4.142,2026-09-28
North Carolina,NC,New Hanover,$4.054,2026-09-28
North Carolina,NC,Northampton,$4.155,2026-09-28
North Carolina,NC,Onslow,$4.050,2026-09-28
North Carolina,NC,Orange,$4.207,2026-09-28
North Carolina,NC,Pamlico,$4.162,2026-09-28
North Carolina,NC,Pasquotank,$4.154,2026-09-28
North Carolina,NC,Pender,$4.114,2026-09-28
North Carolina,NC,Perquimans,$4.176,2026-09-28
North Carolina,NC,Person,$4.215,2026-09-28
North Carolina,NC,Pitt,$4.030,2026-09-28
North Carolina,NC,Polk,$4.283,2026-09-28
North Carolina,NC,Randolph,$4.143,2026-09-28
North Carolina,NC,Richmond,$4.164,2026-09-28
North Carolina,NC,Robeson,$4.086,2026-09-28
North Carolina,NC,Rockingham,$4.162,2026-09-28
North Carolina,NC,Rowan,$4.153,2026-09-28
North Carolina,NC,Rutherford,$4.143,2026-09-28
North Carolina,NC,Sampson,$4.032,2026-09-28
North Carolina,NC,Scotland,$4.045,2026-09-28
North Carolina,NC,Stanly,$4.135,2026-09-28
North Carolina,NC,Stokes,$4.166,2026-09-28
North Carolina,NC,Surry,$4.112,2026-09-28
North Carolina,NC,Swain,$4.178,2026-09-28
North Carolina,NC,Transylvania,$4.300,2026-09-28
North Carolina,NC,Tyrrell,$4.134,2026-09-28
North Carolina,NC,Union,$4.140,2026-09-28
North Carolina,NC,Vance,$4.193,2026-09-28
North Carolina,NC,Wake,$4.160,2026-09-28
North Carolina,NC,Warren,$4.182,2026-09-28
North Carolina,NC,Washington,$4.011,2026-09-28
North Carolina,NC,Watauga,$4.174,2026-09-28
North Carolina,NC,Wayne,$4.056,2026-09-28
North Carolina,NC,Wilkes,$4.134,2026-09-28
North Carolina,NC,Wilson,$4.087,2026-09-28
North Carolina,NC,Yadkin,$4.131,2026-09-28
North Carolina,NC,Yancey,$4.116,2026-09-28
North Dakota,ND,Adams,$4.349,2026-09-28
North Dakota,ND,Barnes,$4.289,2026-09-28
North Dakota,ND,Benson,$4.216,2026-09-28
North Dakota,ND,Billings,$4.399,2026-09-28
North Dakota,ND,Bottineau,$4.277,2026-09-28
North Dakota,ND,Bowman,$4.387,2026-09-28
North Dakota,ND,Burke,$4.284,2026-09-28
North Dakota,ND,Burleigh,$4.271,2026-09-28
North Dakota,ND,Cass,$4.093,2026-09-28
North Dakota,ND,Cavalier,$4.199,2026-09-28
North Dakota,ND,Dickey,$4.359,2026-09-28
North Dakota,ND,Divide,$4.199,2026-09-28
North Dakota,ND,Dunn,$4.539,2026-09-28
North Dakota,ND,Eddy,$4.199,2026-09-28
North Dakota,ND,Emmons,$4.299,2026-09-28
North Dakota,ND,Foster,$4.299,2026-09-28
North Dakota,ND,Golden Valley,$4.269,2026-09-28
North Dakota,ND,Grand Forks,$4.238,2026-09-28
North Dakota,ND,Grant,,2026-09-28
North Dakota,ND,Griggs,$4.529,2026-09-28
North Dakota,ND,Hettinger,$4.332,2026-09-28
North Dakota,ND,Kidder,$4.199,2026-09-28
North Dakota,ND,LaMoure,$4.299,2026-09-28
North Dakota,ND,Logan,,2026-09-28
North Dakota,ND,McHenry,$4.314,2026-09-28
North Dakota,ND,McIntosh,$4.299,2026-09-28
North Dakota,ND,McKenzie,$4.380,2026-09-28
North Dakota,ND,McLean,$4.269,2026-09-28
North Dakota,ND,Mercer,$4.296,2026-09-28
North Dakota,ND,Morton,$4.217,2026-09-28
North Dakota,ND,Mountrail,$4.300,2026-09-28
North Dakota,ND,Nelson,$4.299,2026-09-28
North Dakota,ND,Oliver,$4.199,2026-09-28
North Dakota,ND,Pembina,$4.292,2026-09-28
North Dakota,ND,Pierce,$4.299,2026-09-28
North Dakota,ND,Ramsey,$4.319,2026-09-28
North Dakota,ND,Ransom,$4.239,2026-09-28
North Dakota,ND,Renville,$4.299,2026-09-28
North Dakota,ND,Richland,$4.221,2026-09-28
North Dakota,ND,Rolette,$4.282,2026-09-28
North Dakota,ND,Sargent,$4.199,2026-09-28
North Dakota,ND,Sheridan,$4.199,2026-09-28
North Dakota,ND,Sioux,$4.399,2026-09-28
North Dakota,ND,Slope,,2026-09-28
North Dakota,ND,Stark,$4.298,2026-09-28
North Dakota,ND,Steele,$4.199,2026-09-28
North Dakota,ND,Stutsman,$4.228,2026-09-28
North Dakota,ND,Towner,$4.199,2026-09-28
North Dakota,ND,Traill,$4.199,2026-09-28
North Dakota,ND,Walsh,$4.258,2026-09-28
North Dakota,ND,Ward,$4.281,2026-09-28
North Dakota,ND,Wells,$4.287,2026-09-28
North Dakota,ND,Williams,$4.279,2026-09-28
Ohio,OH,Adams,$4.595,2026-09-28
Ohio,OH,Allen,$4.182,2026-09-28
Ohio,OH,Ashland,$4.244,2026-09-28
Ohio,OH,Ashtabula,$4.388,2026-09-28
Ohio,OH,Athens,$4.561,2026-09-28
Ohio,OH,Auglaize,$4.293,2026-09-28
Ohio,OH,Belmont,$4.338,2026-09-28
Ohio,OH,Brown,$4.508,2026-09-28
Ohio,OH,Butler,$4.163,2026-09-28
Ohio,OH,Carroll,$4.376,2026-09-28
Ohio,OH,Champaign,$4.345,2026-09-28
Ohio,OH,Clark,$4.286,2026-09-28
Ohio,OH,Clermont,$4.310,2026-09-28
Ohio,OH,Clinton,$4.408,2026-09-28
Ohio,OH,Columbiana,$4.225,2026-09-28
Ohio,OH,Coshocton,$4.236,2026-09-28
Ohio,OH,Crawford,$4.262,2026-09-28
Ohio,OH,Cuyahoga,$4.418,2026-09-28
Ohio,OH,Darke,$4.226,2026-09-28
Ohio,OH,Defiance,$4.257,2026-09-28
Ohio,OH,Delaware,$4.377,2026-09-28
Ohio,OH,Erie,$4.401,2026-09-28
Ohio,OH,Fairfield,$4.202,2026-09-28
Ohio,OH,Fayette,$4.410,2026-09-28
Ohio,OH,Franklin,$4.295,2026-09-28
Ohio,OH,Fulton,$4.262,2026-09-28
Ohio,OH,Gallia,$4.490,2026-09-28
Ohio,OH,Geauga,$4.481,2026-09-28
Ohio,OH,Greene,$4.267,2026-09-28
Ohio,OH,Guernsey,$4.329,2026-09-28
Ohio,OH,Hamilton,$4.352,2026-09-28
Ohio,OH,Hancock,$4.203,2026-09-28
Ohio,OH,Hardin,$4.362,2026-09-28
Ohio,OH,Harrison,$4.442,2026-09-28
Ohio,OH,Henry,$4.181,2026-09-28
Ohio,OH,Highland,$4.356,2026-09-28
Ohio,OH,Hocking,$4.391,2026-09-28
Ohio,OH,Holmes,$4.374,2026-09-28
Ohio,OH,Huron,$4.439,2026-09-28
Ohio,OH,Jackson,$4.397,2026-09-28
Ohio,OH,Jefferson,$4.447,2026-09-28
Ohio,OH,Knox,$4.299,2026-09-28
Ohio,OH,Lake,$4.300,2026-09-28
Ohio,OH,Lawrence,$4.237,2026-09-28
Ohio,OH,Licking,$4.391,2026-09-28
Ohio,OH,Logan,$4.287,2026-09-28
Ohio,OH,Lorain,$4.317,2026-09-28
Ohio,OH,Lucas,$4.268,2026-09-28
Ohio,OH,Madison,$4.472,2026-09-28
Ohio,OH,Mahoning,$4.318,2026-09-28
Ohio,OH,Marion,$4.400,2026-09-28
Ohio,OH,Medina,$4.360,2026-09-28
Ohio,OH,Meigs,$4.378,2026-09-28
Ohio,OH,Mercer,$4.275,2026-09-28
Ohio,OH,Miami,$4.292,2026-09-28
Ohio,OH,Monroe,$4.525,2026-09-28
Ohio,OH,Montgomery,$4.260,2026-09-28
Ohio,OH,Morgan,$4.484,2026-09-28
Ohio,OH,Morrow,$4.510,2026-09-28
Ohio,OH,Muskingum,$4.173,2026-09-28
Ohio,OH,Noble,$4.599,2026-09-28
Ohio,OH,Ottawa,$4.461,2026-09-28
Ohio,OH,Paulding,$4.473,2026-09-28
Ohio,OH,Perry,$4.365,2026-09-28
Ohio,OH,Pickaway,$4.473,2026-09-28
Ohio,OH,Pike,$4.541,2026-09-28
Ohio,OH,Portage,$4.317,2026-09-28
Ohio,OH,Preble,$4.327,2026-09-28
Ohio,OH,Putnam,$4.430,2026-09-28
Ohio,OH,Richland,$4.233,2026-09-28
Ohio,OH,Ross,$4.349,2026-09-28
Ohio,OH,Sandusky,$4.359,2026-09-28
Ohio,OH,Scioto,$4.409,2026-09-28
Ohio,OH,Seneca,$4.303,2026-09-28
Ohio,OH,Shelby,$4.190,2026-09-28
Ohio,OH,Stark,$4.256,2026-09-28
Ohio,OH,Summit,$4.193,2026-09-28
Ohio,OH,Trumbull,$4.230,2026-09-28
Ohio,OH,Tuscarawas,$4.333,2026-09-28
Ohio,OH,Union,$4.500,2026-09-28
Ohio,OH,Van Wert,$4.184,2026-09-28
Ohio,OH,Vinton,$4.416,2026-09-28
Ohio,OH,Warren,$4.162,2026-09-28
Ohio,OH,Washington,$4.501,2026-09-28
Ohio,OH,Wayne,$4.331,2026-09-28
Ohio,OH,Williams,$4.249,2026-09-28
Ohio,OH,Wood,$4.276,2026-09-28
Ohio,OH,Wyandot,$4.360,2026-09-28
Oklahoma,OK,Adair,$3.874,2026-09-28
Oklahoma,OK,Alfalfa,$4.042,2026-09-28
Oklahoma,OK,Atoka,$4.046,2026-09-28
Oklahoma,OK,Beaver,$4.249,2026-09-28
Oklahoma,OK,Beckham,$4.045,2026-09-28
Oklahoma,OK,Blaine,$4.202,2026-09-28
Oklahoma,OK,Bryan,$3.900,2026-09-28
Oklahoma,OK,Caddo,$4.150,2026-09-28
Oklahoma,OK,Canadian,$4.094,2026-09-28
Oklahoma,OK,Carter,$4.137,2026-09-28
Oklahoma,OK,Cherokee,$3.987,2026-09-28
Oklahoma,OK,Choctaw,$4.063,2026-09-28
Oklahoma,OK,Cimarron,$4.109,2026-09-28
Oklahoma,OK,Cleveland,$4.167,2026-09-28
Oklahoma,OK,Coal,$4.604,2026-09-28
Oklahoma,OK,Comanche,$3.970,2026-09-28
Oklahoma,OK,Cotton,$4.072,2026-09-28
Oklahoma,OK,Craig,$3.895,2026-09-28
Oklahoma,OK,Creek,$4.210,2026-09-28
Oklahoma,OK,Custer,$4.050,2026-09-28
Oklahoma,OK,Delaware,$4.157,2026-09-28
Oklahoma,OK,Dewey,$4.416,2026-09-28
Oklahoma,OK,Ellis,$4.399,2026-09-28
Oklahoma,OK,Garfield,$4.124,2026-09-28
Oklahoma,OK,Garvin,$4.123,2026-09-28
Oklahoma,OK,Grady,$4.137,2026-09-28
Oklahoma,OK,Grant,$4.339,2026-09-28
Oklahoma,OK,Greer,$4.022,2026-09-28
Oklahoma,OK,Harmon,$3.989,2026-09-28
Oklahoma,OK,Harper,$4.057,2026-09-28
Oklahoma,OK,Haskell,$3.952,2026-09-28
Oklahoma,OK,Hughes,$4.397,2026-09-28
Oklahoma,OK,Jackson,$3.998,2026-09-28
Oklahoma,OK,Jefferson,$3.939,2026-09-28
Oklahoma,OK,Johnston,$4.059,2026-09-28
Oklahoma,OK,Kay,$4.131,2026-09-28
Oklahoma,OK,Kingfisher,$4.158,2026-09-28
Oklahoma,OK,Kiowa,$4.233,2026-09-28
Oklahoma,OK,Latimer,$4.042,2026-09-28
Oklahoma,OK,Le Flore,$4.067,2026-09-28
Oklahoma,OK,Lincoln,$4.380,2026-09-28
Oklahoma,OK,Logan,$4.380,2026-09-28
Oklahoma,OK,Love,$4.171,2026-09-28
Oklahoma,OK,Major,$4.132,2026-09-28
Oklahoma,OK,Marshall,$4.241,2026-09-28
Oklahoma,OK,Mayes,$4.046,2026-09-28
Oklahoma,OK,McClain,$4.402,2026-09-28
Oklahoma,OK,McCurtain,$4.160,2026-09-28
Oklahoma,OK,McIntosh,$3.999,2026-09-28
Oklahoma,OK,Murray,$4.142,2026-09-28
Oklahoma,OK,Muskogee,$4.100,2026-09-28
Oklahoma,OK,Noble,$4.089,2026-09-28
Oklahoma,OK,Nowata,$3.961,2026-09-28
Oklahoma,OK,Okfuskee,$3.996,2026-09-28
Oklahoma,OK,Oklahoma,$4.145,2026-09-28
Oklahoma,OK,Okmulgee,$4.027,2026-09-28
Oklahoma,OK,Osage,$4.212,2026-09-28
Oklahoma,OK,Ottawa,$3.972,2026-09-28
Oklahoma,OK,Pawnee,$4.190,2026-09-28
Oklahoma,OK,Payne,$4.140,2026-09-28
Oklahoma,OK,Pittsburg,$3.917,2026-09-28
Oklahoma,OK,Pontotoc,$4.113,2026-09-28
Oklahoma,OK,Pottawatomie,$4.033,2026-09-28
Oklahoma,OK,Pushmataha,$4.008,2026-09-28
Oklahoma,OK,Roger Mills,$4.372,2026-09-28
Oklahoma,OK,Rogers,$4.166,2026-09-28
Oklahoma,OK,Seminole,$3.954,2026-09-28
Oklahoma,OK,Sequoyah,$4.060,2026-09-28
Oklahoma,OK,Stephens,$4.064,2026-09-28
Oklahoma,OK,Texas,$4.035,2026-09-28
Oklahoma,OK,Tillman,$3.951,2026-09-28
Oklahoma,OK,Tulsa,$4.144,2026-09-28
Oklahoma,OK,Wagoner,$4.169,2026-09-28
Oklahoma,OK,Washington,$4.110,2026-09-28
Oklahoma,OK,Washita,$4.119,2026-09-28
Oklahoma,OK,Woods,$4.136,2026-09-28
Oklahoma,OK,Woodward,$4.155,2026-09-28
Oregon,OR,Baker,$5.018,2026-09-28
Oregon,OR,Benton,$4.911,2026-09-28
Oregon,OR,Clackamas,$5.102,2026-09-28
Oregon,OR,Clatsop,$5.219,2026-09-28
Oregon,OR,Columbia,$5.155,2026-09-28
Oregon,OR,Coos,$5.070,2026-09-28
Oregon,OR,Crook,$5.156,2026-09-28
Oregon,OR,Curry,$5.320,2026-09-28
Oregon,OR,Deschutes,$4.967,2026-09-28
Oregon,OR,Douglas,$5.041,2026-09-28
Oregon,OR,Gilliam,$4.949,2026-09-28
Oregon,OR,Grant,$5.145,2026-09-28
Oregon,OR,Harney,$5.196,2026-09-28
Oregon,OR,Hood River,$4.989,2026-09-28
Oregon,OR,Jackson,$5.093,2026-09-28
Oregon,OR,Jefferson,$5.009,2026-09-28
Oregon,OR,Josephine,$5.201,2026-09-28
Oregon,OR,Klamath,$5.003,2026-09-28
Oregon,OR,Lake,$5.074,2026-09-28
Oregon,OR,Lane,$5.082,2026-09-28
Oregon,OR,Lincoln,$4.877,2026-09-28
Oregon,OR,Linn,$4.939,2026-09-28
Oregon,OR,Malheur,$5.227,2026-09-28
Oregon,OR,Marion,$4.878,2026-09-28
Oregon,OR,Morrow,$4.872,2026-09-28
Oregon,OR,Multnomah,$5.151,2026-09-28
Oregon,OR,Polk,$4.952,2026-09-28
Oregon,OR,Sherman,$4.866,2026-09-28
Oregon,OR,Tillamook,$5.374,2026-09-28
Oregon,OR,Umatilla,$5.075,2026-09-28
Oregon,OR,Union,$5.369,2026-09-28
Oregon,OR,Wallowa,$5.399,2026-09-28
Oregon,OR,Wasco,$5.069,2026-09-28
Oregon,OR,Washington,$5.077,2026-09-28
Oregon,OR,Wheeler,,2026-09-28
Oregon,OR,Yamhill,$5.104,2026-09-28
Maryland,MD,Allegany,$4.487,2026-09-28
Maryland,MD,Anne Arundel,$4.373,2026-09-28
Maryland,MD,Baltimore City,$4.380,2026-09-28
Maryland,MD,Baltimore,$4.367,2026-09-28
Maryland,MD,Calvert,$4.316,2026-09-28
Maryland,MD,Cecil,$4.351,2026-09-28
Maryland,MD,Charles,$4.325,2026-09-28
Maryland,MD,Carroll,$4.306,2026-09-28
Maryland,MD,Caroline,$4.391,2026-09-28
Maryland,MD,Dorchester,$4.383,2026-09-28
Maryland,MD,Frederick,$4.339,2026-09-28
Maryland,MD,Garrett,$4.500,2026-09-28
Maryland,MD,Harford,$4.382,2026-09-28
Maryland,MD,Howard,$4.437,2026-09-28
Maryland,MD,Kent,$4.398,2026-09-28
Maryland,MD,Montgomery,$4.392,2026-09-28
Maryland,MD,Prince Georges,$4.376,2026-09-28
Maryland,MD,Queen Annes,$4.333,2026-09-28
Maryland,MD,Saint Marys,$4.374,2026-09-28
Maryland,MD,Somerset,$4.379,2026-09-28
Maryland,MD,Talbot,$4.403,2026-09-28
Maryland,MD,Washington,$4.164,2026-09-28
Maryland,MD,Wicomico,$4.367,2026-09-28
Maryland,MD,Worcester,$4.380,2026-09-28
Massachusetts,MA,Barnstable,$4.413,2026-09-28
Massachusetts,MA,Berkshire,$4.407,2026-09-28
Massachusetts,MA,Bristol,$4.271,2026-09-28
Massachusetts,MA,Dukes,$5.466,2026-09-28
Massachusetts,MA,Essex,$4.435,2026-09-28
Massachusetts,MA,Franklin,$4.340,2026-09-28
Massachusetts,MA,Hampden,$4.278,2026-09-28
Massachusetts,MA,Hampshire,$4.352,2026-09-28
Massachusetts,MA,Middlesex,$4.435,2026-09-28
Massachusetts,MA,Nantucket,$5.794,2026-09-28
Massachusetts,MA,Norfolk,$4.378,2026-09-28
Massachusetts,MA,Plymouth,$4.339,2026-09-28
Massachusetts,MA,Suffolk,$4.565,2026-09-28
Massachusetts,MA,Worcester,$4.397,2026-09-28
Michigan,MI,Alcona,$4.709,2026-09-28
Michigan,MI,Alger,$4.705,2026-09-28
Michigan,MI,Allegan,$4.736,2026-09-28
Michigan,MI,Alpena,$4.594,2026-09-28
Michigan,MI,Antrim,$4.672,2026-09-28
Michigan,MI,Arenac,$4.877,2026-09-28
Michigan,MI,Baraga,$4.513,2026-09-28
Michigan,MI,Barry,$4.800,2026-09-28
Michigan,MI,Bay,$4.732,2026-09-28
Michigan,MI,Benzie,$4.660,2026-09-28
Michigan,MI,Berrien,$4.712,2026-09-28
Michigan,MI,Branch,$4.683,2026-09-28
Michigan,MI,Calhoun,$4.625,2026-09-28
Michigan,MI,Cass,$4.607,2026-09-28
Michigan,MI,Charlevoix,$4.744,2026-09-28
Michigan,MI,Cheboygan,$4.794,2026-09-28
Michigan,MI,Chippewa,$4.842,2026-09-28
Michigan,MI,Clare,$4.683,2026-09-28
Michigan,MI,Clinton,$4.669,2026-09-28
Michigan,MI,Crawford,$4.901,2026-09-28
Michigan,MI,Delta,$4.603,2026-09-28
Michigan,MI,Dickinson,$4.508,2026-09-28
Michigan,MI,Eaton,$4.622,2026-09-28
Michigan,MI,Emmet,$4.683,2026-09-28
Michigan,MI,Genesee,$4.573,2026-09-28
Michigan,MI,Gladwin,$4.808,2026-09-28
Michigan,MI,Gogebic,$4.584,2026-09-28
Michigan,MI,Grand Traverse,$4.687,2026-09-28
Michigan,MI,Gratiot,$4.715,2026-09-28
Michigan,MI,Hillsdale,$4.449,2026-09-28
Michigan,MI,Houghton,$4.539,2026-09-28
Michigan,MI,Huron,$4.784,2026-09-28
Michigan,MI,Ingham,$4.690,2026-09-28
Michigan,MI,Ionia,$4.702,2026-09-28
Michigan,MI,Iosco,$4.836,2026-09-28
Michigan,MI,Iron,$4.686,2026-09-28
Michigan,MI,Isabella,$4.512,2026-09-28
Michigan,MI,Jackson,$4.684,2026-09-28
Michigan,MI,Kalamazoo,$4.726,2026-09-28
Michigan,MI,Kalkaska,$4.691,2026-09-28
Michigan,MI,Kent,$4.694,2026-09-28
Michigan,MI,Keweenaw,$4.549,2026-09-28
Michigan,MI,Lake,$4.726,2026-09-28
Michigan,MI,Lapeer,$4.672,2026-09-28
Michigan,MI,Leelanau,$4.611,2026-09-28
Michigan,MI,Lenawee,$4.538,2026-09-28
Michigan,MI,Livingston,$4.865,2026-09-28
Michigan,MI,Luce,$4.870,2026-09-28
Michigan,MI,Mackinac,$4.729,2026-09-28
Michigan,MI,Macomb,$4.704,2026-09-28
Michigan,MI,Manistee,$4.676,2026-09-28
Michigan,MI,Marquette,$4.593,2026-09-28
Michigan,MI,Mason,$4.534,2026-09-28
Michigan,MI,Mecosta,$4.689,2026-09-28
Michigan,MI,Menominee,$4.376,2026-09-28
Michigan,MI,Midland,$4.573,2026-09-28
Michigan,MI,Missaukee,$4.751,2026-09-28
Michigan,MI,Monroe,$4.578,2026-09-28
Michigan,MI,Montcalm,$4.624,2026-09-28
Michigan,MI,Montmorency,$4.575,2026-09-28
Michigan,MI,Muskegon,$4.577,2026-09-28
Michigan,MI,Newaygo,$4.563,2026-09-28
Michigan,MI,Oakland,$4.775,2026-09-28
Michigan,MI,Oceana,$4.563,2026-09-28
Michigan,MI,Ogemaw,$4.752,2026-09-28
Michigan,MI,Ontonagon,$4.694,2026-09-28
Michigan,MI,Osceola,$4.833,2026-09-28
Michigan,MI,Oscoda,$4.699,2026-09-28
Michigan,MI,Otsego,$4.599,2026-09-28
Michigan,MI,Ottawa,$4.671,2026-09-28
Michigan,MI,Presque Isle,$4.896,2026-09-28
Michigan,MI,Roscommon,$4.696,2026-09-28
Michigan,MI,Saginaw,$4.609,2026-09-28
Michigan,MI,Sanilac,$4.754,2026-09-28
Michigan,MI,Schoolcraft,$4.850,2026-09-28
Michigan,MI,Shiawassee,$4.602,2026-09-28
Michigan,MI,Saint Clair,$4.764,2026-09-28
Michigan,MI,Saint Joseph,$4.583,2026-09-28
Michigan,MI,Tuscola,$4.678,2026-09-28
Michigan,MI,Van Buren,$4.720,2026-09-28
Michigan,MI,Washtenaw,$4.726,2026-09-28
Michigan,MI,Wayne,$4.631,2026-09-28
Michigan,MI,Wexford,$4.543,2026-09-28
Minnesota,MN,Aitkin,$4.322,2026-09-28
Minnesota,MN,Anoka,$4.273,2026-09-28
Minnesota,MN,Becker,$4.437,2026-09-28
Minnesota,MN,Beltrami,$4.318,2026-09-28
Minnesota,MN,Benton,$4.288,2026-09-28
Minnesota,MN,Big Stone,$4.269,2026-09-28
Minnesota,MN,Blue Earth,$4.277,2026-09-28
Minnesota,MN,Brown,$4.478,2026-09-28
Minnesota,MN,Carlton,$4.330,2026-09-28
Minnesota,MN,Carver,$4.430,2026-09-28
Minnesota,MN,Cass,$4.267,2026-09-28
Minnesota,MN,Chippewa,$4.395,2026-09-28
Minnesota,MN,Chisago,$4.357,2026-09-28
Minnesota,MN,Clay,$4.147,2026-09-28
Minnesota,MN,Clearwater,$4.310,2026-09-28
Minnesota,MN,Cook,$4.529,2026-09-28
Minnesota,MN,Cottonwood,$4.499,2026-09-28
Minnesota,MN,Crow Wing,$4.232,2026-09-28
Minnesota,MN,Dakota,$4.381,2026-09-28
Minnesota,MN,Dodge,$4.499,2026-09-28
Minnesota,MN,Douglas,$4.192,2026-09-28
Minnesota,MN,Faribault,$4.372,2026-09-28
Minnesota,MN,Fillmore,$4.394,2026-09-28
Minnesota,MN,Freeborn,$4.323,2026-09-28
Minnesota,MN,Goodhue,$4.378,2026-09-28
Minnesota,MN,Grant,$4.297,2026-09-28
Minnesota,MN,Hennepin,$4.387,2026-09-28
Minnesota,MN,Houston,$4.370,2026-09-28
Minnesota,MN,Hubbard,$4.327,2026-09-28
Minnesota,MN,Isanti,$4.200,2026-09-28
Minnesota,MN,Itasca,$4.318,2026-09-28
Minnesota,MN,Jackson,$4.286,2026-09-28
Minnesota,MN,Kanabec,$4.309,2026-09-28
Minnesota,MN,Kandiyohi,$4.302,2026-09-28
Minnesota,MN,Kittson,$4.247,2026-09-28
Minnesota,MN,Koochiching,$4.282,2026-09-28
Minnesota,MN,Lac Qui Parle,$4.462,2026-09-28
Minnesota,MN,Lake,$4.460,2026-09-28
Minnesota,MN,Lake of the Woods,$4.289,2026-09-28
Minnesota,MN,Le Sueur,$4.356,2026-09-28
Minnesota,MN,Lincoln,$4.289,2026-09-28
Minnesota,MN,Lyon,$4.469,2026-09-28
Minnesota,MN,Mahnomen,$4.299,2026-09-28
Minnesota,MN,Marshall,$4.266,2026-09-28
Minnesota,MN,Martin,$4.175,2026-09-28
Minnesota,MN,McLeod,$4.234,2026-09-28
Minnesota,MN,Meeker,$4.384,2026-09-28
Minnesota,MN,Mille Lacs,$4.274,2026-09-28
Minnesota,MN,Morrison,$4.328,2026-09-28
Minnesota,MN,Mower,$4.258,2026-09-28
Minnesota,MN,Murray,$4.339,2026-09-28
Minnesota,MN,Nicollet,$4.377,2026-09-28
Minnesota,MN,Nobles,$4.340,2026-09-28
Minnesota,MN,Norman,$4.251,2026-09-28
Minnesota,MN,Olmsted,$4.389,2026-09-28
Minnesota,MN,Otter Tail,$4.296,2026-09-28
Minnesota,MN,Pennington,$4.299,2026-09-28
Minnesota,MN,Pine,$4.305,2026-09-28
Minnesota,MN,Pipestone,$4.337,2026-09-28
Minnesota,MN,Polk,$4.383,2026-09-28
Minnesota,MN,Pope,$4.282,2026-09-28
Minnesota,MN,Ramsey,$4.406,2026-09-28
Minnesota,MN,Red Lake,$4.362,2026-09-28
Minnesota,MN,Redwood,$4.305,2026-09-28
Minnesota,MN,Renville,$4.352,2026-09-28
Minnesota,MN,Rice,$4.343,2026-09-28
Minnesota,MN,Rock,$4.249,2026-09-28
Minnesota,MN,Roseau,$4.320,2026-09-28
Minnesota,MN,Scott,$4.341,2026-09-28
Minnesota,MN,Sherburne,$4.288,2026-09-28
Minnesota,MN,Sibley,$4.388,2026-09-28
Minnesota,MN,Saint Louis,$4.277,2026-09-28
Minnesota,MN,Stearns,$4.239,2026-09-28
Minnesota,MN,Steele,$4.242,2026-09-28
Minnesota,MN,Stevens,$4.239,2026-09-28
Minnesota,MN,Swift,$4.351,2026-09-28
Minnesota,MN,Todd,$4.347,2026-09-28
Minnesota,MN,Traverse,$4.354,2026-09-28
Minnesota,MN,Wabasha,$4.334,2026-09-28
Minnesota,MN,Wadena,$4.385,2026-09-28
Minnesota,MN,Waseca,$4.399,2026-09-28
Minnesota,MN,Washington,$4.349,2026-09-28
Minnesota,MN,Watonwan,$4.424,2026-09-28
Minnesota,MN,Wilkin,$4.207,2026-09-28
Minnesota,MN,Winona,$4.230,2026-09-28
Minnesota,MN,Wright,$4.284,2026-09-28
Minnesota,MN,Yellow Medicine,$4.455,2026-09-28
Mississippi,MS,Adams,$4.025,2026-09-28
Mississippi,MS,Alcorn,$3.959,2026-09-28
Mississippi,MS,Amite,$3.989,2026-09-28
Mississippi,MS,Attala,$4.037,2026-09-28
Mississippi,MS,Benton,$3.999,2026-09-28
Mississippi,MS,Bolivar,$3.940,2026-09-28
Mississippi,MS,Calhoun,$4.108,2026-09-28
Mississippi,MS,Carroll,$4.149,2026-09-28
Mississippi,MS,Chickasaw,$4.042,2026-09-28
Mississippi,MS,Choctaw,$4.149,2026-09-28
Mississippi,MS,Claiborne,$4.229,2026-09-28
Mississippi,MS,Clarke,$4.119,2026-09-28
Mississippi,MS,Clay,$4.062,2026-09-28
Mississippi,MS,Coahoma,$4.131,2026-09-28
Mississippi,MS,Copiah,$3.974,2026-09-28
Mississippi,MS,Covington,$3.977,2026-09-28
Mississippi,MS,De Soto,$4.013,2026-09-28
Mississippi,MS,Forrest,$3.882,2026-09-28
Mississippi,MS,Franklin,$4.044,2026-09-28
Mississippi,MS,George,$3.957,2026-09-28
Mississippi,MS,Greene,$3.995,2026-09-28
Mississippi,MS,Grenada,$3.898,2026-09-28
Mississippi,MS,Hancock,$3.983,2026-09-28
Mississippi,MS,Harrison,$3.920,2026-09-28
Mississippi,MS,Hinds,$3.972,2026-09-28
Mississippi,MS,Holmes,$3.993,2026-09-28
Mississippi,MS,Humphreys,$3.999,2026-09-28
Mississippi,MS,Issaquena,,2026-09-28
Mississippi,MS,Itawamba,$3.970,2026-09-28
Mississippi,MS,Jackson,$3.939,2026-09-28
Mississippi,MS,Jasper,$3.939,2026-09-28
Mississippi,MS,Jefferson,$3.999,2026-09-28
Mississippi,MS,Jefferson Davis,$3.999,2026-09-28
Mississippi,MS,Jones,$3.898,2026-09-28
Mississippi,MS,Kemper,$4.032,2026-09-28
Mississippi,MS,Lafayette,$4.210,2026-09-28
Mississippi,MS,Lamar,$3.931,2026-09-28
Mississippi,MS,Lauderdale,$4.087,2026-09-28
Mississippi,MS,Lawrence,$4.032,2026-09-28
Mississippi,MS,Leake,$3.949,2026-09-28
Mississippi,MS,Lee,$4.048,2026-09-28
Mississippi,MS,Leflore,$3.974,2026-09-28
Mississippi,MS,Lincoln,$3.952,2026-09-28
Mississippi,MS,Lowndes,$4.044,2026-09-28
Mississippi,MS,Madison,$4.015,2026-09-28
Mississippi,MS,Marion,$3.980,2026-09-28
Mississippi,MS,Marshall,$4.072,2026-09-28
Mississippi,MS,Monroe,$4.072,2026-09-28
Mississippi,MS,Montgomery,$3.999,2026-09-28
Mississippi,MS,Neshoba,$4.056,2026-09-28
Mississippi,MS,Newton,$4.066,2026-09-28
Mississippi,MS,Noxubee,$4.074,2026-09-28
Mississippi,MS,Oktibbeha,$4.049,2026-09-28
Mississippi,MS,Panola,$4.014,2026-09-28
Mississippi,MS,Pearl River,$3.946,2026-09-28
Mississippi,MS,Perry,$3.981,2026-09-28
Mississippi,MS,Pike,$3.948,2026-09-28
Mississippi,MS,Pontotoc,$4.024,2026-09-28
Mississippi,MS,Prentiss,$4.008,2026-09-28
Mississippi,MS,Quitman,$4.199,2026-09-28
Mississippi,MS,Rankin,$3.927,2026-09-28
Mississippi,MS,Scott,$4.161,2026-09-28
Mississippi,MS,Sharkey,$3.999,2026-09-28
Mississippi,MS,Simpson,$3.973,2026-09-28
Mississippi,MS,Smith,$3.992,2026-09-28
Mississippi,MS,Stone,$3.962,2026-09-28
Mississippi,MS,Sunflower,$4.046,2026-09-28
Mississippi,MS,Tallahatchie,$3.986,2026-09-28
Mississippi,MS,Tate,$4.082,2026-09-28
Mississippi,MS,Tippah,$4.104,2026-09-28
Mississippi,MS,Tishomingo,$4.062,2026-09-28
Mississippi,MS,Tunica,$4.181,2026-09-28
Mississippi,MS,Union,$3.989,2026-09-28
Mississippi,MS,Walthall,$4.089,2026-09-28
Mississippi,MS,Warren,$4.074,2026-09-28
Mississippi,MS,Washington,$4.014,2026-09-28
Mississippi,MS,Wayne,$4.001,2026-09-28
Mississippi,MS,Webster,$4.078,2026-09-28
Mississippi,MS,Wilkinson,$3.979,2026-09-28
Mississippi,MS,Winston,$4.044,2026-09-28
Mississippi,MS,Yalobusha,$4.113,2026-09-28
Mississippi,MS,Yazoo,$4.009,2026-09-28
Missouri,MO,Adair,$4.192,2026-09-28
Missouri,MO,Andrew,$4.186,2026-09-28
Missouri,MO,Atchison,$4.196,2026-09-28
Missouri,MO,Audrain,$4.159,2026-09-28
Missouri,MO,Barry,$4.138,2026-09-28
Missouri,MO,Barton,$4.238,2026-09-28
Missouri,MO,Bates,$4.305,2026-09-28
Missouri,MO,Benton,$4.153,2026-09-28
Missouri,MO,Bollinger,$4.239,2026-09-28
Missouri,MO,Boone,$4.188,2026-09-28
Missouri,MO,Buchanan,$4.183,2026-09-28
Missouri,MO,Butler,$4.199,2026-09-28
Missouri,MO,Caldwell,$4.251,2026-09-28
Missouri,MO,Callaway,$4.159,2026-09-28
Missouri,MO,Camden,$4.104,2026-09-28
Missouri,MO,Cape Girardeau,$4.196,2026-09-28
Missouri,MO,Carroll,$4.299,2026-09-28
Missouri,MO,Carter,$4.223,2026-09-28
Missouri,MO,Cass,$4.206,2026-09-28
Missouri,MO,Cedar,$4.229,2026-09-28
Missouri,MO,Chariton,$4.184,2026-09-28
Missouri,MO,Christian,$4.196,2026-09-28
Missouri,MO,Clark,$4.221,2026-09-28
Missouri,MO,Clay,$4.178,2026-09-28
Missouri,MO,Clinton,$4.239,2026-09-28
Missouri,MO,Cole,$4.197,2026-09-28
Missouri,MO,Cooper,$3.997,2026-09-28
Missouri,MO,Crawford,$4.162,2026-09-28
Missouri,MO,Dade,$4.099,2026-09-28
Missouri,MO,Dallas,$4.204,2026-09-28
Missouri,MO,Daviess,$4.222,2026-09-28
Missouri,MO,DeKalb,$4.232,2026-09-28
Missouri,MO,Dent,$4.289,2026-09-28
Missouri,MO,Douglas,$4.269,2026-09-28
Missouri,MO,Dunklin,$4.226,2026-09-28
Missouri,MO,Franklin,$4.064,2026-09-28
Missouri,MO,Gasconade,$4.200,2026-09-28
Missouri,MO,Gentry,$4.266,2026-09-28
Missouri,MO,Greene,$4.153,2026-09-28
Missouri,MO,Grundy,$4.139,2026-09-28
Missouri,MO,Harrison,$4.265,2026-09-28
Missouri,MO,Henry,$4.205,2026-09-28
Missouri,MO,Hickory,$4.221,2026-09-28
Missouri,MO,Holt,$4.239,2026-09-28
Missouri,MO,Howard,$4.156,2026-09-28
Missouri,MO,Howell,$4.208,2026-09-28
Missouri,MO,Iron,$4.299,2026-09-28
Missouri,MO,Jackson,$4.216,2026-09-28
Missouri,MO,Jasper,$4.081,2026-09-28
Missouri,MO,Jefferson,$3.999,2026-09-28
Missouri,MO,Johnson,$4.232,2026-09-28
Missouri,MO,Knox,$4.199,2026-09-28
Missouri,MO,Laclede,$4.228,2026-09-28
Missouri,MO,Lafayette,$4.218,2026-09-28
Missouri,MO,Lawrence,$4.199,2026-09-28
Missouri,MO,Lewis,$4.182,2026-09-28
Missouri,MO,Lincoln,$4.207,2026-09-28
Missouri,MO,Linn,$4.162,2026-09-28
Missouri,MO,Livingston,$4.307,2026-09-28
Missouri,MO,Macon,$4.188,2026-09-28
Missouri,MO,Madison,$4.129,2026-09-28
Missouri,MO,Maries,$4.241,2026-09-28
Missouri,MO,Marion,$4.127,2026-09-28
Missouri,MO,McDonald,$4.098,2026-09-28
Missouri,MO,Mercer,$4.114,2026-09-28
Missouri,MO,Miller,$4.168,2026-09-28
Missouri,MO,Mississippi,$4.099,2026-09-28
Missouri,MO,Moniteau,$4.199,2026-09-28
Missouri,MO,Monroe,$4.195,2026-09-28
Missouri,MO,Montgomery,$4.205,2026-09-28
Missouri,MO,Morgan,$4.140,2026-09-28
Missouri,MO,New Madrid,$4.159,2026-09-28
Missouri,MO,Newton,$4.140,2026-09-28
Missouri,MO,Nodaway,$4.211,2026-09-28
Missouri,MO,Oregon,$4.208,2026-09-28
Missouri,MO,Osage,$4.123,2026-09-28
Missouri,MO,Ozark,$4.299,2026-09-28
Missouri,MO,Pemiscot,$4.226,2026-09-28
Missouri,MO,Perry,$4.189,2026-09-28
Missouri,MO,Pettis,$4.139,2026-09-28
Missouri,MO,Phelps,$4.155,2026-09-28
Missouri,MO,Pike,$4.199,2026-09-28
Missouri,MO,Platte,$4.220,2026-09-28
Missouri,MO,Polk,$4.272,2026-09-28
Missouri,MO,Pulaski,$4.260,2026-09-28
Missouri,MO,Putnam,$4.199,2026-09-28
Missouri,MO,Ralls,$4.133,2026-09-28
Missouri,MO,Randolph,$4.152,2026-09-28
Missouri,MO,Ray,$4.234,2026-09-28
Missouri,MO,Reynolds,$4.282,2026-09-28
Missouri,MO,Ripley,$4.274,2026-09-28
Missouri,MO,Saline,$4.098,2026-09-28
Missouri,MO,Schuyler,$4.199,2026-09-28
Missouri,MO,Scotland,$4.199,2026-09-28
Missouri,MO,Scott,$4.201,2026-09-28
Missouri,MO,Shannon,$4.279,2026-09-28
Missouri,MO,Shelby,$4.199,2026-09-28
Missouri,MO,Saint Charles,$4.056,2026-09-28
Missouri,MO,Saint Clair,$4.257,2026-09-28
Missouri,MO,Saint Francois,$4.185,2026-09-28
Missouri,MO,Saint Louis,$4.135,2026-09-28
Missouri,MO,Saint Louis City,$4.144,2026-09-28
Missouri,MO,Sainte Genevieve,$4.088,2026-09-28
Missouri,MO,Stoddard,$4.173,2026-09-28
Missouri,MO,Stone,$4.242,2026-09-28
Missouri,MO,Sullivan,$4.199,2026-09-28
Missouri,MO,Taney,$4.272,2026-09-28
Missouri,MO,Texas,$4.278,2026-09-28
Missouri,MO,Vernon,$4.240,2026-09-28
Missouri,MO,Warren,$4.150,2026-09-28
Missouri,MO,Washington,$4.099,2026-09-28
Missouri,MO,Wayne,$4.259,2026-09-28
Missouri,MO,Webster,$4.226,2026-09-28
Missouri,MO,Worth,$4.229,2026-09-28
Missouri,MO,Wright,$4.297,2026-09-28
Pennsylvania,PA,Adams,$4.487,2026-09-28
Pennsylvania,PA,Allegheny,$4.744,2026-09-28
Pennsylvania,PA,Armstrong,$4.680,2026-09-28
Pennsylvania,PA,Beaver,$4.745,2026-09-28
Pennsylvania,PA,Bedford,$4.480,2026-09-28
Pennsylvania,PA,Berks,$4.466,2026-09-28
Pennsylvania,PA,Blair,$4.599,2026-09-28
Pennsylvania,PA,Bradford,$4.540,2026-09-28
Pennsylvania,PA,Bucks,$4.516,2026-09-28
Pennsylvania,PA,Butler,$4.728,2026-09-28
Pennsylvania,PA,Cambria,$4.609,2026-09-28
Pennsylvania,PA,Cameron,$4.402,2026-09-28
Pennsylvania,PA,Carbon,$4.434,2026-09-28
Pennsylvania,PA,Centre,$4.549,2026-09-28
Pennsylvania,PA,Chester,$4.487,2026-09-28
Pennsylvania,PA,Clarion,$4.683,2026-09-28
Pennsylvania,PA,Clearfield,$4.622,2026-09-28
Pennsylvania,PA,Clinton,$4.498,2026-09-28
Pennsylvania,PA,Columbia,$4.395,2026-09-28
Pennsylvania,PA,Crawford,$4.759,2026-09-28
Pennsylvania,PA,Cumberland,$4.366,2026-09-28
Pennsylvania,PA,Dauphin,$4.398,2026-09-28
Pennsylvania,PA,Delaware,$4.496,2026-09-28
Pennsylvania,PA,Elk,$4.541,2026-09-28
Pennsylvania,PA,Erie,$4.731,2026-09-28
Pennsylvania,PA,Fayette,$4.675,2026-09-28
Pennsylvania,PA,Forest,$4.744,2026-09-28
Pennsylvania,PA,Franklin,$4.284,2026-09-28
Pennsylvania,PA,Fulton,$4.329,2026-09-28
Pennsylvania,PA,Greene,$4.719,2026-09-28
Pennsylvania,PA,Huntingdon,$4.573,2026-09-28
Pennsylvania,PA,Indiana,$4.672,2026-09-28
Pennsylvania,PA,Jefferson,$4.605,2026-09-28
Pennsylvania,PA,Juniata,$4.465,2026-09-28
Pennsylvania,PA,Lackawanna,$4.485,2026-09-28
Pennsylvania,PA,Lancaster,$4.435,2026-09-28
Pennsylvania,PA,Lawrence,$4.667,2026-09-28
Pennsylvania,PA,Lebanon,$4.351,2026-09-28
Pennsylvania,PA,Lehigh,$4.400,2026-09-28
Pennsylvania,PA,Luzerne,$4.465,2026-09-28
Pennsylvania,PA,Lycoming,$4.499,2026-09-28
Pennsylvania,PA,McKean,$4.487,2026-09-28
Pennsylvania,PA,Mercer,$4.730,2026-09-28
Pennsylvania,PA,Mifflin,$4.401,2026-09-28
Pennsylvania,PA,Monroe,$4.468,2026-09-28
Pennsylvania,PA,Montgomery,$4.509,2026-09-28
Pennsylvania,PA,Montour,$4.337,2026-09-28
Pennsylvania,PA,Northampton,$4.395,2026-09-28
Pennsylvania,PA,Northumberland,$4.388,2026-09-28
Pennsylvania,PA,Perry,$4.403,2026-09-28
Pennsylvania,PA,Philadelphia,$4.533,2026-09-28
Pennsylvania,PA,Pike,$4.579,2026-09-28
Pennsylvania,PA,Potter,$4.579,2026-09-28
Pennsylvania,PA,Schuylkill,$4.430,2026-09-28
Pennsylvania,PA,Snyder,$4.365,2026-09-28
Pennsylvania,PA,Somerset,$4.619,2026-09-28
Pennsylvania,PA,Sullivan,$4.592,2026-09-28
Pennsylvania,PA,Susquehanna,$4.530,2026-09-28
Pennsylvania,PA,Tioga,$4.527,2026-09-28
Pennsylvania,PA,Union,$4.404,2026-09-28
Pennsylvania,PA,Venango,$4.754,2026-09-28
Pennsylvania,PA,Warren,$4.770,2026-09-28
Pennsylvania,PA,Washington,$4.646,2026-09-28
Pennsylvania,PA,Wayne,$4.484,2026-09-28
Pennsylvania,PA,Westmoreland,$4.703,2026-09-28
Pennsylvania,PA,Wyoming,$4.493,2026-09-28
Pennsylvania,PA,York,$4.474,2026-09-28
Rhode Island,RI,Bristol,$4.337,2026-09-28
Rhode Island,RI,Kent,$4.318,2026-09-28
Rhode Island,RI,Newport,$4.396,2026-09-28
Rhode Island,RI,Providence,$4.381,2026-09-28
Rhode Island,RI,Washington,$4.489,2026-09-28
South Carolina,SC,Abbeville,$4.138,2026-09-28
South Carolina,SC,Aiken,$4.075,2026-09-28
South Carolina,SC,Allendale,$4.149,2026-09-28
South Carolina,SC,Anderson,$4.146,2026-09-28
South Carolina,SC,Bamberg,$4.160,2026-09-28
South Carolina,SC,Barnwell,$4.233,2026-09-28
South Carolina,SC,Beaufort,$4.123,2026-09-28
South Carolina,SC,Berkeley,$4.043,2026-09-28
South Carolina,SC,Calhoun,$4.277,2026-09-28
South Carolina,SC,Charleston,$4.069,2026-09-28
South Carolina,SC,Cherokee,$4.166,2026-09-28
South Carolina,SC,Chester,$4.188,2026-09-28
South Carolina,SC,Chesterfield,$4.095,2026-09-28
South Carolina,SC,Clarendon,$4.072,2026-09-28
South Carolina,SC,Colleton,$4.048,2026-09-28
South Carolina,SC,Darlington,$4.084,2026-09-28
South Carolina,SC,Dillon,$3.980,2026-09-28
South Carolina,SC,Dorchester,$4.041,2026-09-28
South Carolina,SC,Edgefield,$4.046,2026-09-28
South Carolina,SC,Fairfield,$4.146,2026-09-28
South Carolina,SC,Florence,$4.027,2026-09-28
South Carolina,SC,Georgetown,$4.070,2026-09-28
South Carolina,SC,Greenville,$4.215,2026-09-28
South Carolina,SC,Greenwood,$4.084,2026-09-28
South Carolina,SC,Hampton,$4.226,2026-09-28
South Carolina,SC,Horry,$3.986,2026-09-28
South Carolina,SC,Jasper,$4.099,2026-09-28
South Carolina,SC,Kershaw,$4.067,2026-09-28
South Carolina,SC,Lancaster,$4.111,2026-09-28
South Carolina,SC,Laurens,$4.153,2026-09-28
South Carolina,SC,Lee,$4.116,2026-09-28
South Carolina,SC,Lexington,$4.094,2026-09-28
South Carolina,SC,Marion,$3.976,2026-09-28
South Carolina,SC,Marlboro,$4.092,2026-09-28
South Carolina,SC,McCormick,$4.118,2026-09-28
South Carolina,SC,Newberry,$4.160,2026-09-28
South Carolina,SC,Oconee,$4.162,2026-09-28
South Carolina,SC,Orangeburg,$4.208,2026-09-28
South Carolina,SC,Pickens,$4.055,2026-09-28
South Carolina,SC,Richland,$4.140,2026-09-28
South Carolina,SC,Saluda,$4.051,2026-09-28
South Carolina,SC,Spartanburg,$4.109,2026-09-28
South Carolina,SC,Sumter,$4.135,2026-09-28
South Carolina,SC,Union,$4.085,2026-09-28
South Carolina,SC,Williamsburg,$4.120,2026-09-28
South Carolina,SC,York,$4.104,2026-09-28
South Dakota,SD,Aurora,$4.064,2026-09-28
South Dakota,SD,Beadle,$4.197,2026-09-28
South Dakota,SD,Bennett,$4.399,2026-09-28
South Dakota,SD,Bon Homme,$4.312,2026-09-28
South Dakota,SD,Brookings,$4.214,2026-09-28
South Dakota,SD,Brown,$4.419,2026-09-28
South Dakota,SD,Brule,$4.499,2026-09-28
South Dakota,SD,Buffalo,,2026-09-28
South Dakota,SD,Butte,$4.303,2026-09-28
South Dakota,SD,Campbell,$4.099,2026-09-28
South Dakota,SD,Charles Mix,$4.499,2026-09-28
South Dakota,SD,Clark,$4.449,2026-09-28
South Dakota,SD,Clay,$4.232,2026-09-28
South Dakota,SD,Codington,$4.255,2026-09-28
South Dakota,SD,Corson,$4.924,2026-09-28
South Dakota,SD,Custer,$4.399,2026-09-28
South Dakota,SD,Davison,$4.219,2026-09-28
South Dakota,SD,Day,$4.249,2026-09-28
South Dakota,SD,Deuel,$5.499,2026-09-28
South Dakota,SD,Dewey,$4.849,2026-09-28
South Dakota,SD,Douglas,,2026-09-28
South Dakota,SD,Edmunds,$4.399,2026-09-28
South Dakota,SD,Fall River,$4.286,2026-09-28
South Dakota,SD,Faulk,,2026-09-28
South Dakota,SD,Grant,$4.249,2026-09-28
South Dakota,SD,Gregory,$4.272,2026-09-28
South Dakota,SD,Haakon,$4.424,2026-09-28
South Dakota,SD,Hamlin,$4.299,2026-09-28
South Dakota,SD,Hand,$4.199,2026-09-28
South Dakota,SD,Hanson,$4.014,2026-09-28
South Dakota,SD,Harding,$4.299,2026-09-28
South Dakota,SD,Hughes,$4.410,2026-09-28
South Dakota,SD,Hutchinson,$4.196,2026-09-28
South Dakota,SD,Hyde,$4.399,2026-09-28
South Dakota,SD,Jackson,$4.459,2026-09-28
South Dakota,SD,Jerauld,$4.099,2026-09-28
South Dakota,SD,Jones,$4.249,2026-09-28
South Dakota,SD,Kingsbury,$4.426,2026-09-28
South Dakota,SD,Lake,$4.147,2026-09-28
South Dakota,SD,Lawrence,$4.298,2026-09-28
South Dakota,SD,Lincoln,$4.174,2026-09-28
South Dakota,SD,Lyman,$4.527,2026-09-28
South Dakota,SD,Marshall,,2026-09-28
South Dakota,SD,McCook,$4.022,2026-09-28
South Dakota,SD,McPherson,,2026-09-28
South Dakota,SD,Meade,$4.408,2026-09-28
South Dakota,SD,Mellette,$4.339,2026-09-28
South Dakota,SD,Miner,,2026-09-28
South Dakota,SD,Minnehaha,$4.148,2026-09-28
South Dakota,SD,Moody,$4.432,2026-09-28
South Dakota,SD,Pennington,$4.231,2026-09-28
South Dakota,SD,Perkins,$4.299,2026-09-28
South Dakota,SD,Potter,$4.192,2026-09-28
South Dakota,SD,Roberts,$4.211,2026-09-28
South Dakota,SD,Sanborn,,2026-09-28
South Dakota,SD,Shannon,$4.462,2026-09-28
South Dakota,SD,Spink,$4.299,2026-09-28
South Dakota,SD,Stanley,$4.639,2026-09-28
South Dakota,SD,Sully,,2026-09-28
South Dakota,SD,Todd,$4.234,2026-09-28
South Dakota,SD,Tripp,$4.282,2026-09-28
South Dakota,SD,Turner,$4.199,2026-09-28
South Dakota,SD,Union,$4.211,2026-09-28
South Dakota,SD,Walworth,$4.462,2026-09-28
South Dakota,SD,Yankton,$4.271,2026-09-28
South Dakota,SD,Ziebach,$4.719,2026-09-28
Tennessee,TN,Anderson,$3.993,2026-09-28
Tennessee,TN,Bedford,$3.875,2026-09-28
Tennessee,TN,Benton,$3.917,2026-09-28
Tennessee,TN,Bledsoe,$4.137,2026-09-28
Tennessee,TN,Blount,$4.114,2026-09-28
Tennessee,TN,Bradley,$3.897,2026-09-28
Tennessee,TN,Campbell,$4.017,2026-09-28
Tennessee,TN,Cannon,$4.079,2026-09-28
Tennessee,TN,Carroll,$4.142,2026-09-28
Tennessee,TN,Carter,$3.953,2026-09-28
Tennessee,TN,Cheatham,$4.121,2026-09-28
Tennessee,TN,Chester,$4.141,2026-09-28
Tennessee,TN,Claiborne,$3.960,2026-09-28
Tennessee,TN,Clay,$4.199,2026-09-28
Tennessee,TN,Cocke,$4.021,2026-09-28
Tennessee,TN,Coffee,$3.864,2026-09-28
Tennessee,TN,Crockett,$4.273,2026-09-28
Tennessee,TN,Cumberland,$4.037,2026-09-28
Tennessee,TN,Davidson,$4.091,2026-09-28
Tennessee,TN,Decatur,$3.982,2026-09-28
Tennessee,TN,DeKalb,$4.082,2026-09-28
Tennessee,TN,Dickson,$3.918,2026-09-28
Tennessee,TN,Dyer,$4.010,2026-09-28
Tennessee,TN,Fayette,$4.099,2026-09-28
Tennessee,TN,Fentress,$4.034,2026-09-28
Tennessee,TN,Franklin,$4.017,2026-09-28
Tennessee,TN,Gibson,$4.153,2026-09-28
Tennessee,TN,Giles,$4.053,2026-09-28
Tennessee,TN,Grainger,$4.074,2026-09-28
Tennessee,TN,Greene,$3.927,2026-09-28
Tennessee,TN,Grundy,$3.974,2026-09-28
Tennessee,TN,Hamblen,$3.978,2026-09-28
Tennessee,TN,Hamilton,$3.878,2026-09-28
Tennessee,TN,Hancock,$4.099,2026-09-28
Tennessee,TN,Hardeman,$4.150,2026-09-28
Tennessee,TN,Hardin,$3.986,2026-09-28
Tennessee,TN,Hawkins,$3.930,2026-09-28
Tennessee,TN,Haywood,$4.237,2026-09-28
Tennessee,TN,Henderson,$4.014,2026-09-28
Tennessee,TN,Henry,$3.930,2026-09-28
Tennessee,TN,Hickman,$4.053,2026-09-28
Tennessee,TN,Houston,$4.112,2026-09-28
Tennessee,TN,Humphreys,$3.951,2026-09-28
Tennessee,TN,Jackson,$4.091,2026-09-28
Tennessee,TN,Jefferson,$4.030,2026-09-28
Tennessee,TN,Johnson,$4.122,2026-09-28
Tennessee,TN,Knox,$4.092,2026-09-28
Tennessee,TN,Lake,$4.149,2026-09-28
Tennessee,TN,Lauderdale,$4.158,2026-09-28
Tennessee,TN,Lawrence,$3.986,2026-09-28
Tennessee,TN,Lewis,$3.999,2026-09-28
Tennessee,TN,Lincoln,$4.023,2026-09-28
Tennessee,TN,Loudon,$4.146,2026-09-28
Tennessee,TN,Macon,$4.021,2026-09-28
Tennessee,TN,Madison,$4.152,2026-09-28
Tennessee,TN,Marion,$3.945,2026-09-28
Tennessee,TN,Marshall,$3.995,2026-09-28
Tennessee,TN,Maury,$4.049,2026-09-28
Tennessee,TN,McMinn,$4.047,2026-09-28
Tennessee,TN,McNairy,$4.082,2026-09-28
Tennessee,TN,Meigs,$4.099,2026-09-28
Tennessee,TN,Monroe,$4.087,2026-09-28
Tennessee,TN,Montgomery,$3.943,2026-09-28
Tennessee,TN,Moore,$3.949,2026-09-28
Tennessee,TN,Morgan,$3.997,2026-09-28
Tennessee,TN,Obion,$4.193,2026-09-28
Tennessee,TN,Overton,$4.016,2026-09-28
Tennessee,TN,Perry,$3.999,2026-09-28
Tennessee,TN,Pickett,$4.166,2026-09-28
Tennessee,TN,Polk,$4.031,2026-09-28
Tennessee,TN,Putnam,$4.028,2026-09-28
Tennessee,TN,Rhea,$3.952,2026-09-28
Tennessee,TN,Roane,$3.996,2026-09-28
Tennessee,TN,Robertson,$4.042,2026-09-28
Tennessee,TN,Rutherford,$3.963,2026-09-28
Tennessee,TN,Scott,$3.973,2026-09-28
Tennessee,TN,Sequatchie,$4.153,2026-09-28
Tennessee,TN,Sevier,$4.042,2026-09-28
Tennessee,TN,Shelby,$4.104,2026-09-28
Tennessee,TN,Smith,$4.095,2026-09-28
Tennessee,TN,Stewart,$4.162,2026-09-28
Tennessee,TN,Sullivan,$4.019,2026-09-28
Tennessee,TN,Sumner,$4.009,2026-09-28
Tennessee,TN,Tipton,$4.080,2026-09-28
Tennessee,TN,Trousdale,$4.199,2026-09-28
Tennessee,TN,Unicoi,$3.949,2026-09-28
Tennessee,TN,Union,$4.069,2026-09-28
Tennessee,TN,Van Buren,$4.099,2026-09-28
Tennessee,TN,Warren,$4.164,2026-09-28
Tennessee,TN,Washington,$4.045,2026-09-28
Tennessee,TN,Wayne,$4.049,2026-09-28
Tennessee,TN,Weakley,$4.131,2026-09-28
Tennessee,TN,White,$3.886,2026-09-28
Tennessee,TN,Williamson,$4.211,2026-09-28
Tennessee,TN,Wilson,$3.839,2026-09-28
Texas,TX,Anderson,$3.985,2026-09-28
Texas,TX,Andrews,$3.941,2026-09-28
Texas,TX,Angelina,$4.021,2026-09-28
Texas,TX,Aransas,$3.970,2026-09-28
Texas,TX,Archer,$3.995,2026-09-28
Texas,TX,Armstrong,$4.029,2026-09-28
Texas,TX,Atascosa,$3.843,2026-09-28
Texas,TX,Austin,$3.982,2026-09-28
Texas,TX,Bailey,$4.116,2026-09-28
Texas,TX,Bandera,$4.019,2026-09-28
Texas,TX,Bastrop,$3.883,2026-09-28
Texas,TX,Baylor,$4.099,2026-09-28
Texas,TX,Bee,$4.100,2026-09-28
Texas,TX,Bell,$3.848,2026-09-28
Texas,TX,Bexar,$3.753,2026-09-28
Texas,TX,Blanco,$4.008,2026-09-28
Texas,TX,Borden,,2026-09-28
Texas,TX,Bosque,$4.022,2026-09-28
Texas,TX,Bowie,$3.985,2026-09-28
Texas,TX,Brazoria,$3.926,2026-09-28
Texas,TX,Brazos,$3.996,2026-09-28
Texas,TX,Brewster,$4.603,2026-09-28
Texas,TX,Briscoe,$4.099,2026-09-28
Texas,TX,Brooks,$4.074,2026-09-28
Texas,TX,Brown,$3.915,2026-09-28
Texas,TX,Burleson,$4.001,2026-09-28
Texas,TX,Burnet,$3.835,2026-09-28
Texas,TX,Caldwell,$3.902,2026-09-28
Texas,TX,Calhoun,$4.011,2026-09-28
Texas,TX,Callahan,$4.025,2026-09-28
Texas,TX,Cameron,$3.957,2026-09-28
Texas,TX,Camp,$3.905,2026-09-28
Texas,TX,Carson,$3.974,2026-09-28
Texas,TX,Cass,$3.968,2026-09-28
Texas,TX,Castro,$4.133,2026-09-28
Texas,TX,Chambers,$3.955,2026-09-28
Texas,TX,Cherokee,$3.981,2026-09-28
Texas,TX,Childress,$3.961,2026-09-28
Texas,TX,Clay,$3.985,2026-09-28
Texas,TX,Cochran,$3.999,2026-09-28
Texas,TX,Coke,$4.089,2026-09-28
Texas,TX,Coleman,$3.993,2026-09-28
Texas,TX,Collin,$3.794,2026-09-28
Texas,TX,Collingsworth,$4.079,2026-09-28
Texas,TX,Colorado,$3.960,2026-09-28
Texas,TX,Comal,$3.763,2026-09-28
Texas,TX,Comanche,$3.930,2026-09-28
Texas,TX,Concho,$4.116,2026-09-28
Texas,TX,Cooke,$3.937,2026-09-28
Texas,TX,Coryell,$3.832,2026-09-28
Texas,TX,Cottle,$4.179,2026-09-28
Texas,TX,Crane,$4.187,2026-09-28
Texas,TX,Crockett,$4.234,2026-09-28
Texas,TX,Crosby,$4.111,2026-09-28
Texas,TX,Culberson,$4.363,2026-09-28
Texas,TX,Dallam,$4.040,2026-09-28
Texas,TX,Dallas,$3.872,2026-09-28
Texas,TX,Dawson,$4.157,2026-09-28
Texas,TX,Deaf Smith,$4.025,2026-09-28
Texas,TX,Delta,$4.099,2026-09-28
Texas,TX,Denton,$3.815,2026-09-28
Texas,TX,De Witt,$4.120,2026-09-28
Texas,TX,Dickens,$4.244,2026-09-28
Texas,TX,Dimmit,$4.116,2026-09-28
Texas,TX,Donley,$3.999,2026-09-28
Texas,TX,Duval,$4.054,2026-09-28
Texas,TX,Eastland,$3.957,2026-09-28
Texas,TX,Ector,$3.890,2026-09-28
Texas,TX,Edwards,$4.334,2026-09-28
Texas,TX,El Paso,$4.437,2026-09-28
Texas,TX,Ellis,$3.890,2026-09-28
Texas,TX,Erath,$3.963,2026-09-28
Texas,TX,Falls,$4.028,2026-09-28
Texas,TX,Fannin,$3.915,2026-09-28
Texas,TX,Fayette,$3.971,2026-09-28
Texas,TX,Fisher,$4.129,2026-09-28
Texas,TX,Floyd,$4.069,2026-09-28
Texas,TX,Foard,$4.029,2026-09-28
Texas,TX,Fort Bend,$3.893,2026-09-28
Texas,TX,Franklin,$3.980,2026-09-28
Texas,TX,Freestone,$3.926,2026-09-28
Texas,TX,Frio,$3.998,2026-09-28
Texas,TX,Gaines,$4.059,2026-09-28
Texas,TX,Galveston,$3.933,2026-09-28
Texas,TX,Garza,$4.199,2026-09-28
Texas,TX,Gillespie,$4.112,2026-09-28
Texas,TX,Glasscock,$4.399,2026-09-28
Texas,TX,Goliad,$4.119,2026-09-28
Texas,TX,Gonzales,$3.875,2026-09-28
Texas,TX,Gray,$4.007,2026-09-28
Texas,TX,Grayson,$3.820,2026-09-28
Texas,TX,Gregg,$3.965,2026-09-28
Texas,TX,Grimes,$3.995,2026-09-28
Texas,TX,Guadalupe,$3.746,2026-09-28
Texas,TX,Hale,$3.956,2026-09-28
Texas,TX,Hall,$4.006,2026-09-28
Texas,TX,Hamilton,$3.953,2026-09-28
Texas,TX,Hansford,$4.087,2026-09-28
Texas,TX,Hardeman,$4.039,2026-09-28
Texas,TX,Hardin,$3.910,2026-09-28
Texas,TX,Harris,$3.914,2026-09-28
Texas,TX,Harrison,$4.018,2026-09-28
Texas,TX,Hartley,$4.099,2026-09-28
Texas,TX,Haskell,$3.979,2026-09-28
Texas,TX,Hays,$3.846,2026-09-28
Texas,TX,Hemphill,$4.186,2026-09-28
Texas,TX,Henderson,$3.965,2026-09-28
Texas,TX,Hidalgo,$3.949,2026-09-28
Texas,TX,Hill,$3.884,2026-09-28
Texas,TX,Hockley,$4.042,2026-09-28
Texas,TX,Hood,$3.982,2026-09-28
Texas,TX,Hopkins,$3.940,2026-09-28
Texas,TX,Houston,$4.074,2026-09-28
Texas,TX,Howard,$3.905,2026-09-28
Texas,TX,Hudspeth,$4.632,2026-09-28
Texas,TX,Hunt,$3.902,2026-09-28
Texas,TX,Hutchinson,$4.020,2026-09-28
Texas,TX,Irion,$4.024,2026-09-28
Texas,TX,Jack,$4.040,2026-09-28
Texas,TX,Jackson,$4.107,2026-09-28
Texas,TX,Jasper,$4.013,2026-09-28
Texas,TX,Jeff Davis,$4.399,2026-09-28
Texas,TX,Jefferson,$3.931,2026-09-28
Texas,TX,Jim Hogg,$4.079,2026-09-28
Texas,TX,Jim Wells,$4.019,2026-09-28
Texas,TX,Johnson,$3.861,2026-09-28
Texas,TX,Jones,$4.022,2026-09-28
Texas,TX,Karnes,$3.913,2026-09-28
Texas,TX,Kaufman,$3.915,2026-09-28
Texas,TX,Kendall,$3.824,2026-09-28
Texas,TX,Kenedy,,2026-09-28
Texas,TX,Kent,,2026-09-28
Texas,TX,Kerr,$3.906,2026-09-28
Texas,TX,Kimble,$3.990,2026-09-28
Texas,TX,King,,2026-09-28
Texas,TX,Kinney,$3.899,2026-09-28
Texas,TX,Kleberg,$3.961,2026-09-28
Texas,TX,Knox,$4.099,2026-09-28
Texas,TX,La Salle,$4.070,2026-09-28
Texas,TX,Lamar,$3.951,2026-09-28
Texas,TX,Lamb,$4.161,2026-09-28
Texas,TX,Lampasas,$3.835,2026-09-28
Texas,TX,Lavaca,$4.081,2026-09-28
Texas,TX,Lee,$4.012,2026-09-28
Texas,TX,Leon,$4.033,2026-09-28
Texas,TX,Liberty,$3.923,2026-09-28
Texas,TX,Limestone,$3.983,2026-09-28
Texas,TX,Lipscomb,$4.099,2026-09-28
Texas,TX,Live Oak,$3.957,2026-09-28
Texas,TX,Llano,$3.915,2026-09-28
Texas,TX,Loving,$4.449,2026-09-28
Texas,TX,Lubbock,$4.107,2026-09-28
Texas,TX,Lynn,$4.166,2026-09-28
Texas,TX,Madison,$3.990,2026-09-28
Texas,TX,Marion,$3.947,2026-09-28
Texas,TX,Martin,$4.203,2026-09-28
Texas,TX,Mason,$4.119,2026-09-28
Texas,TX,Matagorda,$3.934,2026-09-28
Texas,TX,Maverick,$4.030,2026-09-28
Texas,TX,McCulloch,$4.228,2026-09-28
Texas,TX,McLennan,$3.861,2026-09-28
Texas,TX,McMullen,$4.009,2026-09-28
Texas,TX,Medina,$3.909,2026-09-28
Texas,TX,Menard,$4.056,2026-09-28
Texas,TX,Midland,$3.847,2026-09-28
Texas,TX,Milam,$3.936,2026-09-28
Texas,TX,Mills,$4.024,2026-09-28
Texas,TX,Mitchell,$3.988,2026-09-28
Texas,TX,Montague,$3.985,2026-09-28
Texas,TX,Montgomery,$3.907,2026-09-28
Texas,TX,Moore,$3.958,2026-09-28
Texas,TX,Morris,$4.073,2026-09-28
Texas,TX,Motley,$4.199,2026-09-28
Texas,TX,Nacogdoches,$3.999,2026-09-28
Texas,TX,Navarro,$4.004,2026-09-28
Texas,TX,Newton,$3.991,2026-09-28
Texas,TX,Nolan,$3.948,2026-09-28
Texas,TX,Nueces,$3.956,2026-09-28
Texas,TX,Ochiltree,$4.032,2026-09-28
Texas,TX,Oldham,$4.526,2026-09-28
Texas,TX,Orange,$3.919,2026-09-28
Texas,TX,Palo Pinto,$3.926,2026-09-28
Texas,TX,Panola,$3.945,2026-09-28
Texas,TX,Parker,$3.897,2026-09-28
Texas,TX,Parmer,$4.111,2026-09-28
Texas,TX,Pecos,$4.053,2026-09-28
Texas,TX,Polk,$3.907,2026-09-28
Texas,TX,Potter,$4.072,2026-09-28
Texas,TX,Presidio,$4.303,2026-09-28
Texas,TX,Rains,$3.951,2026-09-28
Texas,TX,Randall,$4.033,2026-09-28
Texas,TX,Reagan,$3.999,2026-09-28
Texas,TX,Real,$4.046,2026-09-28
Texas,TX,Red River,$4.101,2026-09-28
Texas,TX,Reeves,$4.175,2026-09-28
Texas,TX,Refugio,$4.082,2026-09-28
Texas,TX,Roberts,$4.159,2026-09-28
Texas,TX,Robertson,$3.971,2026-09-28
Texas,TX,Rockwall,$3.866,2026-09-28
Texas,TX,Runnels,$4.043,2026-09-28
Texas,TX,Rusk,$3.995,2026-09-28
Texas,TX,Sabine,$3.987,2026-09-28
Texas,TX,San Augustine,$4.028,2026-09-28
Texas,TX,San Jacinto,$3.857,2026-09-28
Texas,TX,San Patricio,$3.986,2026-09-28
Texas,TX,San Saba,$4.066,2026-09-28
Texas,TX,Schleicher,$4.024,2026-09-28
Texas,TX,Scurry,$3.892,2026-09-28
Texas,TX,Shackelford,$3.999,2026-09-28
Texas,TX,Shelby,$4.005,2026-09-28
Texas,TX,Sherman,$3.949,2026-09-28
Texas,TX,Smith,$3.932,2026-09-28
Texas,TX,Somervell,$3.913,2026-09-28
Texas,TX,Starr,$3.987,2026-09-28
Texas,TX,Stephens,$3.891,2026-09-28
Texas,TX,Sterling,$4.059,2026-09-28
Texas,TX,Stonewall,$4.299,2026-09-28
Texas,TX,Sutton,$4.077,2026-09-28
Texas,TX,Swisher,$4.003,2026-09-28
Texas,TX,Tarrant,$3.854,2026-09-28
Texas,TX,Taylor,$3.878,2026-09-28
Texas,TX,Terrell,$4.339,2026-09-28
Texas,TX,Terry,$3.990,2026-09-28
Texas,TX,Throckmorton,$4.099,2026-09-28
Texas,TX,Titus,$4.032,2026-09-28
Texas,TX,Tom Green,$3.897,2026-09-28
Texas,TX,Travis,$3.836,2026-09-28
Texas,TX,Trinity,$3.945,2026-09-28
Texas,TX,Tyler,$3.961,2026-09-28
Texas,TX,Upshur,$3.968,2026-09-28
Texas,TX,Upton,$4.186,2026-09-28
Texas,TX,Uvalde,$3.935,2026-09-28
Texas,TX,Val Verde,$4.002,2026-09-28
Texas,TX,Van Zandt,$3.935,2026-09-28
Texas,TX,Victoria,$4.015,2026-09-28
Texas,TX,Walker,$3.919,2026-09-28
Texas,TX,Waller,$3.959,2026-09-28
Texas,TX,Ward,$4.012,2026-09-28
Texas,TX,Washington,$3.986,2026-09-28
Texas,TX,Webb,$4.004,2026-09-28
Texas,TX,Wharton,$3.920,2026-09-28
Texas,TX,Wheeler,$4.032,2026-09-28
Texas,TX,Wichita,$3.987,2026-09-28
Texas,TX,Wilbarger,$3.917,2026-09-28
Texas,TX,Willacy,$3.964,2026-09-28
Texas,TX,Williamson,$3.797,2026-09-28
Texas,TX,Wilson,$3.909,2026-09-28
Texas,TX,Winkler,$3.897,2026-09-28
Texas,TX,Wise,$3.843,2026-09-28
Texas,TX,Wood,$3.978,2026-09-28
Texas,TX,Yoakum,$4.092,2026-09-28
Texas,TX,Young,$4.008,2026-09-28
Texas,TX,Zapata,$4.049,2026-09-28
Texas,TX,Zavala,$4.064,2026-09-28
Utah,UT,Beaver,$5.178,2026-09-28
Utah,UT,Box Elder,$4.911,2026-09-28
Utah,UT,Cache,$4.956,2026-09-28
Utah,UT,Carbon,$5.118,2026-09-28
Utah,UT,Daggett,$5.066,2026-09-28
Utah,UT,Davis,$4.953,2026-09-28
Utah,UT,Duchesne,$4.992,2026-09-28
Utah,UT,Emery,$4.918,2026-09-28
Utah,UT,Garfield,$5.100,2026-09-28
Utah,UT,Grand,$4.976,2026-09-28
Utah,UT,Iron,$4.994,2026-09-28
Utah,UT,Juab,$4.972,2026-09-28
Utah,UT,Kane,$4.980,2026-09-28
Utah,UT,Millard,$4.930,2026-09-28
Utah,UT,Morgan,$4.986,2026-09-28
Utah,UT,Piute,$5.399,2026-09-28
Utah,UT,Rich,$5.239,2026-09-28
Utah,UT,Salt Lake,$4.875,2026-09-28
Utah,UT,San Juan,$5.034,2026-09-28
Utah,UT,Sanpete,$4.995,2026-09-28
Utah,UT,Sevier,$4.990,2026-09-28
Utah,UT,Summit,$5.056,2026-09-28
Utah,UT,Tooele,$4.935,2026-09-28
Utah,UT,Uintah,$4.990,2026-09-28
Utah,UT,Utah,$4.941,2026-09-28
Utah,UT,Wasatch,$4.977,2026-09-28
Utah,UT,Washington,$5.003,2026-09-28
Utah,UT,Wayne,$5.231,2026-09-28
Utah,UT,Weber,$4.914,2026-09-28
Vermont,VT,Addison,$4.388,2026-09-28
Vermont,VT,Bennington,$4.339,2026-09-28
Vermont,VT,Caledonia,$4.400,2026-09-28
Vermont,VT,Chittenden,$4.515,2026-09-28
Vermont,VT,Essex,$4.494,2026-09-28
Vermont,VT,Franklin,$4.563,2026-09-28
Vermont,VT,Grand Isle,$4.555,2026-09-28
Vermont,VT,Lamoille,$4.444,2026-09-28
Vermont,VT,Orange,$4.436,2026-09-28
Vermont,VT,Orleans,$4.372,2026-09-28
Vermont,VT,Rutland,$4.409,2026-09-28
Vermont,VT,Washington,$4.489,2026-09-28
Vermont,VT,Windham,$4.370,2026-09-28
Vermont,VT,Windsor,$4.450,2026-09-28
Virginia,VA,Accomack,$4.312,2026-09-28
Virginia,VA,Albemarle,$4.266,2026-09-28
Virginia,VA,Alexandria City,$4.337,2026-09-28
Virginia,VA,Alleghany,$4.159,2026-09-28
Virginia,VA,Amelia,$4.277,2026-09-28
Virginia,VA,Amherst,$4.255,2026-09-28
Virginia,VA,Appomattox,$4.219,2026-09-28
Virginia,VA,Arlington,$4.313,2026-09-28
Virginia,VA,Augusta,$4.094,2026-09-28
Virginia,VA,Bath,$4.299,2026-09-28
Virginia,VA,Bedford,$4.203,2026-09-28
Virginia,VA,Bedford City,$4.064,2026-09-28
Virginia,VA,Bland,$4.341,2026-09-28
Virginia,VA,Botetourt,$4.290,2026-09-28
Virginia,VA,Bristol,$4.102,2026-09-28
Virginia,VA,Brunswick,$4.112,2026-09-28
Virginia,VA,Buchanan,$4.309,2026-09-28
Virginia,VA,Buckingham,$4.234,2026-09-28
Virginia,VA,Buena Vista City,$4.169,2026-09-28
Virginia,VA,Campbell,$4.213,2026-09-28
Virginia,VA,Caroline,$4.096,2026-09-28
Virginia,VA,Carroll,$4.148,2026-09-28
Virginia,VA,Charles City,$4.344,2026-09-28
Virginia,VA,Charlotte,$4.256,2026-09-28
Virginia,VA,Charlottesville City,$4.261,2026-09-28
Virginia,VA,Chesapeake City,$4.209,2026-09-28
Virginia,VA,Chesterfield,$4.207,2026-09-28
Virginia,VA,Clarke,$4.231,2026-09-28
Virginia,VA,Clifton Forge City,$4.261,2026-09-28
Virginia,VA,Colonial Heights City,$4.111,2026-09-28
Virginia,VA,Covington City,$4.255,2026-09-28
Virginia,VA,Craig,$4.186,2026-09-28
Virginia,VA,Culpeper,$4.229,2026-09-28
Virginia,VA,Cumberland,$4.185,2026-09-28
Virginia,VA,Danville City,$4.163,2026-09-28
Virginia,VA,Dickenson,$4.179,2026-09-28
Virginia,VA,Dinwiddie,$4.183,2026-09-28
Virginia,VA,Emporia City,$4.086,2026-09-28
Virginia,VA,Essex,$4.148,2026-09-28
Virginia,VA,Fairfax,$4.353,2026-09-28
Virginia,VA,Fairfax City,$4.228,2026-09-28
Virginia,VA,Falls Church City,$4.346,2026-09-28
Virginia,VA,Fauquier,$4.304,2026-09-28
Virginia,VA,Floyd,$4.272,2026-09-28
Virginia,VA,Fluvanna,$4.281,2026-09-28
Virginia,VA,Franklin,$4.195,2026-09-28
Virginia,VA,Franklin City,$4.157,2026-09-28
Virginia,VA,Frederick,$4.171,2026-09-28
Virginia,VA,Fredericksburg City,$4.201,2026-09-28
Virginia,VA,Galax City,$4.185,2026-09-28
Virginia,VA,Giles,$4.217,2026-09-28
Virginia,VA,Gloucester,$4.177,2026-09-28
Virginia,VA,Goochland,$4.272,2026-09-28
Virginia,VA,Grayson,$4.136,2026-09-28
Virginia,VA,Greene,$4.113,2026-09-28
Virginia,VA,Greensville,$4.016,2026-09-28
Virginia,VA,Halifax,$4.255,2026-09-28
Virginia,VA,Hampton City,$4.211,2026-09-28
Virginia,VA,Hanover,$4.236,2026-09-28
Virginia,VA,Harrisonburg City,$4.148,2026-09-28
Virginia,VA,Henrico,$4.203,2026-09-28
Virginia,VA,Henry,$4.160,2026-09-28
Virginia,VA,Highland,$4.399,2026-09-28
Virginia,VA,Hopewell City,$4.171,2026-09-28
Virginia,VA,Isle of Wight,$4.235,2026-09-28
Virginia,VA,James City,$4.238,2026-09-28
Virginia,VA,King and Queen,$4.224,2026-09-28
Virginia,VA,King George,$4.194,2026-09-28
Virginia,VA,King William,$4.190,2026-09-28
Virginia,VA,Lancaster,$4.253,2026-09-28
Virginia,VA,Lee,$4.179,2026-09-28
Virginia,VA,Lexington City,$4.244,2026-09-28
Virginia,VA,Loudoun,$4.296,2026-09-28
Virginia,VA,Louisa,$4.241,2026-09-28
Virginia,VA,Lunenburg,$4.181,2026-09-28
Virginia,VA,Lynchburg City,$4.209,2026-09-28
Virginia,VA,Madison,$4.296,2026-09-28
Virginia,VA,Manassas City,$4.230,2026-09-28
Virginia,VA,Manassas Park City,,2026-09-28
Virginia,VA,Martinsville City,$4.228,2026-09-28
Virginia,VA,Mathews,$4.199,2026-09-28
Virginia,VA,Mecklenburg,$4.112,2026-09-28
Virginia,VA,Middlesex,$4.211,2026-09-28
Virginia,VA,Montgomery,$4.270,2026-09-28
Virginia,VA,Nelson,$4.372,2026-09-28
Virginia,VA,New Kent,$4.212,2026-09-28
Virginia,VA,Newport News City,$4.196,2026-09-28
Virginia,VA,Norfolk City,$4.234,2026-09-28
Virginia,VA,Northampton,$4.359,2026-09-28
Virginia,VA,Northumberland,$4.199,2026-09-28
Virginia,VA,Norton City,$4.164,2026-09-28
Virginia,VA,Nottoway,$4.169,2026-09-28
Virginia,VA,Orange,$4.269,2026-09-28
Virginia,VA,Page,$4.286,2026-09-28
Virginia,VA,Patrick,$4.191,2026-09-28
Virginia,VA,Petersburg City,$4.169,2026-09-28
Virginia,VA,Pittsylvania,$4.307,2026-09-28
Virginia,VA,Poquoson City,$4.299,2026-09-28
Virginia,VA,Portsmouth City,$4.279,2026-09-28
Virginia,VA,Powhatan,$4.227,2026-09-28
Virginia,VA,Prince Edward,$4.141,2026-09-28
Virginia,VA,Prince George,$4.187,2026-09-28
Virginia,VA,Prince William,$4.263,2026-09-28
Virginia,VA,Pulaski,$4.154,2026-09-28
Virginia,VA,Radford City,$4.211,2026-09-28
Virginia,VA,Rappahannock,$4.329,2026-09-28
Virginia,VA,Richmond,$4.224,2026-09-28
Virginia,VA,Richmond City,$4.245,2026-09-28
Virginia,VA,Roanoke,$4.243,2026-09-28
Virginia,VA,Roanoke City,$4.216,2026-09-28
Virginia,VA,Rockbridge,$4.238,2026-09-28
Virginia,VA,Rockingham,$4.135,2026-09-28
Virginia,VA,Russell,$4.202,2026-09-28
Virginia,VA,Salem,$4.236,2026-09-28
Virginia,VA,Scott,$4.058,2026-09-28
Virginia,VA,Shenandoah,$4.262,2026-09-28
Virginia,VA,Smyth,$4.164,2026-09-28
Virginia,VA,Southampton,$4.179,2026-09-28
Virginia,VA,Spotsylvania,$4.093,2026-09-28
Virginia,VA,Stafford,$4.248,2026-09-28
Virginia,VA,Staunton City,$4.104,2026-09-28
Virginia,VA,Suffolk City,$4.130,2026-09-28
Virginia,VA,Surry,$4.294,2026-09-28
Virginia,VA,Sussex,$4.277,2026-09-28
Virginia,VA,Tazewell,$4.196,2026-09-28
Virginia,VA,Virginia Beach City,$4.251,2026-09-28
Virginia,VA,Warren,$4.146,2026-09-28
Virginia,VA,Washington,$4.169,2026-09-28
Virginia,VA,Waynesboro City,$4.029,2026-09-28
Virginia,VA,Westmoreland,$4.229,2026-09-28
Virginia,VA,Williamsburg City,,2026-09-28
Virginia,VA,Winchester City,$4.152,2026-09-28
Virginia,VA,Wise,$4.231,2026-09-28
Virginia,VA,Wythe,$4.199,2026-09-28
Virginia,VA,York,$4.228,2026-09-28
Washington,WA,Adams,$5.401,2026-09-28
Washington,WA,Asotin,$4.999,2026-09-28
Washington,WA,Benton,$5.350,2026-09-28
Washington,WA,Chelan,$5.512,2026-09-28
Washington,WA,Clallam,$5.747,2026-09-28
Washington,WA,Clark,$5.390,2026-09-28
Washington,WA,Columbia,$5.624,2026-09-28
Washington,WA,Cowlitz,$5.454,2026-09-28
Washington,WA,Douglas,$5.401,2026-09-28
Washington,WA,Ferry,$5.476,2026-09-28
Washington,WA,Franklin,$5.301,2026-09-28
Washington,WA,Garfield,$5.349,2026-09-28
Washington,WA,Grant,$5.421,2026-09-28
Washington,WA,Grays Harbor,$5.722,2026-09-28
Washington,WA,Island,$5.510,2026-09-28
Washington,WA,Jefferson,$5.963,2026-09-28
Washington,WA,King,$5.768,2026-09-28
Washington,WA,Kitsap,$5.608,2026-09-28
Washington,WA,Kittitas,$5.477,2026-09-28
Washington,WA,Klickitat,$5.421,2026-09-28
Washington,WA,Lewis,$5.527,2026-09-28
Washington,WA,Lincoln,$5.445,2026-09-28
Washington,WA,Mason,$5.593,2026-09-28
Washington,WA,Okanogan,$5.453,2026-09-28
Washington,WA,Pacific,$5.882,2026-09-28
Washington,WA,Pend Oreille,$5.371,2026-09-28
Washington,WA,Pierce,$5.564,2026-09-28
Washington,WA,San Juan,$6.389,2026-09-28
Washington,WA,Skagit,$5.304,2026-09-28
Washington,WA,Skamania,$5.799,2026-09-28
Washington,WA,Snohomish,$5.546,2026-09-28
Washington,WA,Spokane,$5.248,2026-09-28
Washington,WA,Stevens,$5.227,2026-09-28
Washington,WA,Thurston,$5.448,2026-09-28
Washington,WA,Wahkiakum,$5.999,2026-09-28
Washington,WA,Walla Walla,$5.525,2026-09-28
Washington,WA,Whatcom,$5.383,2026-09-28
Washington,WA,Whitman,$5.468,2026-09-28
Washington,WA,Yakima,$5.357,2026-09-28
West Virginia,WV,Barbour,$4.234,2026-09-28
West Virginia,WV,Berkeley,$4.218,2026-09-28
West Virginia,WV,Boone,$4.214,2026-09-28
West Virginia,WV,Braxton,$4.290,2026-09-28
West Virginia,WV,Brooke,$4.382,2026-09-28
West Virginia,WV,Cabell,$4.331,2026-09-28
West Virginia,WV,Calhoun,$4.659,2026-09-28
West Virginia,WV,Clay,$4.366,2026-09-28
West Virginia,WV,Doddridge,$4.499,2026-09-28
West Virginia,WV,Fayette,$4.315,2026-09-28
West Virginia,WV,Gilmer,$4.214,2026-09-28
West Virginia,WV,Grant,$4.369,2026-09-28
West Virginia,WV,Greenbrier,$4.096,2026-09-28
West Virginia,WV,Hampshire,$4.325,2026-09-28
West Virginia,WV,Hancock,$4.363,2026-09-28
West Virginia,WV,Hardy,$4.392,2026-09-28
West Virginia,WV,Harrison,$4.563,2026-09-28
West Virginia,WV,Jackson,$4.313,2026-09-28
West Virginia,WV,Jefferson,$4.328,2026-09-28
West Virginia,WV,Kanawha,$4.393,2026-09-28
West Virginia,WV,Lewis,$4.345,2026-09-28
West Virginia,WV,Lincoln,$4.391,2026-09-28
West Virginia,WV,Logan,$4.388,2026-09-28
West Virginia,WV,Marion,$4.511,2026-09-28
West Virginia,WV,Marshall,$4.030,2026-09-28
West Virginia,WV,Mason,$4.370,2026-09-28
West Virginia,WV,McDowell,$4.187,2026-09-28
West Virginia,WV,Mercer,$4.334,2026-09-28
West Virginia,WV,Mineral,$4.269,2026-09-28
West Virginia,WV,Mingo,$4.423,2026-09-28
West Virginia,WV,Monongalia,$4.588,2026-09-28
West Virginia,WV,Monroe,$4.299,2026-09-28
West Virginia,WV,Morgan,$4.366,2026-09-28
West Virginia,WV,Nicholas,$4.392,2026-09-28
West Virginia,WV,Ohio,$4.284,2026-09-28
West Virginia,WV,Pendleton,$4.499,2026-09-28
West Virginia,WV,Pleasants,$4.376,2026-09-28
West Virginia,WV,Pocahontas,$4.213,2026-09-28
West Virginia,WV,Preston,$4.528,2026-09-28
West Virginia,WV,Putnam,$4.392,2026-09-28
West Virginia,WV,Raleigh,$4.399,2026-09-28
West Virginia,WV,Randolph,$4.210,2026-09-28
West Virginia,WV,Ritchie,$4.319,2026-09-28
West Virginia,WV,Roane,$4.287,2026-09-28
West Virginia,WV,Summers,$4.174,2026-09-28
West Virginia,WV,Taylor,$4.575,2026-09-28
West Virginia,WV,Tucker,$4.539,2026-09-28
West Virginia,WV,Tyler,$4.489,2026-09-28
West Virginia,WV,Upshur,$4.375,2026-09-28
West Virginia,WV,Wayne,$4.298,2026-09-28
West Virginia,WV,Webster,$4.362,2026-09-28
West Virginia,WV,Wetzel,$4.351,2026-09-28
West Virginia,WV,Wirt,$4.249,2026-09-28
West Virginia,WV,Wood,$4.329,2026-09-28
West Virginia,WV,Wyoming,$4.199,2026-09-28
Wisconsin,WI,Adams,$4.374,2026-09-28
Wisconsin,WI,Ashland,$4.380,2026-09-28
Wisconsin,WI,Barron,$4.362,2026-09-28
Wisconsin,WI,Bayfield,$4.476,2026-09-28
Wisconsin,WI,Brown,$4.301,2026-09-28
Wisconsin,WI,Buffalo,$4.209,2026-09-28
Wisconsin,WI,Burnett,$4.268,2026-09-28
Wisconsin,WI,Calumet,$4.322,2026-09-28
Wisconsin,WI,Chippewa,$4.252,2026-09-28
Wisconsin,WI,Clark,$4.293,2026-09-28
Wisconsin,WI,Columbia,$4.319,2026-09-28
Wisconsin,WI,Crawford,$4.382,2026-09-28
Wisconsin,WI,Dane,$4.321,2026-09-28
Wisconsin,WI,Dodge,$4.227,2026-09-28
Wisconsin,WI,Door,$4.313,2026-09-28
Wisconsin,WI,Douglas,$4.368,2026-09-28
Wisconsin,WI,Dunn,$4.302,2026-09-28
Wisconsin,WI,Eau Claire,$4.257,2026-09-28
Wisconsin,WI,Florence,$4.329,2026-09-28
Wisconsin,WI,Fond du Lac,$4.291,2026-09-28
Wisconsin,WI,Forest,$4.400,2026-09-28
Wisconsin,WI,Grant,$4.416,2026-09-28
Wisconsin,WI,Green,$4.440,2026-09-28
Wisconsin,WI,Green Lake,$4.379,2026-09-28
Wisconsin,WI,Iowa,$4.460,2026-09-28
Wisconsin,WI,Iron,$4.486,2026-09-28
Wisconsin,WI,Jackson,$4.339,2026-09-28
Wisconsin,WI,Jefferson,$4.332,2026-09-28
Wisconsin,WI,Juneau,$4.246,2026-09-28
Wisconsin,WI,Kenosha,$4.316,2026-09-28
Wisconsin,WI,Kewaunee,$4.325,2026-09-28
Wisconsin,WI,La Crosse,$4.315,2026-09-28
Wisconsin,WI,Lafayette,$4.480,2026-09-28
Wisconsin,WI,Langlade,$4.330,2026-09-28
Wisconsin,WI,Lincoln,$4.305,2026-09-28
Wisconsin,WI,Manitowoc,$4.317,2026-09-28
Wisconsin,WI,Marathon,$4.298,2026-09-28
Wisconsin,WI,Marinette,$4.283,2026-09-28
Wisconsin,WI,Marquette,$4.431,2026-09-28
Wisconsin,WI,Menominee,$4.499,2026-09-28
Wisconsin,WI,Milwaukee,$4.301,2026-09-28
Wisconsin,WI,Monroe,$4.352,2026-09-28
Wisconsin,WI,Oconto,$4.319,2026-09-28
Wisconsin,WI,Oneida,$4.355,2026-09-28
Wisconsin,WI,Outagamie,$4.241,2026-09-28
Wisconsin,WI,Ozaukee,$4.393,2026-09-28
Wisconsin,WI,Pepin,$4.239,2026-09-28
Wisconsin,WI,Pierce,$4.319,2026-09-28
Wisconsin,WI,Polk,$4.215,2026-09-28
Wisconsin,WI,Portage,$4.362,2026-09-28
Wisconsin,WI,Price,$4.349,2026-09-28
Wisconsin,WI,Racine,$4.245,2026-09-28
Wisconsin,WI,Richland,$4.222,2026-09-28
Wisconsin,WI,Rock,$4.234,2026-09-28
Wisconsin,WI,Rusk,$4.376,2026-09-28
Wisconsin,WI,Sauk,$4.281,2026-09-28
Wisconsin,WI,Sawyer,$4.405,2026-09-28
Wisconsin,WI,Shawano,$4.177,2026-09-28
Wisconsin,WI,Sheboygan,$4.346,2026-09-28
Wisconsin,WI,Saint Croix,$4.330,2026-09-28
Wisconsin,WI,Taylor,$4.291,2026-09-28
Wisconsin,WI,Trempealeau,$4.295,2026-09-28
Wisconsin,WI,Vernon,$4.317,2026-09-28
Wisconsin,WI,Vilas,$4.465,2026-09-28
Wisconsin,WI,Walworth,$4.346,2026-09-28
Wisconsin,WI,Washburn,$4.389,2026-09-28
Wisconsin,WI,Washington,$4.329,2026-09-28
Wisconsin,WI,Waukesha,$4.245,2026-09-28
Wisconsin,WI,Waupaca,$4.307,2026-09-28
Wisconsin,WI,Waushara,$4.459,2026-09-28
Wisconsin,WI,Winnebago,$4.326,2026-09-28
Wisconsin,WI,Wood,$4.309,2026-09-28
Wyoming,WY,Albany,$4.331,2026-09-28
Wyoming,WY,Big Horn,$4.555,2026-09-28
Wyoming,WY,Campbell,$4.216,2026-09-28
Wyoming,WY,Carbon,$4.492,2026-09-28
Wyoming,WY,Converse,$4.256,2026-09-28
Wyoming,WY,Crook,$4.296,2026-09-28
Wyoming,WY,Fremont,$4.570,2026-09-28
Wyoming,WY,Goshen,$4.154,2026-09-28
Wyoming,WY,Hot Springs,$4.592,2026-09-28
Wyoming,WY,Johnson,$4.610,2026-09-28
Wyoming,WY,Laramie,$4.262,2026-09-28
Wyoming,WY,Lincoln,$4.992,2026-09-28
Wyoming,WY,Natrona,$4.217,2026-09-28
Wyoming,WY,Niobrara,$4.249,2026-09-28
Wyoming,WY,Park,$4.816,2026-09-28
Wyoming,WY,Platte,$4.832,2026-09-28
Wyoming,WY,Sheridan,$4.391,2026-09-28
Wyoming,WY,Sublette,$4.676,2026-09-28
Wyoming,WY,Sweetwater,$4.556,2026-09-28
Wyoming,WY,Teton,$5.097,2026-09-28
Wyoming,WY,Uinta,$4.920,2026-09-28
Wyoming,WY,Washakie,$4.491,2026-09-28
Wyoming,WY,Weston,$4.432,2026-09-28
