state,abbreviation,name,price,date
Alabama,AL,Autauga,$3.933,2026-09-16
Alabama,AL,Baldwin,$3.925,2026-09-16
Alabama,AL,Barbour,$3.984,2026-09-16
Alabama,AL,Bibb,$3.940,2026-09-16
Alabama,AL,Blount,$4.017,2026-09-16
Alabama,AL,Bullock,$3.999,2026-09-16
Alabama,AL,Butler,$4.022,2026-09-16
Alabama,AL,Calhoun,$3.925,2026-09-16
Alabama,AL,Chambers,$3.970,2026-09-16
Alabama,AL,Cherokee,$3.874,2026-09-16
Alabama,AL,Chilton,$3.957,2026-09-16
Alabama,AL,Choctaw,$3.988,2026-09-16
Alabama,AL,Clarke,$3.974,2026-09-16
Alabama,AL,Clay,$3.979,2026-09-16
Alabama,AL,Cleburne,$3.975,2026-09-16
Alabama,AL,Coffee,$3.963,2026-09-16
Alabama,AL,Colbert,$3.903,2026-09-16
Alabama,AL,Conecuh,$4.017,2026-09-16
Alabama,AL,Coosa,$4.063,2026-09-16
Alabama,AL,Covington,$3.998,2026-09-16
Alabama,AL,Crenshaw,$3.993,2026-09-16
Alabama,AL,Cullman,$3.902,2026-09-16
Alabama,AL,Dale,$3.963,2026-09-16
Alabama,AL,Dallas,$3.933,2026-09-16
Alabama,AL,De Kalb,$3.952,2026-09-16
Alabama,AL,Elmore,$3.942,2026-09-16
Alabama,AL,Escambia,$3.959,2026-09-16
Alabama,AL,Etowah,$3.921,2026-09-16
Alabama,AL,Fayette,$4.125,2026-09-16
Alabama,AL,Franklin,$3.888,2026-09-16
Alabama,AL,Geneva,$3.973,2026-09-16
Alabama,AL,Greene,$4.089,2026-09-16
Alabama,AL,Hale,$3.987,2026-09-16
Alabama,AL,Henry,$3.982,2026-09-16
Alabama,AL,Houston,$3.963,2026-09-16
Alabama,AL,Jackson,$3.978,2026-09-16
Alabama,AL,Jefferson,$3.935,2026-09-16
Alabama,AL,Lamar,$4.015,2026-09-16
Alabama,AL,Lauderdale,$3.939,2026-09-16
Alabama,AL,Lawrence,$3.929,2026-09-16
Alabama,AL,Lee,$3.948,2026-09-16
Alabama,AL,Limestone,$3.915,2026-09-16
Alabama,AL,Lowndes,$4.016,2026-09-16
Alabama,AL,Macon,$4.053,2026-09-16
Alabama,AL,Madison,$3.926,2026-09-16
Alabama,AL,Marengo,$3.917,2026-09-16
Alabama,AL,Marion,$3.972,2026-09-16
Alabama,AL,Marshall,$3.884,2026-09-16
Alabama,AL,Mobile,$3.935,2026-09-16
Alabama,AL,Monroe,$3.938,2026-09-16
Alabama,AL,Montgomery,$3.973,2026-09-16
Alabama,AL,Morgan,$3.897,2026-09-16
Alabama,AL,Perry,$4.166,2026-09-16
Alabama,AL,Pickens,$3.941,2026-09-16
Alabama,AL,Pike,$3.985,2026-09-16
Alabama,AL,Randolph,$3.934,2026-09-16
Alabama,AL,Russell,$3.989,2026-09-16
Alabama,AL,Shelby,$3.944,2026-09-16
Alabama,AL,Saint Clair,$3.936,2026-09-16
Alabama,AL,Sumter,$4.003,2026-09-16
Alabama,AL,Talladega,$3.938,2026-09-16
Alabama,AL,Tallapoosa,$3.961,2026-09-16
Alabama,AL,Tuscaloosa,$3.952,2026-09-16
Alabama,AL,Walker,$3.901,2026-09-16
Alabama,AL,Washington,$4.004,2026-09-16
Alabama,AL,Wilcox,$4.231,2026-09-16
Alabama,AL,Winston,$4.045,2026-09-16
Alaska,AK,Aleutians East,,2026-09-16
Alaska,AK,Aleutians West,,2026-09-16
Alaska,AK,Anchorage,$5.040,2026-09-16
Alaska,AK,Bethel,,2026-09-16
Alaska,AK,Bristol Bay,,2026-09-16
Alaska,AK,Denali,$5.379,2026-09-16
Alaska,AK,Dillingham,,2026-09-16
Alaska,AK,Fairbanks North Star,$5.037,2026-09-16
Alaska,AK,Haines,$5.689,2026-09-16
Alaska,AK,Juneau,$4.843,2026-09-16
Alaska,AK,Kenai Peninsula,$5.132,2026-09-16
Alaska,AK,Ketchikan Gateway,$4.689,2026-09-16
Alaska,AK,Kodiak Island,$4.664,2026-09-16
Alaska,AK,Matanuska Susitna,$4.964,2026-09-16
Alaska,AK,Nome,,2026-09-16
Alaska,AK,North Slope,$5.399,2026-09-16
Alaska,AK,Northwest Arctic,,2026-09-16
Alaska,AK,Lake and Peninsula,,2026-09-16
Alaska,AK,Prince Wales Ketchikan,$5.944,2026-09-16
Alaska,AK,Sitka,$4.564,2026-09-16
Alaska,AK,Skagway Hoonah Angoon,$5.609,2026-09-16
Alaska,AK,Southeast Fairbanks,$5.184,2026-09-16
Alaska,AK,Valdez Cordova,$5.499,2026-09-16
Alaska,AK,Wade Hampton,,2026-09-16
Alaska,AK,Wrangell Petersburg,$4.829,2026-09-16
Alaska,AK,Yakutat,,2026-09-16
Alaska,AK,Yukon Koyukuk,$5.369,2026-09-16
Arizona,AZ,Apache,$4.718,2026-09-16
Arizona,AZ,Cochise,$4.341,2026-09-16
Arizona,AZ,Coconino,$4.718,2026-09-16
Arizona,AZ,Gila,$4.478,2026-09-16
Arizona,AZ,Graham,$4.574,2026-09-16
Arizona,AZ,Greenlee,$4.449,2026-09-16
Arizona,AZ,La Paz,$4.492,2026-09-16
Arizona,AZ,Maricopa,$4.671,2026-09-16
Arizona,AZ,Mohave,$4.727,2026-09-16
Arizona,AZ,Navajo,$4.541,2026-09-16
Arizona,AZ,Pima,$4.443,2026-09-16
Arizona,AZ,Pinal,$4.513,2026-09-16
Arizona,AZ,Santa Cruz,$4.582,2026-09-16
Arizona,AZ,Yavapai,$4.655,2026-09-16
Arizona,AZ,Yuma,$4.609,2026-09-16
Arkansas,AR,Arkansas,$3.975,2026-09-16
Arkansas,AR,Ashley,$3.978,2026-09-16
Arkansas,AR,Baxter,$3.995,2026-09-16
Arkansas,AR,Benton,$3.980,2026-09-16
Arkansas,AR,Boone,$4.064,2026-09-16
Arkansas,AR,Bradley,$3.963,2026-09-16
Arkansas,AR,Calhoun,$3.999,2026-09-16
Arkansas,AR,Carroll,$3.981,2026-09-16
Arkansas,AR,Chicot,$3.989,2026-09-16
Arkansas,AR,Clark,$4.016,2026-09-16
Arkansas,AR,Clay,$4.016,2026-09-16
Arkansas,AR,Cleburne,$3.933,2026-09-16
Arkansas,AR,Cleveland,$4.099,2026-09-16
Arkansas,AR,Columbia,$4.104,2026-09-16
Arkansas,AR,Conway,$3.996,2026-09-16
Arkansas,AR,Craighead,$3.885,2026-09-16
Arkansas,AR,Crawford,$4.012,2026-09-16
Arkansas,AR,Crittenden,$3.973,2026-09-16
Arkansas,AR,Cross,$3.973,2026-09-16
Arkansas,AR,Dallas,$3.832,2026-09-16
Arkansas,AR,Desha,$4.156,2026-09-16
Arkansas,AR,Drew,$4.150,2026-09-16
Arkansas,AR,Faulkner,$3.926,2026-09-16
Arkansas,AR,Franklin,$4.030,2026-09-16
Arkansas,AR,Fulton,$4.091,2026-09-16
Arkansas,AR,Garland,$3.895,2026-09-16
Arkansas,AR,Grant,$3.976,2026-09-16
Arkansas,AR,Greene,$3.844,2026-09-16
Arkansas,AR,Hempstead,$4.002,2026-09-16
Arkansas,AR,Hot Spring,$3.883,2026-09-16
Arkansas,AR,Howard,$4.126,2026-09-16
Arkansas,AR,Independence,$3.981,2026-09-16
Arkansas,AR,Izard,$3.923,2026-09-16
Arkansas,AR,Jackson,$3.904,2026-09-16
Arkansas,AR,Jefferson,$3.902,2026-09-16
Arkansas,AR,Johnson,$4.073,2026-09-16
Arkansas,AR,Lafayette,$4.119,2026-09-16
Arkansas,AR,Lawrence,$3.969,2026-09-16
Arkansas,AR,Lee,$3.999,2026-09-16
Arkansas,AR,Lincoln,$4.066,2026-09-16
Arkansas,AR,Little River,$4.037,2026-09-16
Arkansas,AR,Logan,$4.127,2026-09-16
Arkansas,AR,Lonoke,$3.937,2026-09-16
Arkansas,AR,Madison,$3.989,2026-09-16
Arkansas,AR,Marion,$4.052,2026-09-16
Arkansas,AR,Miller,$3.976,2026-09-16
Arkansas,AR,Mississippi,$3.995,2026-09-16
Arkansas,AR,Monroe,$3.988,2026-09-16
Arkansas,AR,Montgomery,$4.159,2026-09-16
Arkansas,AR,Nevada,$3.948,2026-09-16
Arkansas,AR,Newton,$4.241,2026-09-16
Arkansas,AR,Ouachita,$4.008,2026-09-16
Arkansas,AR,Perry,$3.899,2026-09-16
Arkansas,AR,Phillips,$3.991,2026-09-16
Arkansas,AR,Pike,$4.008,2026-09-16
Arkansas,AR,Poinsett,$4.001,2026-09-16
Arkansas,AR,Polk,$3.980,2026-09-16
Arkansas,AR,Pope,$3.893,2026-09-16
Arkansas,AR,Prairie,$3.903,2026-09-16
Arkansas,AR,Pulaski,$3.957,2026-09-16
Arkansas,AR,Randolph,$3.945,2026-09-16
Arkansas,AR,Saline,$3.965,2026-09-16
Arkansas,AR,Scott,$3.937,2026-09-16
Arkansas,AR,Searcy,$4.010,2026-09-16
Arkansas,AR,Sebastian,$3.958,2026-09-16
Arkansas,AR,Sevier,$4.014,2026-09-16
Arkansas,AR,Sharp,$3.944,2026-09-16
Arkansas,AR,Saint Francis,$3.961,2026-09-16
Arkansas,AR,Stone,$4.067,2026-09-16
Arkansas,AR,Union,$4.054,2026-09-16
Arkansas,AR,Van Buren,$3.921,2026-09-16
Arkansas,AR,Washington,$4.014,2026-09-16
Arkansas,AR,White,$3.887,2026-09-16
Arkansas,AR,Woodruff,$3.949,2026-09-16
Arkansas,AR,Yell,$3.978,2026-09-16
California,CA,Alameda,$6.111,2026-09-16
California,CA,Alpine,,2026-09-16
California,CA,Amador,$5.872,2026-09-16
California,CA,Butte,$5.843,2026-09-16
California,CA,Calaveras,$5.990,2026-09-16
California,CA,Colusa,$5.922,2026-09-16
California,CA,Contra Costa,$6.066,2026-09-16
California,CA,Del Norte,$6.135,2026-09-16
California,CA,El Dorado,$6.093,2026-09-16
California,CA,Fresno,$6.028,2026-09-16
California,CA,Glenn,$5.948,2026-09-16
California,CA,Humboldt,$6.535,2026-09-16
California,CA,Imperial,$5.792,2026-09-16
California,CA,Inyo,$6.307,2026-09-16
California,CA,Kern,$5.975,2026-09-16
California,CA,Kings,$5.992,2026-09-16
California,CA,Lake,$6.092,2026-09-16
California,CA,Lassen,$5.913,2026-09-16
California,CA,Los Angeles,$6.091,2026-09-16
California,CA,Madera,$6.047,2026-09-16
California,CA,Marin,$6.202,2026-09-16
California,CA,Mariposa,$6.249,2026-09-16
California,CA,Mendocino,$6.037,2026-09-16
California,CA,Merced,$5.946,2026-09-16
California,CA,Modoc,$5.996,2026-09-16
California,CA,Mono,$7.105,2026-09-16
California,CA,Monterey,$6.221,2026-09-16
California,CA,Napa,$6.162,2026-09-16
California,CA,Nevada,$6.247,2026-09-16
California,CA,Orange,$6.072,2026-09-16
California,CA,Placer,$6.093,2026-09-16
California,CA,Plumas,$6.059,2026-09-16
California,CA,Riverside,$5.992,2026-09-16
California,CA,Sacramento,$5.931,2026-09-16
California,CA,San Benito,$6.070,2026-09-16
California,CA,San Bernardino,$5.974,2026-09-16
California,CA,San Diego,$6.120,2026-09-16
California,CA,San Francisco,$6.116,2026-09-16
California,CA,San Joaquin,$5.905,2026-09-16
California,CA,San Luis Obispo,$6.243,2026-09-16
California,CA,San Mateo,$6.223,2026-09-16
California,CA,Santa Barbara,$6.066,2026-09-16
California,CA,Santa Clara,$6.027,2026-09-16
California,CA,Santa Cruz,$6.036,2026-09-16
California,CA,Shasta,$5.848,2026-09-16
California,CA,Sierra,$6.399,2026-09-16
California,CA,Siskiyou,$6.199,2026-09-16
California,CA,Solano,$6.000,2026-09-16
California,CA,Sonoma,$6.259,2026-09-16
California,CA,Stanislaus,$5.865,2026-09-16
California,CA,Sutter,$5.761,2026-09-16
California,CA,Tehama,$5.793,2026-09-16
California,CA,Trinity,$6.133,2026-09-16
California,CA,Tulare,$6.002,2026-09-16
California,CA,Tuolumne,$5.879,2026-09-16
California,CA,Ventura,$6.007,2026-09-16
California,CA,Yolo,$6.001,2026-09-16
California,CA,Yuba,$5.761,2026-09-16
Colorado,CO,Adams,$4.070,2026-09-16
Colorado,CO,Alamosa,$4.332,2026-09-16
Colorado,CO,Arapahoe,$4.163,2026-09-16
Colorado,CO,Archuleta,$4.606,2026-09-16
Colorado,CO,Baca,$4.155,2026-09-16
Colorado,CO,Bent,$4.092,2026-09-16
Colorado,CO,Boulder,$4.361,2026-09-16
Colorado,CO,Broomfield,$4.158,2026-09-16
Colorado,CO,Chaffee,$4.506,2026-09-16
Colorado,CO,Cheyenne,$4.089,2026-09-16
Colorado,CO,Clear Creek,$4.613,2026-09-16
Colorado,CO,Conejos,$4.379,2026-09-16
Colorado,CO,Costilla,$4.494,2026-09-16
Colorado,CO,Crowley,$4.099,2026-09-16
Colorado,CO,Custer,$4.299,2026-09-16
Colorado,CO,Delta,$4.461,2026-09-16
Colorado,CO,Denver,$4.211,2026-09-16
Colorado,CO,Dolores,$4.619,2026-09-16
Colorado,CO,Douglas,$4.204,2026-09-16
Colorado,CO,Eagle,$4.775,2026-09-16
Colorado,CO,El Paso,$4.134,2026-09-16
Colorado,CO,Elbert,$4.431,2026-09-16
Colorado,CO,Fremont,$4.145,2026-09-16
Colorado,CO,Garfield,$4.796,2026-09-16
Colorado,CO,Gilpin,$4.499,2026-09-16
Colorado,CO,Grand,$4.644,2026-09-16
Colorado,CO,Gunnison,$4.523,2026-09-16
Colorado,CO,Hinsdale,$5.509,2026-09-16
Colorado,CO,Huerfano,$4.346,2026-09-16
Colorado,CO,Jackson,$4.899,2026-09-16
Colorado,CO,Jefferson,$4.235,2026-09-16
Colorado,CO,Kiowa,$3.997,2026-09-16
Colorado,CO,Kit Carson,$4.148,2026-09-16
Colorado,CO,La Plata,$4.714,2026-09-16
Colorado,CO,Lake,$4.607,2026-09-16
Colorado,CO,Larimer,$4.250,2026-09-16
Colorado,CO,Las Animas,$4.271,2026-09-16
Colorado,CO,Lincoln,$3.963,2026-09-16
Colorado,CO,Logan,$4.481,2026-09-16
Colorado,CO,Mesa,$4.482,2026-09-16
Colorado,CO,Mineral,$4.799,2026-09-16
Colorado,CO,Moffat,$4.626,2026-09-16
Colorado,CO,Montezuma,$4.506,2026-09-16
Colorado,CO,Montrose,$4.614,2026-09-16
Colorado,CO,Morgan,$4.350,2026-09-16
Colorado,CO,Otero,$4.173,2026-09-16
Colorado,CO,Ouray,$4.992,2026-09-16
Colorado,CO,Park,$4.477,2026-09-16
Colorado,CO,Phillips,$4.809,2026-09-16
Colorado,CO,Pitkin,$5.723,2026-09-16
Colorado,CO,Prowers,$4.042,2026-09-16
Colorado,CO,Pueblo,$4.057,2026-09-16
Colorado,CO,Rio Blanco,$4.566,2026-09-16
Colorado,CO,Rio Grande,$4.312,2026-09-16
Colorado,CO,Routt,$4.891,2026-09-16
Colorado,CO,Saguache,$4.566,2026-09-16
Colorado,CO,San Juan,$4.859,2026-09-16
Colorado,CO,San Miguel,$5.089,2026-09-16
Colorado,CO,Sedgwick,$4.849,2026-09-16
Colorado,CO,Summit,$4.613,2026-09-16
Colorado,CO,Teller,$4.380,2026-09-16
Colorado,CO,Washington,$4.361,2026-09-16
Colorado,CO,Weld,$4.082,2026-09-16
Colorado,CO,Yuma,$4.361,2026-09-16
Connecticut,CT,Fairfield,$4.531,2026-09-16
Connecticut,CT,Hartford,$4.453,2026-09-16
Connecticut,CT,Litchfield,$4.452,2026-09-16
Connecticut,CT,Middlesex,$4.424,2026-09-16
Connecticut,CT,New Haven,$4.428,2026-09-16
Connecticut,CT,New London,$4.445,2026-09-16
Connecticut,CT,Tolland,$4.423,2026-09-16
Connecticut,CT,Windham,$4.490,2026-09-16
Delaware,DE,Kent,$4.371,2026-09-16
Delaware,DE,New castle,$4.361,2026-09-16
Delaware,DE,Sussex,$4.372,2026-09-16
Florida,FL,Alachua,$4.263,2026-09-16
Florida,FL,Baker,$4.183,2026-09-16
Florida,FL,Bay,$4.007,2026-09-16
Florida,FL,Bradford,$4.179,2026-09-16
Florida,FL,Brevard,$4.162,2026-09-16
Florida,FL,Broward,$4.230,2026-09-16
Florida,FL,Calhoun,$4.148,2026-09-16
Florida,FL,Charlotte,$4.195,2026-09-16
Florida,FL,Citrus,$4.209,2026-09-16
Florida,FL,Clay,$4.194,2026-09-16
Florida,FL,Collier,$4.308,2026-09-16
Florida,FL,Columbia,$4.094,2026-09-16
Florida,FL,De Soto,$4.241,2026-09-16
Florida,FL,Dixie,$4.217,2026-09-16
Florida,FL,Duval,$4.165,2026-09-16
Florida,FL,Escambia,$4.005,2026-09-16
Florida,FL,Flagler,$4.222,2026-09-16
Florida,FL,Franklin,$4.018,2026-09-16
Florida,FL,Gadsden,$4.114,2026-09-16
Florida,FL,Gilchrist,$4.202,2026-09-16
Florida,FL,Glades,$4.212,2026-09-16
Florida,FL,Gulf,$4.060,2026-09-16
Florida,FL,Hamilton,$4.069,2026-09-16
Florida,FL,Hardee,$4.189,2026-09-16
Florida,FL,Hendry,$4.248,2026-09-16
Florida,FL,Hernando,$4.253,2026-09-16
Florida,FL,Highlands,$4.135,2026-09-16
Florida,FL,Hillsborough,$4.221,2026-09-16
Florida,FL,Holmes,$4.061,2026-09-16
Florida,FL,Indian River,$4.170,2026-09-16
Florida,FL,Jackson,$4.012,2026-09-16
Florida,FL,Jefferson,$4.151,2026-09-16
Florida,FL,Lafayette,$4.299,2026-09-16
Florida,FL,Lake,$4.212,2026-09-16
Florida,FL,Lee,$4.264,2026-09-16
Florida,FL,Leon,$4.037,2026-09-16
Florida,FL,Levy,$4.247,2026-09-16
Florida,FL,Liberty,$4.199,2026-09-16
Florida,FL,Madison,$4.169,2026-09-16
Florida,FL,Manatee,$4.225,2026-09-16
Florida,FL,Marion,$4.210,2026-09-16
Florida,FL,Martin,$4.208,2026-09-16
Florida,FL,Miami Dade,$4.160,2026-09-16
Florida,FL,Monroe,$4.399,2026-09-16
Florida,FL,Nassau,$4.247,2026-09-16
Florida,FL,Okaloosa,$3.996,2026-09-16
Florida,FL,Okeechobee,$4.182,2026-09-16
Florida,FL,Orange,$4.254,2026-09-16
Florida,FL,Osceola,$4.242,2026-09-16
Florida,FL,Palm Beach,$4.341,2026-09-16
Florida,FL,Pasco,$4.226,2026-09-16
Florida,FL,Pinellas,$4.229,2026-09-16
Florida,FL,Polk,$4.176,2026-09-16
Florida,FL,Putnam,$4.160,2026-09-16
Florida,FL,Santa Rosa,$4.045,2026-09-16
Florida,FL,Sarasota,$4.219,2026-09-16
Florida,FL,Seminole,$4.237,2026-09-16
Florida,FL,Saint Johns,$4.217,2026-09-16
Florida,FL,Saint Lucie,$4.163,2026-09-16
Florida,FL,Sumter,$4.214,2026-09-16
Florida,FL,Suwannee,$4.220,2026-09-16
Florida,FL,Taylor,$4.200,2026-09-16
Florida,FL,Union,$4.339,2026-09-16
Florida,FL,Volusia,$4.235,2026-09-16
Florida,FL,Wakulla,$4.020,2026-09-16
Florida,FL,Walton,$4.018,2026-09-16
Florida,FL,Washington,$4.060,2026-09-16
Georgia,GA,Appling,$4.092,2026-09-16
Georgia,GA,Atkinson,$4.049,2026-09-16
Georgia,GA,Bacon,$4.149,2026-09-16
Georgia,GA,Bibb,$4.101,2026-09-16
Georgia,GA,Bulloch,$4.154,2026-09-16
Georgia,GA,Baldwin,$4.125,2026-09-16
Georgia,GA,Brantley,$4.199,2026-09-16
Georgia,GA,Ben Hill,$4.119,2026-09-16
Georgia,GA,Berrien,$4.154,2026-09-16
Georgia,GA,Baker,$3.999,2026-09-16
Georgia,GA,Bleckley,$4.172,2026-09-16
Georgia,GA,Banks,$4.042,2026-09-16
Georgia,GA,Brooks,$4.182,2026-09-16
Georgia,GA,Bryan,$4.190,2026-09-16
Georgia,GA,Butts,$3.999,2026-09-16
Georgia,GA,Bartow,$3.963,2026-09-16
Georgia,GA,Burke,$4.072,2026-09-16
Georgia,GA,Barrow,$4.015,2026-09-16
Georgia,GA,Chatham,$4.190,2026-09-16
Georgia,GA,Cobb,$4.001,2026-09-16
Georgia,GA,Chattahoochee,$4.132,2026-09-16
Georgia,GA,Crawford,$4.199,2026-09-16
Georgia,GA,Cherokee,$4.012,2026-09-16
Georgia,GA,Coffee,$4.159,2026-09-16
Georgia,GA,Chattooga,$4.073,2026-09-16
Georgia,GA,Charlton,$4.168,2026-09-16
Georgia,GA,Clinch,$4.149,2026-09-16
Georgia,GA,Clarke,$3.994,2026-09-16
Georgia,GA,Calhoun,$4.349,2026-09-16
Georgia,GA,Camden,$4.122,2026-09-16
Georgia,GA,Candler,$4.211,2026-09-16
Georgia,GA,Cook,$4.069,2026-09-16
Georgia,GA,Crisp,$3.984,2026-09-16
Georgia,GA,Colquitt,$4.047,2026-09-16
Georgia,GA,Carroll,$3.995,2026-09-16
Georgia,GA,Catoosa,$3.990,2026-09-16
Georgia,GA,Clayton,$4.009,2026-09-16
Georgia,GA,Columbia,$4.184,2026-09-16
Georgia,GA,Coweta,$4.046,2026-09-16
Georgia,GA,Clay,$4.099,2026-09-16
Georgia,GA,Dade,$4.048,2026-09-16
Georgia,GA,Decatur,$4.100,2026-09-16
Georgia,GA,Douglas,$4.023,2026-09-16
Georgia,GA,DeKalb,$4.043,2026-09-16
Georgia,GA,Dooly,$4.176,2026-09-16
Georgia,GA,Dodge,$4.184,2026-09-16
Georgia,GA,Dougherty,$4.113,2026-09-16
Georgia,GA,Dawson,$4.007,2026-09-16
Georgia,GA,Early,$4.194,2026-09-16
Georgia,GA,Echols,$4.099,2026-09-16
Georgia,GA,Effingham,$4.134,2026-09-16
Georgia,GA,Elbert,$4.038,2026-09-16
Georgia,GA,Emanuel,$4.153,2026-09-16
Georgia,GA,Evans,$4.099,2026-09-16
Georgia,GA,Fannin,$4.071,2026-09-16
Georgia,GA,Floyd,$4.065,2026-09-16
Georgia,GA,Forsyth,$4.000,2026-09-16
Georgia,GA,Franklin,$4.072,2026-09-16
Georgia,GA,Fulton,$4.156,2026-09-16
Georgia,GA,Fayette,$4.058,2026-09-16
Georgia,GA,Greene,$4.014,2026-09-16
Georgia,GA,Gilmer,$4.056,2026-09-16
Georgia,GA,Glascock,$4.049,2026-09-16
Georgia,GA,Gordon,$4.112,2026-09-16
Georgia,GA,Grady,$4.124,2026-09-16
Georgia,GA,Gwinnett,$4.002,2026-09-16
Georgia,GA,Glynn,$4.030,2026-09-16
Georgia,GA,Habersham,$3.991,2026-09-16
Georgia,GA,Heard,$4.066,2026-09-16
Georgia,GA,Harris,$4.129,2026-09-16
Georgia,GA,Hall,$4.009,2026-09-16
Georgia,GA,Hancock,$3.999,2026-09-16
Georgia,GA,Houston,$4.033,2026-09-16
Georgia,GA,Haralson,$3.982,2026-09-16
Georgia,GA,Hart,$3.967,2026-09-16
Georgia,GA,Henry,$4.002,2026-09-16
Georgia,GA,Irwin,$4.101,2026-09-16
Georgia,GA,Jackson,$3.983,2026-09-16
Georgia,GA,Jeff Davis,$4.078,2026-09-16
Georgia,GA,Jefferson,$4.113,2026-09-16
Georgia,GA,Jenkins,$4.091,2026-09-16
Georgia,GA,Jones,$4.021,2026-09-16
Georgia,GA,Johnson,$4.119,2026-09-16
Georgia,GA,Jasper,$4.040,2026-09-16
Georgia,GA,Lamar,$4.143,2026-09-16
Georgia,GA,Lincoln,$4.011,2026-09-16
Georgia,GA,Lee,$4.154,2026-09-16
Georgia,GA,Liberty,$4.169,2026-09-16
Georgia,GA,Lanier,$4.032,2026-09-16
Georgia,GA,Long,$4.116,2026-09-16
Georgia,GA,Lumpkin,$4.053,2026-09-16
Georgia,GA,Laurens,$4.012,2026-09-16
Georgia,GA,Lowndes,$3.973,2026-09-16
Georgia,GA,Macon,$4.128,2026-09-16
Georgia,GA,Mcduffie,$3.968,2026-09-16
Georgia,GA,Madison,$3.985,2026-09-16
Georgia,GA,Meriwether,$4.100,2026-09-16
Georgia,GA,Montgomery,$4.149,2026-09-16
Georgia,GA,Mcintosh,$4.034,2026-09-16
Georgia,GA,Miller,$4.107,2026-09-16
Georgia,GA,Morgan,$3.931,2026-09-16
Georgia,GA,Monroe,$4.043,2026-09-16
Georgia,GA,Marion,$4.199,2026-09-16
Georgia,GA,Muscogee,$4.072,2026-09-16
Georgia,GA,Mitchell,$4.131,2026-09-16
Georgia,GA,Murray,$4.121,2026-09-16
Georgia,GA,Newton,$4.025,2026-09-16
Georgia,GA,Oconee,$4.015,2026-09-16
Georgia,GA,Oglethorpe,$4.061,2026-09-16
Georgia,GA,Peach,$4.019,2026-09-16
Georgia,GA,Pickens,$3.966,2026-09-16
Georgia,GA,Paulding,$4.012,2026-09-16
Georgia,GA,Pierce,$4.231,2026-09-16
Georgia,GA,Pike,$4.049,2026-09-16
Georgia,GA,Pulaski,$4.132,2026-09-16
Georgia,GA,Polk,$3.974,2026-09-16
Georgia,GA,Putnam,$4.036,2026-09-16
Georgia,GA,Quitman,$4.042,2026-09-16
Georgia,GA,Randolph,$4.031,2026-09-16
Georgia,GA,Rabun,$3.966,2026-09-16
Georgia,GA,Richmond,$4.188,2026-09-16
Georgia,GA,Rockdale,$4.014,2026-09-16
Georgia,GA,Schley,$3.999,2026-09-16
Georgia,GA,Stephens,$3.943,2026-09-16
Georgia,GA,Seminole,$4.118,2026-09-16
Georgia,GA,Spalding,$4.035,2026-09-16
Georgia,GA,Screven,$4.174,2026-09-16
Georgia,GA,Stewart,$4.149,2026-09-16
Georgia,GA,Sumter,$4.029,2026-09-16
Georgia,GA,Taliaferro,$4.049,2026-09-16
Georgia,GA,Talbot,$4.111,2026-09-16
Georgia,GA,Treutlen,$4.106,2026-09-16
Georgia,GA,Telfair,$4.149,2026-09-16
Georgia,GA,Thomas,$4.175,2026-09-16
Georgia,GA,Tift,$4.070,2026-09-16
Georgia,GA,Terrell,$4.065,2026-09-16
Georgia,GA,Toombs,$4.182,2026-09-16
Georgia,GA,Towns,$4.049,2026-09-16
Georgia,GA,Troup,$4.024,2026-09-16
Georgia,GA,Tattnall,$4.191,2026-09-16
Georgia,GA,Turner,$4.138,2026-09-16
Georgia,GA,Twiggs,$4.202,2026-09-16
Georgia,GA,Taylor,$4.175,2026-09-16
Georgia,GA,Union,$4.016,2026-09-16
Georgia,GA,Upson,$4.045,2026-09-16
Georgia,GA,Ware,$4.192,2026-09-16
Georgia,GA,Wilcox,$3.999,2026-09-16
Georgia,GA,Wheeler,$4.159,2026-09-16
Georgia,GA,Washington,$3.999,2026-09-16
Georgia,GA,Whitfield,$4.064,2026-09-16
Georgia,GA,Wilkinson,$4.035,2026-09-16
Georgia,GA,Walker,$4.110,2026-09-16
Georgia,GA,Wilkes,$4.025,2026-09-16
Georgia,GA,Walton,$3.998,2026-09-16
Georgia,GA,Worth,$4.073,2026-09-16
Georgia,GA,Warren,$4.049,2026-09-16
Georgia,GA,Webster,$4.149,2026-09-16
Georgia,GA,White,$4.051,2026-09-16
Georgia,GA,Wayne,$4.135,2026-09-16
Hawaii,HI,Hawaii,$5.543,2026-09-16
Hawaii,HI,Honolulu,$5.419,2026-09-16
Hawaii,HI,Kalawao,,2026-09-16
Hawaii,HI,Kauai,$5.724,2026-09-16
Hawaii,HI,Maui,$5.525,2026-09-16
Idaho,ID,Ada,$4.858,2026-09-16
Idaho,ID,Adams,$5.094,2026-09-16
Idaho,ID,Bannock,$4.884,2026-09-16
Idaho,ID,Bear Lake,$4.921,2026-09-16
Idaho,ID,Benewah,$4.784,2026-09-16
Idaho,ID,Bingham,$4.856,2026-09-16
Idaho,ID,Blaine,$5.060,2026-09-16
Idaho,ID,Boise,$5.329,2026-09-16
Idaho,ID,Bonner,$4.769,2026-09-16
Idaho,ID,Bonneville,$4.847,2026-09-16
Idaho,ID,Boundary,$4.788,2026-09-16
Idaho,ID,Butte,$4.879,2026-09-16
Idaho,ID,Camas,$5.349,2026-09-16
Idaho,ID,Canyon,$4.839,2026-09-16
Idaho,ID,Caribou,$4.897,2026-09-16
Idaho,ID,Cassia,$4.930,2026-09-16
Idaho,ID,Clark,$5.499,2026-09-16
Idaho,ID,Clearwater,$4.699,2026-09-16
Idaho,ID,Custer,$4.990,2026-09-16
Idaho,ID,Elmore,$4.897,2026-09-16
Idaho,ID,Franklin,$4.761,2026-09-16
Idaho,ID,Fremont,$5.100,2026-09-16
Idaho,ID,Gem,$4.853,2026-09-16
Idaho,ID,Gooding,$4.923,2026-09-16
Idaho,ID,Idaho,$4.814,2026-09-16
Idaho,ID,Jefferson,$4.870,2026-09-16
Idaho,ID,Jerome,$4.875,2026-09-16
Idaho,ID,Kootenai,$4.680,2026-09-16
Idaho,ID,Latah,$4.759,2026-09-16
Idaho,ID,Lemhi,$4.805,2026-09-16
Idaho,ID,Lewis,$4.715,2026-09-16
Idaho,ID,Lincoln,$4.899,2026-09-16
Idaho,ID,Madison,$4.842,2026-09-16
Idaho,ID,Minidoka,$4.905,2026-09-16
Idaho,ID,Nez perce,$4.669,2026-09-16
Idaho,ID,Oneida,$4.859,2026-09-16
Idaho,ID,Owyhee,$4.892,2026-09-16
Idaho,ID,Payette,$4.976,2026-09-16
Idaho,ID,Power,$4.899,2026-09-16
Idaho,ID,Shoshone,$4.986,2026-09-16
Idaho,ID,Teton,$4.991,2026-09-16
Idaho,ID,Twin falls,$4.917,2026-09-16
Idaho,ID,Valley,$5.086,2026-09-16
Idaho,ID,Washington,$5.052,2026-09-16
Illinois,IL,Adams,$4.505,2026-09-16
Illinois,IL,Alexander,$4.699,2026-09-16
Illinois,IL,Bond,$4.453,2026-09-16
Illinois,IL,Boone,$4.599,2026-09-16
Illinois,IL,Brown,$4.366,2026-09-16
Illinois,IL,Bureau,$4.493,2026-09-16
Illinois,IL,Calhoun,$4.299,2026-09-16
Illinois,IL,Carroll,$4.505,2026-09-16
Illinois,IL,Cass,$4.473,2026-09-16
Illinois,IL,Champaign,$4.548,2026-09-16
Illinois,IL,Christian,$4.482,2026-09-16
Illinois,IL,Clark,$4.482,2026-09-16
Illinois,IL,Clay,$4.471,2026-09-16
Illinois,IL,Clinton,$4.454,2026-09-16
Illinois,IL,Coles,$4.478,2026-09-16
Illinois,IL,Cook,$4.774,2026-09-16
Illinois,IL,Crawford,$4.492,2026-09-16
Illinois,IL,Cumberland,$4.509,2026-09-16
Illinois,IL,Dewitt,$4.613,2026-09-16
Illinois,IL,De Kalb,$4.565,2026-09-16
Illinois,IL,Douglas,$4.433,2026-09-16
Illinois,IL,Du Page,$4.721,2026-09-16
Illinois,IL,Edgar,$4.511,2026-09-16
Illinois,IL,Edwards,$4.499,2026-09-16
Illinois,IL,Effingham,$4.401,2026-09-16
Illinois,IL,Fayette,$4.493,2026-09-16
Illinois,IL,Ford,$4.483,2026-09-16
Illinois,IL,Franklin,$4.525,2026-09-16
Illinois,IL,Fulton,$4.553,2026-09-16
Illinois,IL,Gallatin,$4.249,2026-09-16
Illinois,IL,Greene,$4.473,2026-09-16
Illinois,IL,Grundy,$4.580,2026-09-16
Illinois,IL,Hamilton,$4.474,2026-09-16
Illinois,IL,Hancock,$4.578,2026-09-16
Illinois,IL,Hardin,$4.499,2026-09-16
Illinois,IL,Henderson,$4.486,2026-09-16
Illinois,IL,Henry,$4.520,2026-09-16
Illinois,IL,Iroquois,$4.530,2026-09-16
Illinois,IL,Jackson,$4.584,2026-09-16
Illinois,IL,Jasper,$4.449,2026-09-16
Illinois,IL,Jefferson,$4.390,2026-09-16
Illinois,IL,Jersey,$4.449,2026-09-16
Illinois,IL,Jo Daviess,$4.524,2026-09-16
Illinois,IL,Johnson,$4.449,2026-09-16
Illinois,IL,Kane,$4.688,2026-09-16
Illinois,IL,Kankakee,$4.622,2026-09-16
Illinois,IL,Kendall,$4.657,2026-09-16
Illinois,IL,Knox,$4.547,2026-09-16
Illinois,IL,La Salle,$4.494,2026-09-16
Illinois,IL,Lake,$4.627,2026-09-16
Illinois,IL,Lawrence,$4.442,2026-09-16
Illinois,IL,Lee,$4.546,2026-09-16
Illinois,IL,Livingston,$4.480,2026-09-16
Illinois,IL,Logan,$4.493,2026-09-16
Illinois,IL,Macon,$4.536,2026-09-16
Illinois,IL,Macoupin,$4.504,2026-09-16
Illinois,IL,Madison,$4.451,2026-09-16
Illinois,IL,Marion,$4.502,2026-09-16
Illinois,IL,Marshall,$4.524,2026-09-16
Illinois,IL,Mason,$4.602,2026-09-16
Illinois,IL,Massac,$4.464,2026-09-16
Illinois,IL,McDonough,$4.494,2026-09-16
Illinois,IL,McHenry,$4.617,2026-09-16
Illinois,IL,McLean,$4.534,2026-09-16
Illinois,IL,Menard,$4.499,2026-09-16
Illinois,IL,Mercer,$4.613,2026-09-16
Illinois,IL,Monroe,$4.574,2026-09-16
Illinois,IL,Montgomery,$4.458,2026-09-16
Illinois,IL,Morgan,$4.504,2026-09-16
Illinois,IL,Moultrie,$4.542,2026-09-16
Illinois,IL,Ogle,$4.526,2026-09-16
Illinois,IL,Peoria,$4.681,2026-09-16
Illinois,IL,Perry,$4.499,2026-09-16
Illinois,IL,Piatt,$4.660,2026-09-16
Illinois,IL,Pike,$4.464,2026-09-16
Illinois,IL,Pope,$4.299,2026-09-16
Illinois,IL,Pulaski,$4.549,2026-09-16
Illinois,IL,Putnam,$4.499,2026-09-16
Illinois,IL,Randolph,$4.468,2026-09-16
Illinois,IL,Richland,$4.571,2026-09-16
Illinois,IL,Rock Island,$4.515,2026-09-16
Illinois,IL,Saline,$4.482,2026-09-16
Illinois,IL,Sangamon,$4.488,2026-09-16
Illinois,IL,Schuyler,$4.487,2026-09-16
Illinois,IL,Scott,$4.249,2026-09-16
Illinois,IL,Shelby,$4.437,2026-09-16
Illinois,IL,Saint Clair,$4.550,2026-09-16
Illinois,IL,Stark,$4.612,2026-09-16
Illinois,IL,Stephenson,$4.563,2026-09-16
Illinois,IL,Tazewell,$4.582,2026-09-16
Illinois,IL,Union,$4.516,2026-09-16
Illinois,IL,Vermilion,$4.533,2026-09-16
Illinois,IL,Wabash,$4.334,2026-09-16
Illinois,IL,Warren,$4.554,2026-09-16
Illinois,IL,Washington,$4.473,2026-09-16
Illinois,IL,Wayne,$4.449,2026-09-16
Illinois,IL,White,$4.455,2026-09-16
Illinois,IL,Whiteside,$4.511,2026-09-16
Illinois,IL,Will,$4.701,2026-09-16
Illinois,IL,Williamson,$4.476,2026-09-16
Illinois,IL,Winnebago,$4.534,2026-09-16
Illinois,IL,Woodford,$4.528,2026-09-16
Indiana,IN,Adams,$3.734,2026-09-16
Indiana,IN,Allen,$3.741,2026-09-16
Indiana,IN,Bartholomew,$3.693,2026-09-16
Indiana,IN,Benton,$3.731,2026-09-16
Indiana,IN,Blackford,$3.726,2026-09-16
Indiana,IN,Boone,$3.752,2026-09-16
Indiana,IN,Brown,$3.699,2026-09-16
Indiana,IN,Carroll,$3.963,2026-09-16
Indiana,IN,Cass,$3.775,2026-09-16
Indiana,IN,Clark,$3.587,2026-09-16
Indiana,IN,Clay,$3.704,2026-09-16
Indiana,IN,Clinton,$3.800,2026-09-16
Indiana,IN,Crawford,$3.699,2026-09-16
Indiana,IN,Daviess,$3.616,2026-09-16
Indiana,IN,De Kalb,$3.797,2026-09-16
Indiana,IN,Dearborn,$3.775,2026-09-16
Indiana,IN,Decatur,$3.732,2026-09-16
Indiana,IN,Delaware,$3.764,2026-09-16
Indiana,IN,Dubois,$3.595,2026-09-16
Indiana,IN,Elkhart,$3.744,2026-09-16
Indiana,IN,Fayette,$3.721,2026-09-16
Indiana,IN,Floyd,$3.613,2026-09-16
Indiana,IN,Fountain,$3.791,2026-09-16
Indiana,IN,Franklin,$3.816,2026-09-16
Indiana,IN,Fulton,$3.757,2026-09-16
Indiana,IN,Gibson,$3.621,2026-09-16
Indiana,IN,Grant,$3.760,2026-09-16
Indiana,IN,Greene,$3.548,2026-09-16
Indiana,IN,Hamilton,$3.776,2026-09-16
Indiana,IN,Hancock,$3.787,2026-09-16
Indiana,IN,Harrison,$3.652,2026-09-16
Indiana,IN,Hendricks,$3.759,2026-09-16
Indiana,IN,Henry,$3.744,2026-09-16
Indiana,IN,Howard,$3.666,2026-09-16
Indiana,IN,Huntington,$3.788,2026-09-16
Indiana,IN,Jackson,$3.750,2026-09-16
Indiana,IN,Jasper,$3.927,2026-09-16
Indiana,IN,Jay,$3.760,2026-09-16
Indiana,IN,Jefferson,$3.781,2026-09-16
Indiana,IN,Jennings,$3.692,2026-09-16
Indiana,IN,Johnson,$3.775,2026-09-16
Indiana,IN,Knox,$3.742,2026-09-16
Indiana,IN,Kosciusko,$3.790,2026-09-16
Indiana,IN,La Porte,$3.976,2026-09-16
Indiana,IN,Lagrange,$3.799,2026-09-16
Indiana,IN,Lake,$3.852,2026-09-16
Indiana,IN,Lawrence,$3.682,2026-09-16
Indiana,IN,Madison,$3.763,2026-09-16
Indiana,IN,Marion,$3.723,2026-09-16
Indiana,IN,Marshall,$3.772,2026-09-16
Indiana,IN,Martin,$3.532,2026-09-16
Indiana,IN,Miami,$3.787,2026-09-16
Indiana,IN,Monroe,$3.782,2026-09-16
Indiana,IN,Montgomery,$3.778,2026-09-16
Indiana,IN,Morgan,$3.762,2026-09-16
Indiana,IN,Newton,$3.744,2026-09-16
Indiana,IN,Noble,$3.749,2026-09-16
Indiana,IN,Ohio,$3.766,2026-09-16
Indiana,IN,Orange,$3.595,2026-09-16
Indiana,IN,Owen,$3.802,2026-09-16
Indiana,IN,Parke,$3.819,2026-09-16
Indiana,IN,Perry,$3.629,2026-09-16
Indiana,IN,Pike,$3.632,2026-09-16
Indiana,IN,Porter,$3.958,2026-09-16
Indiana,IN,Posey,$3.600,2026-09-16
Indiana,IN,Pulaski,$4.066,2026-09-16
Indiana,IN,Putnam,$3.757,2026-09-16
Indiana,IN,Randolph,$3.799,2026-09-16
Indiana,IN,Ripley,$3.713,2026-09-16
Indiana,IN,Rush,$3.694,2026-09-16
Indiana,IN,Scott,$3.701,2026-09-16
Indiana,IN,Shelby,$3.732,2026-09-16
Indiana,IN,Spencer,$3.561,2026-09-16
Indiana,IN,St Joseph,$3.771,2026-09-16
Indiana,IN,Starke,$3.897,2026-09-16
Indiana,IN,Steuben,$3.779,2026-09-16
Indiana,IN,Sullivan,$3.718,2026-09-16
Indiana,IN,Switzerland,$3.779,2026-09-16
Indiana,IN,Tippecanoe,$3.922,2026-09-16
Indiana,IN,Tipton,$3.741,2026-09-16
Indiana,IN,Union,$3.824,2026-09-16
Indiana,IN,Vanderburgh,$3.506,2026-09-16
Indiana,IN,Vermillion,$3.808,2026-09-16
Indiana,IN,Vigo,$3.654,2026-09-16
Indiana,IN,Wabash,$3.760,2026-09-16
Indiana,IN,Warren,$3.824,2026-09-16
Indiana,IN,Warrick,$3.607,2026-09-16
Indiana,IN,Washington,$3.485,2026-09-16
Indiana,IN,Wayne,$3.771,2026-09-16
Indiana,IN,Wells,$3.710,2026-09-16
Indiana,IN,White,$3.915,2026-09-16
Indiana,IN,Whitley,$3.815,2026-09-16
Iowa,IA,Adair,$4.159,2026-09-16
Iowa,IA,Adams,$4.116,2026-09-16
Iowa,IA,Allamakee,$4.199,2026-09-16
Iowa,IA,Appanoose,$4.053,2026-09-16
Iowa,IA,Audubon,$4.164,2026-09-16
Iowa,IA,Benton,$4.136,2026-09-16
Iowa,IA,Black Hawk,$4.031,2026-09-16
Iowa,IA,Boone,$4.055,2026-09-16
Iowa,IA,Bremer,$4.177,2026-09-16
Iowa,IA,Buchanan,$4.189,2026-09-16
Iowa,IA,Buena Vista,$3.958,2026-09-16
Iowa,IA,Butler,$4.188,2026-09-16
Iowa,IA,Calhoun,$4.060,2026-09-16
Iowa,IA,Carroll,$4.069,2026-09-16
Iowa,IA,Cass,$4.111,2026-09-16
Iowa,IA,Cedar,$4.197,2026-09-16
Iowa,IA,Cerro Gordo,$3.923,2026-09-16
Iowa,IA,Cherokee,$4.071,2026-09-16
Iowa,IA,Chickasaw,$4.099,2026-09-16
Iowa,IA,Clarke,$4.199,2026-09-16
Iowa,IA,Clay,$4.024,2026-09-16
Iowa,IA,Clayton,$4.186,2026-09-16
Iowa,IA,Clinton,$4.076,2026-09-16
Iowa,IA,Crawford,$4.039,2026-09-16
Iowa,IA,Dallas,$4.118,2026-09-16
Iowa,IA,Davis,$4.329,2026-09-16
Iowa,IA,Decatur,$4.216,2026-09-16
Iowa,IA,Delaware,$4.135,2026-09-16
Iowa,IA,Des Moines,$4.109,2026-09-16
Iowa,IA,Dickinson,$4.159,2026-09-16
Iowa,IA,Dubuque,$4.190,2026-09-16
Iowa,IA,Emmet,$4.172,2026-09-16
Iowa,IA,Fayette,$4.251,2026-09-16
Iowa,IA,Floyd,$3.949,2026-09-16
Iowa,IA,Franklin,$4.287,2026-09-16
Iowa,IA,Fremont,$4.099,2026-09-16
Iowa,IA,Greene,$4.066,2026-09-16
Iowa,IA,Grundy,$4.161,2026-09-16
Iowa,IA,Guthrie,$4.142,2026-09-16
Iowa,IA,Hamilton,$4.199,2026-09-16
Iowa,IA,Hancock,$4.089,2026-09-16
Iowa,IA,Hardin,$4.197,2026-09-16
Iowa,IA,Harrison,$4.113,2026-09-16
Iowa,IA,Henry,$4.022,2026-09-16
Iowa,IA,Howard,$4.122,2026-09-16
Iowa,IA,Humboldt,$4.199,2026-09-16
Iowa,IA,Ida,$4.022,2026-09-16
Iowa,IA,Iowa,$4.018,2026-09-16
Iowa,IA,Jackson,$4.138,2026-09-16
Iowa,IA,Jasper,$4.042,2026-09-16
Iowa,IA,Jefferson,$4.124,2026-09-16
Iowa,IA,Johnson,$4.173,2026-09-16
Iowa,IA,Jones,$4.149,2026-09-16
Iowa,IA,Keokuk,$4.036,2026-09-16
Iowa,IA,Kossuth,$4.155,2026-09-16
Iowa,IA,Lee,$4.173,2026-09-16
Iowa,IA,Linn,$4.079,2026-09-16
Iowa,IA,Louisa,$4.166,2026-09-16
Iowa,IA,Lucas,$4.199,2026-09-16
Iowa,IA,Lyon,$4.144,2026-09-16
Iowa,IA,Madison,$4.282,2026-09-16
Iowa,IA,Mahaska,$3.891,2026-09-16
Iowa,IA,Marion,$3.985,2026-09-16
Iowa,IA,Marshall,$4.146,2026-09-16
Iowa,IA,Mills,$4.055,2026-09-16
Iowa,IA,Mitchell,$4.156,2026-09-16
Iowa,IA,Monona,$4.110,2026-09-16
Iowa,IA,Monroe,$4.207,2026-09-16
Iowa,IA,Montgomery,$4.192,2026-09-16
Iowa,IA,Muscatine,$4.187,2026-09-16
Iowa,IA,O'Brien,,2026-09-16
Iowa,IA,Osceola,$4.096,2026-09-16
Iowa,IA,Page,$4.156,2026-09-16
Iowa,IA,Palo Alto,$4.091,2026-09-16
Iowa,IA,Plymouth,$4.262,2026-09-16
Iowa,IA,Pocahontas,$4.091,2026-09-16
Iowa,IA,Polk,$4.101,2026-09-16
Iowa,IA,Pottawattamie,$4.045,2026-09-16
Iowa,IA,Poweshiek,$3.977,2026-09-16
Iowa,IA,Ringgold,$4.199,2026-09-16
Iowa,IA,Sac,$4.033,2026-09-16
Iowa,IA,Scott,$4.119,2026-09-16
Iowa,IA,Shelby,$4.083,2026-09-16
Iowa,IA,Sioux,$4.105,2026-09-16
Iowa,IA,Story,$4.121,2026-09-16
Iowa,IA,Tama,$4.222,2026-09-16
Iowa,IA,Taylor,$4.149,2026-09-16
Iowa,IA,Union,$4.199,2026-09-16
Iowa,IA,Van Buren,$4.181,2026-09-16
Iowa,IA,Wapello,$4.149,2026-09-16
Iowa,IA,Warren,$4.111,2026-09-16
Iowa,IA,Washington,$4.179,2026-09-16
Iowa,IA,Wayne,$4.209,2026-09-16
Iowa,IA,Webster,$4.066,2026-09-16
Iowa,IA,Winnebago,$4.143,2026-09-16
Iowa,IA,Winneshiek,$4.280,2026-09-16
Iowa,IA,Woodbury,$4.002,2026-09-16
Iowa,IA,Worth,$4.051,2026-09-16
Iowa,IA,Wright,$4.146,2026-09-16
Kansas,KS,Allen,$3.999,2026-09-16
Kansas,KS,Anderson,$3.916,2026-09-16
Kansas,KS,Atchison,$3.989,2026-09-16
Kansas,KS,Barber,$3.994,2026-09-16
Kansas,KS,Barton,$3.917,2026-09-16
Kansas,KS,Bourbon,$3.977,2026-09-16
Kansas,KS,Brown,$3.973,2026-09-16
Kansas,KS,Butler,$3.961,2026-09-16
Kansas,KS,Chase,$3.999,2026-09-16
Kansas,KS,Chautauqua,$4.082,2026-09-16
Kansas,KS,Cherokee,$3.955,2026-09-16
Kansas,KS,Cheyenne,$4.207,2026-09-16
Kansas,KS,Clark,$4.229,2026-09-16
Kansas,KS,Clay,$3.999,2026-09-16
Kansas,KS,Cloud,$3.985,2026-09-16
Kansas,KS,Coffey,$3.949,2026-09-16
Kansas,KS,Comanche,$4.229,2026-09-16
Kansas,KS,Cowley,$4.023,2026-09-16
Kansas,KS,Crawford,$3.976,2026-09-16
Kansas,KS,Decatur,$4.039,2026-09-16
Kansas,KS,Dickinson,$3.960,2026-09-16
Kansas,KS,Doniphan,$3.977,2026-09-16
Kansas,KS,Douglas,$3.999,2026-09-16
Kansas,KS,Edwards,$4.083,2026-09-16
Kansas,KS,Elk,$3.999,2026-09-16
Kansas,KS,Ellis,$3.984,2026-09-16
Kansas,KS,Ellsworth,$4.091,2026-09-16
Kansas,KS,Finney,$3.988,2026-09-16
Kansas,KS,Ford,$3.941,2026-09-16
Kansas,KS,Franklin,$3.980,2026-09-16
Kansas,KS,Geary,$3.983,2026-09-16
Kansas,KS,Gove,$4.049,2026-09-16
Kansas,KS,Graham,$4.049,2026-09-16
Kansas,KS,Grant,$4.078,2026-09-16
Kansas,KS,Gray,$3.937,2026-09-16
Kansas,KS,Greeley,$4.299,2026-09-16
Kansas,KS,Greenwood,$3.977,2026-09-16
Kansas,KS,Hamilton,$4.149,2026-09-16
Kansas,KS,Harper,$3.959,2026-09-16
Kansas,KS,Harvey,$3.911,2026-09-16
Kansas,KS,Haskell,$4.119,2026-09-16
Kansas,KS,Hodgeman,$3.966,2026-09-16
Kansas,KS,Jackson,$3.955,2026-09-16
Kansas,KS,Jefferson,$4.004,2026-09-16
Kansas,KS,Jewell,$3.989,2026-09-16
Kansas,KS,Johnson,$3.974,2026-09-16
Kansas,KS,Kearny,$3.999,2026-09-16
Kansas,KS,Kingman,$4.279,2026-09-16
Kansas,KS,Kiowa,$4.083,2026-09-16
Kansas,KS,Labette,$3.974,2026-09-16
Kansas,KS,Lane,$3.959,2026-09-16
Kansas,KS,Leavenworth,$3.978,2026-09-16
Kansas,KS,Lincoln,,2026-09-16
Kansas,KS,Linn,$4.040,2026-09-16
Kansas,KS,Logan,$3.999,2026-09-16
Kansas,KS,Lyon,$3.908,2026-09-16
Kansas,KS,Marion,$3.942,2026-09-16
Kansas,KS,Marshall,$4.018,2026-09-16
Kansas,KS,Mcpherson,$3.892,2026-09-16
Kansas,KS,Meade,$3.994,2026-09-16
Kansas,KS,Miami,$3.992,2026-09-16
Kansas,KS,Mitchell,$3.941,2026-09-16
Kansas,KS,Montgomery,$3.970,2026-09-16
Kansas,KS,Morris,$3.982,2026-09-16
Kansas,KS,Morton,$4.152,2026-09-16
Kansas,KS,Nemaha,$3.999,2026-09-16
Kansas,KS,Neosho,$3.990,2026-09-16
Kansas,KS,Ness,$4.011,2026-09-16
Kansas,KS,Norton,$3.982,2026-09-16
Kansas,KS,Osage,$3.975,2026-09-16
Kansas,KS,Osborne,$3.949,2026-09-16
Kansas,KS,Ottawa,$3.999,2026-09-16
Kansas,KS,Pawnee,$3.969,2026-09-16
Kansas,KS,Phillips,$3.999,2026-09-16
Kansas,KS,Pottawatomie,$3.912,2026-09-16
Kansas,KS,Pratt,$4.003,2026-09-16
Kansas,KS,Rawlins,$3.929,2026-09-16
Kansas,KS,Reno,$3.858,2026-09-16
Kansas,KS,Republic,$3.999,2026-09-16
Kansas,KS,Rice,$3.942,2026-09-16
Kansas,KS,Riley,$3.990,2026-09-16
Kansas,KS,Rooks,$3.931,2026-09-16
Kansas,KS,Rush,$3.999,2026-09-16
Kansas,KS,Russell,$3.895,2026-09-16
Kansas,KS,Saline,$3.898,2026-09-16
Kansas,KS,Scott,$3.970,2026-09-16
Kansas,KS,Sedgwick,$3.966,2026-09-16
Kansas,KS,Seward,$4.044,2026-09-16
Kansas,KS,Shawnee,$3.861,2026-09-16
Kansas,KS,Sheridan,$4.126,2026-09-16
Kansas,KS,Sherman,$4.059,2026-09-16
Kansas,KS,Smith,$4.329,2026-09-16
Kansas,KS,Stafford,$4.019,2026-09-16
Kansas,KS,Stanton,$4.174,2026-09-16
Kansas,KS,Stevens,$3.976,2026-09-16
Kansas,KS,Sumner,$4.009,2026-09-16
Kansas,KS,Thomas,$3.959,2026-09-16
Kansas,KS,Trego,$3.929,2026-09-16
Kansas,KS,Wabaunsee,$3.872,2026-09-16
Kansas,KS,Wallace,$4.114,2026-09-16
Kansas,KS,Washington,$4.021,2026-09-16
Kansas,KS,Wichita,$3.999,2026-09-16
Kansas,KS,Wilson,$3.993,2026-09-16
Kansas,KS,Woodson,$3.999,2026-09-16
Kansas,KS,Wyandotte,$3.970,2026-09-16
Kentucky,KY,Adair,$3.988,2026-09-16
Kentucky,KY,Allen,$3.924,2026-09-16
Kentucky,KY,Anderson,$4.027,2026-09-16
Kentucky,KY,Ballard,$3.911,2026-09-16
Kentucky,KY,Barren,$3.946,2026-09-16
Kentucky,KY,Bath,$4.166,2026-09-16
Kentucky,KY,Bell,$3.715,2026-09-16
Kentucky,KY,Boone,$4.213,2026-09-16
Kentucky,KY,Bourbon,$4.041,2026-09-16
Kentucky,KY,Boyd,$3.992,2026-09-16
Kentucky,KY,Boyle,$3.950,2026-09-16
Kentucky,KY,Bracken,$4.007,2026-09-16
Kentucky,KY,Breathitt,$4.130,2026-09-16
Kentucky,KY,Breckinridge,$3.929,2026-09-16
Kentucky,KY,Bullitt,$3.863,2026-09-16
Kentucky,KY,Butler,$3.922,2026-09-16
Kentucky,KY,Caldwell,$3.810,2026-09-16
Kentucky,KY,Calloway,$3.985,2026-09-16
Kentucky,KY,Campbell,$4.300,2026-09-16
Kentucky,KY,Carlisle,$3.974,2026-09-16
Kentucky,KY,Carroll,$3.997,2026-09-16
Kentucky,KY,Carter,$4.013,2026-09-16
Kentucky,KY,Casey,$3.977,2026-09-16
Kentucky,KY,Christian,$3.835,2026-09-16
Kentucky,KY,Clark,$4.105,2026-09-16
Kentucky,KY,Clay,$4.055,2026-09-16
Kentucky,KY,Clinton,$4.066,2026-09-16
Kentucky,KY,Crittenden,$3.799,2026-09-16
Kentucky,KY,Cumberland,$4.016,2026-09-16
Kentucky,KY,Daviess,$3.748,2026-09-16
Kentucky,KY,Edmonson,$3.969,2026-09-16
Kentucky,KY,Elliott,$3.999,2026-09-16
Kentucky,KY,Estill,$4.137,2026-09-16
Kentucky,KY,Fayette,$4.107,2026-09-16
Kentucky,KY,Fleming,$4.154,2026-09-16
Kentucky,KY,Floyd,$4.100,2026-09-16
Kentucky,KY,Franklin,$4.109,2026-09-16
Kentucky,KY,Fulton,$3.871,2026-09-16
Kentucky,KY,Gallatin,$4.133,2026-09-16
Kentucky,KY,Garrard,$3.983,2026-09-16
Kentucky,KY,Grant,$4.123,2026-09-16
Kentucky,KY,Graves,$3.913,2026-09-16
Kentucky,KY,Grayson,$3.947,2026-09-16
Kentucky,KY,Green,$3.899,2026-09-16
Kentucky,KY,Greenup,$3.976,2026-09-16
Kentucky,KY,Hancock,$3.832,2026-09-16
Kentucky,KY,Hardin,$3.938,2026-09-16
Kentucky,KY,Harlan,$4.077,2026-09-16
Kentucky,KY,Harrison,$4.076,2026-09-16
Kentucky,KY,Hart,$3.980,2026-09-16
Kentucky,KY,Henderson,$3.629,2026-09-16
Kentucky,KY,Henry,$4.054,2026-09-16
Kentucky,KY,Hickman,$3.949,2026-09-16
Kentucky,KY,Hopkins,$3.887,2026-09-16
Kentucky,KY,Jackson,$4.047,2026-09-16
Kentucky,KY,Jefferson,$3.929,2026-09-16
Kentucky,KY,Jessamine,$3.969,2026-09-16
Kentucky,KY,Johnson,$3.934,2026-09-16
Kentucky,KY,Kenton,$4.306,2026-09-16
Kentucky,KY,Knott,$3.979,2026-09-16
Kentucky,KY,Knox,$3.954,2026-09-16
Kentucky,KY,Larue,$3.901,2026-09-16
Kentucky,KY,Laurel,$3.988,2026-09-16
Kentucky,KY,Lawrence,$4.172,2026-09-16
Kentucky,KY,Lee,$4.113,2026-09-16
Kentucky,KY,Leslie,$4.024,2026-09-16
Kentucky,KY,Letcher,$3.999,2026-09-16
Kentucky,KY,Lewis,$4.154,2026-09-16
Kentucky,KY,Lincoln,$3.981,2026-09-16
Kentucky,KY,Livingston,$3.889,2026-09-16
Kentucky,KY,Logan,$3.850,2026-09-16
Kentucky,KY,Lyon,$3.847,2026-09-16
Kentucky,KY,Madison,$4.110,2026-09-16
Kentucky,KY,Magoffin,$4.191,2026-09-16
Kentucky,KY,Marion,$3.962,2026-09-16
Kentucky,KY,Marshall,$3.825,2026-09-16
Kentucky,KY,Martin,$4.091,2026-09-16
Kentucky,KY,Mason,$4.017,2026-09-16
Kentucky,KY,McCracken,$3.782,2026-09-16
Kentucky,KY,McCreary,$4.099,2026-09-16
Kentucky,KY,McLean,$3.869,2026-09-16
Kentucky,KY,Meade,$3.920,2026-09-16
Kentucky,KY,Menifee,$4.099,2026-09-16
Kentucky,KY,Mercer,$3.979,2026-09-16
Kentucky,KY,Metcalfe,$3.963,2026-09-16
Kentucky,KY,Monroe,$3.954,2026-09-16
Kentucky,KY,Montgomery,$4.060,2026-09-16
Kentucky,KY,Morgan,$4.029,2026-09-16
Kentucky,KY,Muhlenberg,$3.798,2026-09-16
Kentucky,KY,Nelson,$3.933,2026-09-16
Kentucky,KY,Nicholas,$4.159,2026-09-16
Kentucky,KY,Ohio,$3.833,2026-09-16
Kentucky,KY,Oldham,$4.037,2026-09-16
Kentucky,KY,Owen,$4.059,2026-09-16
Kentucky,KY,Owsley,$4.099,2026-09-16
Kentucky,KY,Pendleton,$4.436,2026-09-16
Kentucky,KY,Perry,$4.018,2026-09-16
Kentucky,KY,Pike,$4.063,2026-09-16
Kentucky,KY,Powell,$4.068,2026-09-16
Kentucky,KY,Pulaski,$4.036,2026-09-16
Kentucky,KY,Robertson,$3.959,2026-09-16
Kentucky,KY,Rockcastle,$4.144,2026-09-16
Kentucky,KY,Rowan,$4.108,2026-09-16
Kentucky,KY,Russell,$3.961,2026-09-16
Kentucky,KY,Scott,$3.964,2026-09-16
Kentucky,KY,Shelby,$3.965,2026-09-16
Kentucky,KY,Simpson,$3.730,2026-09-16
Kentucky,KY,Spencer,$4.016,2026-09-16
Kentucky,KY,Taylor,$3.895,2026-09-16
Kentucky,KY,Todd,$3.899,2026-09-16
Kentucky,KY,Trigg,$3.885,2026-09-16
Kentucky,KY,Trimble,$4.093,2026-09-16
Kentucky,KY,Union,$3.908,2026-09-16
Kentucky,KY,Warren,$3.928,2026-09-16
Kentucky,KY,Washington,$4.036,2026-09-16
Kentucky,KY,Wayne,$3.998,2026-09-16
Kentucky,KY,Webster,$3.855,2026-09-16
Kentucky,KY,Whitley,$4.108,2026-09-16
Kentucky,KY,Wolfe,$4.167,2026-09-16
Kentucky,KY,Woodford,$4.191,2026-09-16
Louisiana,LA,Acadia,$3.971,2026-09-16
Louisiana,LA,Allen,$4.047,2026-09-16
Louisiana,LA,Ascension,$3.941,2026-09-16
Louisiana,LA,Assumption,$3.917,2026-09-16
Louisiana,LA,Avoyelles,$3.939,2026-09-16
Louisiana,LA,Beauregard,$3.827,2026-09-16
Louisiana,LA,Bienville,$4.027,2026-09-16
Louisiana,LA,Bossier,$3.887,2026-09-16
Louisiana,LA,Caddo,$3.917,2026-09-16
Louisiana,LA,Calcasieu,$3.906,2026-09-16
Louisiana,LA,Caldwell,$3.933,2026-09-16
Louisiana,LA,Cameron,$4.254,2026-09-16
Louisiana,LA,Catahoula,$3.997,2026-09-16
Louisiana,LA,Claiborne,$4.027,2026-09-16
Louisiana,LA,Concordia,$3.731,2026-09-16
Louisiana,LA,De Soto,$3.937,2026-09-16
Louisiana,LA,East Baton Rouge,$3.923,2026-09-16
Louisiana,LA,East Carroll,$3.999,2026-09-16
Louisiana,LA,East Feliciana,$3.955,2026-09-16
Louisiana,LA,Evangeline,$3.950,2026-09-16
Louisiana,LA,Franklin,$4.022,2026-09-16
Louisiana,LA,Grant,$3.961,2026-09-16
Louisiana,LA,Iberia,$3.908,2026-09-16
Louisiana,LA,Iberville,$3.994,2026-09-16
Louisiana,LA,Jackson,$3.875,2026-09-16
Louisiana,LA,Jefferson,$3.915,2026-09-16
Louisiana,LA,Jefferson Davis,$4.061,2026-09-16
Louisiana,LA,La Salle,$3.989,2026-09-16
Louisiana,LA,Lafayette,$3.968,2026-09-16
Louisiana,LA,Lafourche,$3.948,2026-09-16
Louisiana,LA,Lincoln,$3.874,2026-09-16
Louisiana,LA,Livingston,$3.903,2026-09-16
Louisiana,LA,Madison,$3.846,2026-09-16
Louisiana,LA,Morehouse,$3.832,2026-09-16
Louisiana,LA,Natchitoches,$3.895,2026-09-16
Louisiana,LA,Orleans,$3.893,2026-09-16
Louisiana,LA,Ouachita,$3.860,2026-09-16
Louisiana,LA,Plaquemines,$4.132,2026-09-16
Louisiana,LA,Pointe Coupee,$3.952,2026-09-16
Louisiana,LA,Rapides,$3.888,2026-09-16
Louisiana,LA,Red River,$3.888,2026-09-16
Louisiana,LA,Richland,$3.909,2026-09-16
Louisiana,LA,Sabine,$4.021,2026-09-16
Louisiana,LA,Saint Bernard,$3.863,2026-09-16
Louisiana,LA,Saint Charles,$3.971,2026-09-16
Louisiana,LA,Saint Helena,$3.989,2026-09-16
Louisiana,LA,Saint James,$4.036,2026-09-16
Louisiana,LA,St John the Baptist,$3.956,2026-09-16
Louisiana,LA,Saint Landry,$3.964,2026-09-16
Louisiana,LA,Saint Martin,$3.883,2026-09-16
Louisiana,LA,Saint Mary,$3.936,2026-09-16
Louisiana,LA,Saint Tammany,$3.929,2026-09-16
Louisiana,LA,Tangipahoa,$3.975,2026-09-16
Louisiana,LA,Tensas,$4.049,2026-09-16
Louisiana,LA,Terrebonne,$3.907,2026-09-16
Louisiana,LA,Union,$3.793,2026-09-16
Louisiana,LA,Vermilion,$3.950,2026-09-16
Louisiana,LA,Vernon,$3.985,2026-09-16
Louisiana,LA,Washington,$3.952,2026-09-16
Louisiana,LA,Webster,$4.050,2026-09-16
Louisiana,LA,West Baton Rouge,$3.901,2026-09-16
Louisiana,LA,West Carroll,$3.872,2026-09-16
Louisiana,LA,West Feliciana,$3.979,2026-09-16
Louisiana,LA,Winn,$3.960,2026-09-16
Maine,ME,Androscoggin,$4.369,2026-09-16
Maine,ME,Aroostook,$4.346,2026-09-16
Maine,ME,Cumberland,$4.311,2026-09-16
Maine,ME,Franklin,$4.324,2026-09-16
Maine,ME,Hancock,$4.375,2026-09-16
Maine,ME,Kennebec,$4.329,2026-09-16
Maine,ME,Knox,$4.245,2026-09-16
Maine,ME,Lincoln,$4.312,2026-09-16
Maine,ME,Oxford,$4.327,2026-09-16
Maine,ME,Penobscot,$4.280,2026-09-16
Maine,ME,Piscataquis,$4.296,2026-09-16
Maine,ME,Sagadahoc,$4.337,2026-09-16
Maine,ME,Somerset,$4.243,2026-09-16
Maine,ME,Waldo,$4.296,2026-09-16
Maine,ME,Washington,$4.425,2026-09-16
Maine,ME,York,$4.342,2026-09-16
Montana,MT,Beaverhead,$4.648,2026-09-16
Montana,MT,Big Horn,$4.356,2026-09-16
Montana,MT,Blaine,$4.479,2026-09-16
Montana,MT,Broadwater,$4.544,2026-09-16
Montana,MT,Carbon,$4.449,2026-09-16
Montana,MT,Carter,$4.549,2026-09-16
Montana,MT,Cascade,$4.419,2026-09-16
Montana,MT,Chouteau,$4.474,2026-09-16
Montana,MT,Custer,$4.333,2026-09-16
Montana,MT,Daniels,$4.619,2026-09-16
Montana,MT,Dawson,$4.275,2026-09-16
Montana,MT,Deer Lodge,$4.572,2026-09-16
Montana,MT,Fallon,$4.399,2026-09-16
Montana,MT,Fergus,$4.495,2026-09-16
Montana,MT,Flathead,$4.586,2026-09-16
Montana,MT,Gallatin,$4.619,2026-09-16
Montana,MT,Garfield,$4.274,2026-09-16
Montana,MT,Glacier,$4.650,2026-09-16
Montana,MT,Golden Valley,$4.749,2026-09-16
Montana,MT,Granite,$4.549,2026-09-16
Montana,MT,Hill,$4.588,2026-09-16
Montana,MT,Jefferson,$4.571,2026-09-16
Montana,MT,Judith Basin,$4.534,2026-09-16
Montana,MT,Lake,$4.528,2026-09-16
Montana,MT,Lewis and Clark,$4.551,2026-09-16
Montana,MT,Liberty,$4.459,2026-09-16
Montana,MT,Lincoln,$4.628,2026-09-16
Montana,MT,Madison,$4.566,2026-09-16
Montana,MT,McCone,$4.489,2026-09-16
Montana,MT,Meagher,$4.574,2026-09-16
Montana,MT,Mineral,$4.538,2026-09-16
Montana,MT,Missoula,$4.489,2026-09-16
Montana,MT,Musselshell,$4.599,2026-09-16
Montana,MT,Park,$4.840,2026-09-16
Montana,MT,Petroleum,$4.769,2026-09-16
Montana,MT,Phillips,$4.399,2026-09-16
Montana,MT,Pondera,$4.569,2026-09-16
Montana,MT,Powder River,$4.699,2026-09-16
Montana,MT,Powell,$4.534,2026-09-16
Montana,MT,Prairie,$4.259,2026-09-16
Montana,MT,Ravalli,$4.492,2026-09-16
Montana,MT,Richland,$4.238,2026-09-16
Montana,MT,Roosevelt,$4.293,2026-09-16
Montana,MT,Rosebud,$4.407,2026-09-16
Montana,MT,Sanders,$4.593,2026-09-16
Montana,MT,Sheridan,$4.346,2026-09-16
Montana,MT,Silver Bow,$4.557,2026-09-16
Montana,MT,Stillwater,$4.536,2026-09-16
Montana,MT,Sweet Grass,$4.509,2026-09-16
Montana,MT,Teton,$4.478,2026-09-16
Montana,MT,Toole,$4.477,2026-09-16
Montana,MT,Treasure,$4.359,2026-09-16
Montana,MT,Valley,$4.359,2026-09-16
Montana,MT,Wheatland,$4.652,2026-09-16
Montana,MT,Wibaux,$4.299,2026-09-16
Montana,MT,Yellowstone,$4.483,2026-09-16
Nebraska,NE,Adams,$4.296,2026-09-16
Nebraska,NE,Antelope,$4.332,2026-09-16
Nebraska,NE,Arthur,,2026-09-16
Nebraska,NE,Banner,,2026-09-16
Nebraska,NE,Blaine,$5.199,2026-09-16
Nebraska,NE,Boone,$4.166,2026-09-16
Nebraska,NE,Box Butte,$4.279,2026-09-16
Nebraska,NE,Boyd,$4.199,2026-09-16
Nebraska,NE,Brown,$4.299,2026-09-16
Nebraska,NE,Buffalo,$4.209,2026-09-16
Nebraska,NE,Burt,$4.412,2026-09-16
Nebraska,NE,Butler,$4.124,2026-09-16
Nebraska,NE,Cass,$4.116,2026-09-16
Nebraska,NE,Cedar,$4.179,2026-09-16
Nebraska,NE,Chase,$4.584,2026-09-16
Nebraska,NE,Cherry,$4.152,2026-09-16
Nebraska,NE,Cheyenne,$4.222,2026-09-16
Nebraska,NE,Clay,$4.074,2026-09-16
Nebraska,NE,Colfax,$4.132,2026-09-16
Nebraska,NE,Cuming,$4.101,2026-09-16
Nebraska,NE,Custer,$4.332,2026-09-16
Nebraska,NE,Dakota,$4.078,2026-09-16
Nebraska,NE,Dawes,$4.311,2026-09-16
Nebraska,NE,Dawson,$4.156,2026-09-16
Nebraska,NE,Deuel,$4.343,2026-09-16
Nebraska,NE,Dixon,$4.292,2026-09-16
Nebraska,NE,Dodge,$4.133,2026-09-16
Nebraska,NE,Douglas,$4.102,2026-09-16
Nebraska,NE,Dundy,$4.309,2026-09-16
Nebraska,NE,Fillmore,$4.174,2026-09-16
Nebraska,NE,Franklin,$4.166,2026-09-16
Nebraska,NE,Frontier,$4.999,2026-09-16
Nebraska,NE,Furnas,$4.337,2026-09-16
Nebraska,NE,Gage,$4.361,2026-09-16
Nebraska,NE,Garden,,2026-09-16
Nebraska,NE,Garfield,$4.399,2026-09-16
Nebraska,NE,Gosper,,2026-09-16
Nebraska,NE,Grant,$4.099,2026-09-16
Nebraska,NE,Greeley,$4.099,2026-09-16
Nebraska,NE,Hall,$4.210,2026-09-16
Nebraska,NE,Hamilton,$4.095,2026-09-16
Nebraska,NE,Harlan,$4.089,2026-09-16
Nebraska,NE,Hayes,,2026-09-16
Nebraska,NE,Hitchcock,$4.524,2026-09-16
Nebraska,NE,Holt,$4.255,2026-09-16
Nebraska,NE,Hooker,$3.989,2026-09-16
Nebraska,NE,Howard,$4.199,2026-09-16
Nebraska,NE,Jefferson,$4.449,2026-09-16
Nebraska,NE,Johnson,$4.509,2026-09-16
Nebraska,NE,Kearney,$4.379,2026-09-16
Nebraska,NE,Keith,$4.196,2026-09-16
Nebraska,NE,Keya Paha,,2026-09-16
Nebraska,NE,Kimball,$4.339,2026-09-16
Nebraska,NE,Knox,$4.166,2026-09-16
Nebraska,NE,Lancaster,$4.225,2026-09-16
Nebraska,NE,Lincoln,$4.213,2026-09-16
Nebraska,NE,Logan,$4.789,2026-09-16
Nebraska,NE,Loup,$4.599,2026-09-16
Nebraska,NE,Madison,$4.192,2026-09-16
Nebraska,NE,McPherson,,2026-09-16
Nebraska,NE,Merrick,$4.131,2026-09-16
Nebraska,NE,Morrill,$4.256,2026-09-16
Nebraska,NE,Nance,$4.199,2026-09-16
Nebraska,NE,Nemaha,$4.124,2026-09-16
Nebraska,NE,Nuckolls,$4.099,2026-09-16
Nebraska,NE,Otoe,$4.155,2026-09-16
Nebraska,NE,Pawnee,$4.199,2026-09-16
Nebraska,NE,Perkins,$4.519,2026-09-16
Nebraska,NE,Phelps,$4.329,2026-09-16
Nebraska,NE,Pierce,$4.117,2026-09-16
Nebraska,NE,Platte,$4.095,2026-09-16
Nebraska,NE,Polk,$4.179,2026-09-16
Nebraska,NE,Red Willow,$4.291,2026-09-16
Nebraska,NE,Richardson,$4.119,2026-09-16
Nebraska,NE,Rock,$4.099,2026-09-16
Nebraska,NE,Saline,$4.298,2026-09-16
Nebraska,NE,Sarpy,$4.150,2026-09-16
Nebraska,NE,Saunders,$4.270,2026-09-16
Nebraska,NE,Scotts Bluff,$4.091,2026-09-16
Nebraska,NE,Seward,$4.160,2026-09-16
Nebraska,NE,Sheridan,$4.324,2026-09-16
Nebraska,NE,Sherman,$4.399,2026-09-16
Nebraska,NE,Sioux,,2026-09-16
Nebraska,NE,Stanton,$5.039,2026-09-16
Nebraska,NE,Thayer,$4.169,2026-09-16
Nebraska,NE,Thomas,$5.099,2026-09-16
Nebraska,NE,Thurston,$4.156,2026-09-16
Nebraska,NE,Valley,$4.379,2026-09-16
Nebraska,NE,Washington,$4.165,2026-09-16
Nebraska,NE,Wayne,$4.187,2026-09-16
Nebraska,NE,Webster,$4.099,2026-09-16
Nebraska,NE,Wheeler,$4.599,2026-09-16
Nebraska,NE,York,$4.107,2026-09-16
Nevada,NV,Carson City,$4.996,2026-09-16
Nevada,NV,Churchill,$5.016,2026-09-16
Nevada,NV,Clark,$5.114,2026-09-16
Nevada,NV,Douglas,$5.138,2026-09-16
Nevada,NV,Elko,$4.910,2026-09-16
Nevada,NV,Esmeralda,$5.444,2026-09-16
Nevada,NV,Eureka,$4.862,2026-09-16
Nevada,NV,Humboldt,$5.035,2026-09-16
Nevada,NV,Lander,$4.977,2026-09-16
Nevada,NV,Lincoln,$4.951,2026-09-16
Nevada,NV,Lyon,$4.958,2026-09-16
Nevada,NV,Mineral,$5.624,2026-09-16
Nevada,NV,Nye,$4.838,2026-09-16
Nevada,NV,Pershing,$5.086,2026-09-16
Nevada,NV,Storey,$4.899,2026-09-16
Nevada,NV,Washoe,$5.629,2026-09-16
Nevada,NV,White Pine,$4.801,2026-09-16
New Hampshire,NH,Belknap,$4.299,2026-09-16
New Hampshire,NH,Carroll,$4.261,2026-09-16
New Hampshire,NH,Cheshire,$4.275,2026-09-16
New Hampshire,NH,Coos,$4.292,2026-09-16
New Hampshire,NH,Grafton,$4.269,2026-09-16
New Hampshire,NH,Hillsborough,$4.294,2026-09-16
New Hampshire,NH,Merrimack,$4.288,2026-09-16
New Hampshire,NH,Rockingham,$4.308,2026-09-16
New Hampshire,NH,Strafford,$4.333,2026-09-16
New Hampshire,NH,Sullivan,$4.261,2026-09-16
New Jersey,NJ,Atlantic,$4.420,2026-09-16
New Jersey,NJ,Bergen,$4.412,2026-09-16
New Jersey,NJ,Burlington,$4.412,2026-09-16
New Jersey,NJ,Camden,$4.407,2026-09-16
New Jersey,NJ,Cape May,$4.549,2026-09-16
New Jersey,NJ,Cumberland,$4.416,2026-09-16
New Jersey,NJ,Essex,$4.487,2026-09-16
New Jersey,NJ,Gloucester,$4.432,2026-09-16
New Jersey,NJ,Hudson,$4.401,2026-09-16
New Jersey,NJ,Hunterdon,$4.439,2026-09-16
New Jersey,NJ,Mercer,$4.391,2026-09-16
New Jersey,NJ,Middlesex,$4.426,2026-09-16
New Jersey,NJ,Monmouth,$4.423,2026-09-16
New Jersey,NJ,Morris,$4.411,2026-09-16
New Jersey,NJ,Ocean,$4.433,2026-09-16
New Jersey,NJ,Passaic,$4.438,2026-09-16
New Jersey,NJ,Salem,$4.388,2026-09-16
New Jersey,NJ,Somerset,$4.476,2026-09-16
New Jersey,NJ,Sussex,$4.385,2026-09-16
New Jersey,NJ,Union,$4.440,2026-09-16
New Jersey,NJ,Warren,$4.371,2026-09-16
New Mexico,NM,Bernalillo,$4.541,2026-09-16
New Mexico,NM,Catron,$4.901,2026-09-16
New Mexico,NM,Chaves,$4.165,2026-09-16
New Mexico,NM,Cibola,$4.534,2026-09-16
New Mexico,NM,Colfax,$4.347,2026-09-16
New Mexico,NM,Curry,$4.107,2026-09-16
New Mexico,NM,De Baca,$4.299,2026-09-16
New Mexico,NM,Dona Ana,$4.415,2026-09-16
New Mexico,NM,Eddy,$4.279,2026-09-16
New Mexico,NM,Grant,$4.426,2026-09-16
New Mexico,NM,Guadalupe,$4.447,2026-09-16
New Mexico,NM,Harding,$5.209,2026-09-16
New Mexico,NM,Hidalgo,$4.422,2026-09-16
New Mexico,NM,Lea,$4.104,2026-09-16
New Mexico,NM,Lincoln,$4.392,2026-09-16
New Mexico,NM,Los Alamos,$4.529,2026-09-16
New Mexico,NM,Luna,$4.428,2026-09-16
New Mexico,NM,McKinley,$4.560,2026-09-16
New Mexico,NM,Mora,$4.532,2026-09-16
New Mexico,NM,Otero,$4.352,2026-09-16
New Mexico,NM,Quay,$4.189,2026-09-16
New Mexico,NM,Rio Arriba,$4.545,2026-09-16
New Mexico,NM,Roosevelt,$4.096,2026-09-16
New Mexico,NM,San Juan,$4.957,2026-09-16
New Mexico,NM,San Miguel,$4.423,2026-09-16
New Mexico,NM,Sandoval,$4.564,2026-09-16
New Mexico,NM,Santa Fe,$4.509,2026-09-16
New Mexico,NM,Sierra,$4.474,2026-09-16
New Mexico,NM,Socorro,$4.378,2026-09-16
New Mexico,NM,Taos,$4.613,2026-09-16
New Mexico,NM,Torrance,$4.342,2026-09-16
New Mexico,NM,Union,$4.216,2026-09-16
New Mexico,NM,Valencia,$4.473,2026-09-16
New York,NY,Albany,$4.365,2026-09-16
New York,NY,Allegany,$4.400,2026-09-16
New York,NY,Bronx,$4.496,2026-09-16
New York,NY,Broome,$4.385,2026-09-16
New York,NY,Cattaraugus,$4.330,2026-09-16
New York,NY,Cayuga,$4.293,2026-09-16
New York,NY,Chautauqua,$4.395,2026-09-16
New York,NY,Chemung,$4.304,2026-09-16
New York,NY,Chenango,$4.388,2026-09-16
New York,NY,Clinton,$4.538,2026-09-16
New York,NY,Columbia,$4.361,2026-09-16
New York,NY,Cortland,$4.358,2026-09-16
New York,NY,Delaware,$4.437,2026-09-16
New York,NY,Dutchess,$4.430,2026-09-16
New York,NY,Erie,$4.363,2026-09-16
New York,NY,Essex,$4.716,2026-09-16
New York,NY,Franklin,$4.702,2026-09-16
New York,NY,Fulton,$4.389,2026-09-16
New York,NY,Genesee,$4.341,2026-09-16
New York,NY,Greene,$4.339,2026-09-16
New York,NY,Hamilton,$4.789,2026-09-16
New York,NY,Herkimer,$4.394,2026-09-16
New York,NY,Jefferson,$4.489,2026-09-16
New York,NY,Kings,$4.494,2026-09-16
New York,NY,Lewis,$4.532,2026-09-16
New York,NY,Livingston,$4.390,2026-09-16
New York,NY,Madison,$4.303,2026-09-16
New York,NY,Monroe,$4.344,2026-09-16
New York,NY,Montgomery,$4.353,2026-09-16
New York,NY,Nassau,$4.418,2026-09-16
New York,NY,New York,$4.817,2026-09-16
New York,NY,Niagara,$4.335,2026-09-16
New York,NY,Oneida,$4.387,2026-09-16
New York,NY,Onondaga,$4.309,2026-09-16
New York,NY,Ontario,$4.358,2026-09-16
New York,NY,Orange,$4.378,2026-09-16
New York,NY,Orleans,$4.385,2026-09-16
New York,NY,Oswego,$4.291,2026-09-16
New York,NY,Otsego,$4.425,2026-09-16
New York,NY,Putnam,$4.466,2026-09-16
New York,NY,Queens,$4.519,2026-09-16
New York,NY,Rensselaer,$4.365,2026-09-16
New York,NY,Richmond,$4.501,2026-09-16
New York,NY,Rockland,$4.595,2026-09-16
New York,NY,Saratoga,$4.376,2026-09-16
New York,NY,Schenectady,$4.341,2026-09-16
New York,NY,Schoharie,$4.389,2026-09-16
New York,NY,Schuyler,$4.317,2026-09-16
New York,NY,Seneca,$4.341,2026-09-16
New York,NY,Saint Lawrence,$4.716,2026-09-16
New York,NY,Steuben,$4.331,2026-09-16
New York,NY,Suffolk,$4.445,2026-09-16
New York,NY,Sullivan,$4.409,2026-09-16
New York,NY,Tioga,$4.351,2026-09-16
New York,NY,Tompkins,$4.366,2026-09-16
New York,NY,Ulster,$4.345,2026-09-16
New York,NY,Warren,$4.427,2026-09-16
New York,NY,Washington,$4.351,2026-09-16
New York,NY,Wayne,$4.358,2026-09-16
New York,NY,Westchester,$4.617,2026-09-16
New York,NY,Wyoming,$4.379,2026-09-16
New York,NY,Yates,$4.316,2026-09-16
North Carolina,NC,Alamance,$4.084,2026-09-16
North Carolina,NC,Alexander,$4.015,2026-09-16
North Carolina,NC,Alleghany,$4.067,2026-09-16
North Carolina,NC,Anson,$4.131,2026-09-16
North Carolina,NC,Ashe,$3.831,2026-09-16
North Carolina,NC,Avery,$4.082,2026-09-16
North Carolina,NC,Beaufort,$4.090,2026-09-16
North Carolina,NC,Bertie,$4.058,2026-09-16
North Carolina,NC,Bladen,$3.904,2026-09-16
North Carolina,NC,Brunswick,$4.029,2026-09-16
North Carolina,NC,Buncombe,$4.087,2026-09-16
North Carolina,NC,Burke,$4.048,2026-09-16
North Carolina,NC,Cabarrus,$4.237,2026-09-16
North Carolina,NC,Caldwell,$4.027,2026-09-16
North Carolina,NC,Camden,$4.139,2026-09-16
North Carolina,NC,Carteret,$4.098,2026-09-16
North Carolina,NC,Caswell,$4.036,2026-09-16
North Carolina,NC,Catawba,$4.024,2026-09-16
North Carolina,NC,Chatham,$4.144,2026-09-16
North Carolina,NC,Cherokee,$4.043,2026-09-16
North Carolina,NC,Chowan,$4.119,2026-09-16
North Carolina,NC,Clay,$3.879,2026-09-16
North Carolina,NC,Cleveland,$4.098,2026-09-16
North Carolina,NC,Columbus,$3.936,2026-09-16
North Carolina,NC,Craven,$4.056,2026-09-16
North Carolina,NC,Cumberland,$4.143,2026-09-16
North Carolina,NC,Currituck,$4.051,2026-09-16
North Carolina,NC,Dare,$4.169,2026-09-16
North Carolina,NC,Davidson,$4.071,2026-09-16
North Carolina,NC,Davie,$4.128,2026-09-16
North Carolina,NC,Duplin,$4.092,2026-09-16
North Carolina,NC,Durham,$4.151,2026-09-16
North Carolina,NC,Edgecombe,$4.144,2026-09-16
North Carolina,NC,Forsyth,$4.139,2026-09-16
North Carolina,NC,Franklin,$4.095,2026-09-16
North Carolina,NC,Gaston,$4.189,2026-09-16
North Carolina,NC,Gates,$4.109,2026-09-16
North Carolina,NC,Graham,$4.101,2026-09-16
North Carolina,NC,Granville,$4.166,2026-09-16
North Carolina,NC,Greene,$4.086,2026-09-16
North Carolina,NC,Guilford,$4.133,2026-09-16
North Carolina,NC,Halifax,$4.180,2026-09-16
North Carolina,NC,Harnett,$4.098,2026-09-16
North Carolina,NC,Haywood,$4.124,2026-09-16
North Carolina,NC,Henderson,$4.085,2026-09-16
North Carolina,NC,Hertford,$4.092,2026-09-16
North Carolina,NC,Hoke,$4.043,2026-09-16
North Carolina,NC,Hyde,$4.299,2026-09-16
North Carolina,NC,Iredell,$4.134,2026-09-16
North Carolina,NC,Jackson,$4.140,2026-09-16
North Carolina,NC,Johnston,$4.096,2026-09-16
North Carolina,NC,Jones,$4.129,2026-09-16
North Carolina,NC,Lee,$4.155,2026-09-16
North Carolina,NC,Lenoir,$4.084,2026-09-16
North Carolina,NC,Lincoln,$4.079,2026-09-16
North Carolina,NC,Macon,$4.107,2026-09-16
North Carolina,NC,Madison,$4.019,2026-09-16
North Carolina,NC,Martin,$4.103,2026-09-16
North Carolina,NC,McDowell,$4.016,2026-09-16
North Carolina,NC,Mecklenburg,$4.237,2026-09-16
North Carolina,NC,Mitchell,$3.999,2026-09-16
North Carolina,NC,Montgomery,$4.110,2026-09-16
North Carolina,NC,Moore,$4.108,2026-09-16
North Carolina,NC,Nash,$4.111,2026-09-16
North Carolina,NC,New Hanover,$4.162,2026-09-16
North Carolina,NC,Northampton,$4.173,2026-09-16
North Carolina,NC,Onslow,$4.132,2026-09-16
North Carolina,NC,Orange,$4.149,2026-09-16
North Carolina,NC,Pamlico,$4.021,2026-09-16
North Carolina,NC,Pasquotank,$4.074,2026-09-16
North Carolina,NC,Pender,$4.113,2026-09-16
North Carolina,NC,Perquimans,$4.009,2026-09-16
North Carolina,NC,Person,$4.104,2026-09-16
North Carolina,NC,Pitt,$4.112,2026-09-16
North Carolina,NC,Polk,$4.241,2026-09-16
North Carolina,NC,Randolph,$4.111,2026-09-16
North Carolina,NC,Richmond,$4.129,2026-09-16
North Carolina,NC,Robeson,$3.966,2026-09-16
North Carolina,NC,Rockingham,$4.020,2026-09-16
North Carolina,NC,Rowan,$4.154,2026-09-16
North Carolina,NC,Rutherford,$4.114,2026-09-16
North Carolina,NC,Sampson,$3.960,2026-09-16
North Carolina,NC,Scotland,$3.975,2026-09-16
North Carolina,NC,Stanly,$4.107,2026-09-16
North Carolina,NC,Stokes,$4.109,2026-09-16
North Carolina,NC,Surry,$4.119,2026-09-16
North Carolina,NC,Swain,$4.091,2026-09-16
North Carolina,NC,Transylvania,$4.185,2026-09-16
North Carolina,NC,Tyrrell,$4.051,2026-09-16
North Carolina,NC,Union,$4.146,2026-09-16
North Carolina,NC,Vance,$4.079,2026-09-16
North Carolina,NC,Wake,$4.136,2026-09-16
North Carolina,NC,Warren,$4.099,2026-09-16
North Carolina,NC,Washington,$4.099,2026-09-16
North Carolina,NC,Watauga,$4.146,2026-09-16
North Carolina,NC,Wayne,$4.054,2026-09-16
North Carolina,NC,Wilkes,$4.155,2026-09-16
North Carolina,NC,Wilson,$4.128,2026-09-16
North Carolina,NC,Yadkin,$4.112,2026-09-16
North Carolina,NC,Yancey,$3.986,2026-09-16
North Dakota,ND,Adams,$4.249,2026-09-16
North Dakota,ND,Barnes,$4.096,2026-09-16
North Dakota,ND,Benson,$4.212,2026-09-16
North Dakota,ND,Billings,$4.099,2026-09-16
North Dakota,ND,Bottineau,$4.283,2026-09-16
North Dakota,ND,Bowman,$4.397,2026-09-16
North Dakota,ND,Burke,$4.324,2026-09-16
North Dakota,ND,Burleigh,$4.319,2026-09-16
North Dakota,ND,Cass,$4.000,2026-09-16
North Dakota,ND,Cavalier,$4.316,2026-09-16
North Dakota,ND,Dickey,$4.099,2026-09-16
North Dakota,ND,Divide,$4.199,2026-09-16
North Dakota,ND,Dunn,$4.506,2026-09-16
North Dakota,ND,Eddy,$4.149,2026-09-16
North Dakota,ND,Emmons,$4.249,2026-09-16
North Dakota,ND,Foster,$4.174,2026-09-16
North Dakota,ND,Golden Valley,$4.279,2026-09-16
North Dakota,ND,Grand Forks,$4.140,2026-09-16
North Dakota,ND,Grant,$4.199,2026-09-16
North Dakota,ND,Griggs,$4.294,2026-09-16
North Dakota,ND,Hettinger,$4.249,2026-09-16
North Dakota,ND,Kidder,$4.289,2026-09-16
North Dakota,ND,LaMoure,$4.049,2026-09-16
North Dakota,ND,Logan,$4.149,2026-09-16
North Dakota,ND,McHenry,$4.299,2026-09-16
North Dakota,ND,McIntosh,$4.332,2026-09-16
North Dakota,ND,McKenzie,$4.385,2026-09-16
North Dakota,ND,McLean,$4.280,2026-09-16
North Dakota,ND,Mercer,$4.250,2026-09-16
North Dakota,ND,Morton,$4.212,2026-09-16
North Dakota,ND,Mountrail,$4.287,2026-09-16
North Dakota,ND,Nelson,$4.174,2026-09-16
North Dakota,ND,Oliver,$4.299,2026-09-16
North Dakota,ND,Pembina,$4.205,2026-09-16
North Dakota,ND,Pierce,$4.299,2026-09-16
North Dakota,ND,Ramsey,$4.187,2026-09-16
North Dakota,ND,Ransom,$4.133,2026-09-16
North Dakota,ND,Renville,$4.299,2026-09-16
North Dakota,ND,Richland,$4.064,2026-09-16
North Dakota,ND,Rolette,$4.154,2026-09-16
North Dakota,ND,Sargent,$4.014,2026-09-16
North Dakota,ND,Sheridan,$4.099,2026-09-16
North Dakota,ND,Sioux,$4.374,2026-09-16
North Dakota,ND,Slope,,2026-09-16
North Dakota,ND,Stark,$4.347,2026-09-16
North Dakota,ND,Steele,$4.336,2026-09-16
North Dakota,ND,Stutsman,$4.121,2026-09-16
North Dakota,ND,Towner,$4.059,2026-09-16
North Dakota,ND,Traill,$4.118,2026-09-16
North Dakota,ND,Walsh,$4.143,2026-09-16
North Dakota,ND,Ward,$4.293,2026-09-16
North Dakota,ND,Wells,$4.186,2026-09-16
North Dakota,ND,Williams,$4.306,2026-09-16
Ohio,OH,Adams,$4.225,2026-09-16
Ohio,OH,Allen,$4.394,2026-09-16
Ohio,OH,Ashland,$4.246,2026-09-16
Ohio,OH,Ashtabula,$4.344,2026-09-16
Ohio,OH,Athens,$4.312,2026-09-16
Ohio,OH,Auglaize,$4.270,2026-09-16
Ohio,OH,Belmont,$4.245,2026-09-16
Ohio,OH,Brown,$4.253,2026-09-16
Ohio,OH,Butler,$4.233,2026-09-16
Ohio,OH,Carroll,$4.462,2026-09-16
Ohio,OH,Champaign,$4.364,2026-09-16
Ohio,OH,Clark,$4.344,2026-09-16
Ohio,OH,Clermont,$4.399,2026-09-16
Ohio,OH,Clinton,$4.372,2026-09-16
Ohio,OH,Columbiana,$4.259,2026-09-16
Ohio,OH,Coshocton,$4.315,2026-09-16
Ohio,OH,Crawford,$4.454,2026-09-16
Ohio,OH,Cuyahoga,$4.411,2026-09-16
Ohio,OH,Darke,$4.245,2026-09-16
Ohio,OH,Defiance,$4.270,2026-09-16
Ohio,OH,Delaware,$4.436,2026-09-16
Ohio,OH,Erie,$4.516,2026-09-16
Ohio,OH,Fairfield,$4.393,2026-09-16
Ohio,OH,Fayette,$4.227,2026-09-16
Ohio,OH,Franklin,$4.420,2026-09-16
Ohio,OH,Fulton,$4.259,2026-09-16
Ohio,OH,Gallia,$4.335,2026-09-16
Ohio,OH,Geauga,$4.388,2026-09-16
Ohio,OH,Greene,$4.406,2026-09-16
Ohio,OH,Guernsey,$4.168,2026-09-16
Ohio,OH,Hamilton,$4.362,2026-09-16
Ohio,OH,Hancock,$4.400,2026-09-16
Ohio,OH,Hardin,$4.114,2026-09-16
Ohio,OH,Harrison,$4.268,2026-09-16
Ohio,OH,Henry,$4.271,2026-09-16
Ohio,OH,Highland,$4.387,2026-09-16
Ohio,OH,Hocking,$4.347,2026-09-16
Ohio,OH,Holmes,$4.278,2026-09-16
Ohio,OH,Huron,$4.443,2026-09-16
Ohio,OH,Jackson,$4.404,2026-09-16
Ohio,OH,Jefferson,$4.322,2026-09-16
Ohio,OH,Knox,$4.367,2026-09-16
Ohio,OH,Lake,$4.398,2026-09-16
Ohio,OH,Lawrence,$4.368,2026-09-16
Ohio,OH,Licking,$4.435,2026-09-16
Ohio,OH,Logan,$4.216,2026-09-16
Ohio,OH,Lorain,$4.311,2026-09-16
Ohio,OH,Lucas,$4.319,2026-09-16
Ohio,OH,Madison,$4.387,2026-09-16
Ohio,OH,Mahoning,$4.315,2026-09-16
Ohio,OH,Marion,$4.338,2026-09-16
Ohio,OH,Medina,$4.414,2026-09-16
Ohio,OH,Meigs,$4.096,2026-09-16
Ohio,OH,Mercer,$4.226,2026-09-16
Ohio,OH,Miami,$4.286,2026-09-16
Ohio,OH,Monroe,$4.313,2026-09-16
Ohio,OH,Montgomery,$4.294,2026-09-16
Ohio,OH,Morgan,$4.232,2026-09-16
Ohio,OH,Morrow,$4.406,2026-09-16
Ohio,OH,Muskingum,$4.289,2026-09-16
Ohio,OH,Noble,$4.335,2026-09-16
Ohio,OH,Ottawa,$4.402,2026-09-16
Ohio,OH,Paulding,$4.274,2026-09-16
Ohio,OH,Perry,$4.345,2026-09-16
Ohio,OH,Pickaway,$4.426,2026-09-16
Ohio,OH,Pike,$4.101,2026-09-16
Ohio,OH,Portage,$4.365,2026-09-16
Ohio,OH,Preble,$4.036,2026-09-16
Ohio,OH,Putnam,$4.318,2026-09-16
Ohio,OH,Richland,$4.338,2026-09-16
Ohio,OH,Ross,$4.270,2026-09-16
Ohio,OH,Sandusky,$4.432,2026-09-16
Ohio,OH,Scioto,$4.072,2026-09-16
Ohio,OH,Seneca,$4.332,2026-09-16
Ohio,OH,Shelby,$4.233,2026-09-16
Ohio,OH,Stark,$4.458,2026-09-16
Ohio,OH,Summit,$4.421,2026-09-16
Ohio,OH,Trumbull,$4.298,2026-09-16
Ohio,OH,Tuscarawas,$4.403,2026-09-16
Ohio,OH,Union,$4.283,2026-09-16
Ohio,OH,Van Wert,$4.232,2026-09-16
Ohio,OH,Vinton,$4.199,2026-09-16
Ohio,OH,Warren,$4.267,2026-09-16
Ohio,OH,Washington,$4.290,2026-09-16
Ohio,OH,Wayne,$4.423,2026-09-16
Ohio,OH,Williams,$4.194,2026-09-16
Ohio,OH,Wood,$4.330,2026-09-16
Ohio,OH,Wyandot,$4.294,2026-09-16
Oklahoma,OK,Adair,$3.916,2026-09-16
Oklahoma,OK,Alfalfa,$4.019,2026-09-16
Oklahoma,OK,Atoka,$4.144,2026-09-16
Oklahoma,OK,Beaver,$4.051,2026-09-16
Oklahoma,OK,Beckham,$3.937,2026-09-16
Oklahoma,OK,Blaine,$4.051,2026-09-16
Oklahoma,OK,Bryan,$3.791,2026-09-16
Oklahoma,OK,Caddo,$4.061,2026-09-16
Oklahoma,OK,Canadian,$3.989,2026-09-16
Oklahoma,OK,Carter,$3.971,2026-09-16
Oklahoma,OK,Cherokee,$4.025,2026-09-16
Oklahoma,OK,Choctaw,$3.970,2026-09-16
Oklahoma,OK,Cimarron,$3.909,2026-09-16
Oklahoma,OK,Cleveland,$4.057,2026-09-16
Oklahoma,OK,Coal,$4.377,2026-09-16
Oklahoma,OK,Comanche,$3.924,2026-09-16
Oklahoma,OK,Cotton,$3.984,2026-09-16
Oklahoma,OK,Craig,$3.986,2026-09-16
Oklahoma,OK,Creek,$4.034,2026-09-16
Oklahoma,OK,Custer,$4.090,2026-09-16
Oklahoma,OK,Delaware,$3.969,2026-09-16
Oklahoma,OK,Dewey,$4.345,2026-09-16
Oklahoma,OK,Ellis,$4.337,2026-09-16
Oklahoma,OK,Garfield,$3.998,2026-09-16
Oklahoma,OK,Garvin,$3.916,2026-09-16
Oklahoma,OK,Grady,$4.035,2026-09-16
Oklahoma,OK,Grant,$3.899,2026-09-16
Oklahoma,OK,Greer,$3.796,2026-09-16
Oklahoma,OK,Harmon,$4.099,2026-09-16
Oklahoma,OK,Harper,$3.948,2026-09-16
Oklahoma,OK,Haskell,$3.880,2026-09-16
Oklahoma,OK,Hughes,$4.179,2026-09-16
Oklahoma,OK,Jackson,$3.988,2026-09-16
Oklahoma,OK,Jefferson,$4.059,2026-09-16
Oklahoma,OK,Johnston,$4.095,2026-09-16
Oklahoma,OK,Kay,$4.013,2026-09-16
Oklahoma,OK,Kingfisher,$4.095,2026-09-16
Oklahoma,OK,Kiowa,$3.991,2026-09-16
Oklahoma,OK,Latimer,$3.948,2026-09-16
Oklahoma,OK,Le Flore,$3.987,2026-09-16
Oklahoma,OK,Lincoln,$4.121,2026-09-16
Oklahoma,OK,Logan,$4.219,2026-09-16
Oklahoma,OK,Love,$4.026,2026-09-16
Oklahoma,OK,Major,$3.873,2026-09-16
Oklahoma,OK,Marshall,$4.002,2026-09-16
Oklahoma,OK,Mayes,$3.979,2026-09-16
Oklahoma,OK,McClain,$4.149,2026-09-16
Oklahoma,OK,McCurtain,$4.084,2026-09-16
Oklahoma,OK,McIntosh,$4.127,2026-09-16
Oklahoma,OK,Murray,$4.042,2026-09-16
Oklahoma,OK,Muskogee,$3.933,2026-09-16
Oklahoma,OK,Noble,$4.138,2026-09-16
Oklahoma,OK,Nowata,$3.899,2026-09-16
Oklahoma,OK,Okfuskee,$4.041,2026-09-16
Oklahoma,OK,Oklahoma,$3.990,2026-09-16
Oklahoma,OK,Okmulgee,$3.955,2026-09-16
Oklahoma,OK,Osage,$4.090,2026-09-16
Oklahoma,OK,Ottawa,$3.908,2026-09-16
Oklahoma,OK,Pawnee,$4.077,2026-09-16
Oklahoma,OK,Payne,$4.025,2026-09-16
Oklahoma,OK,Pittsburg,$3.909,2026-09-16
Oklahoma,OK,Pontotoc,$4.029,2026-09-16
Oklahoma,OK,Pottawatomie,$3.943,2026-09-16
Oklahoma,OK,Pushmataha,$4.098,2026-09-16
Oklahoma,OK,Roger Mills,$4.152,2026-09-16
Oklahoma,OK,Rogers,$3.997,2026-09-16
Oklahoma,OK,Seminole,$3.929,2026-09-16
Oklahoma,OK,Sequoyah,$3.912,2026-09-16
Oklahoma,OK,Stephens,$3.968,2026-09-16
Oklahoma,OK,Texas,$3.943,2026-09-16
Oklahoma,OK,Tillman,$3.976,2026-09-16
Oklahoma,OK,Tulsa,$3.986,2026-09-16
Oklahoma,OK,Wagoner,$3.972,2026-09-16
Oklahoma,OK,Washington,$3.989,2026-09-16
Oklahoma,OK,Washita,$3.906,2026-09-16
Oklahoma,OK,Woods,$3.952,2026-09-16
Oklahoma,OK,Woodward,$3.843,2026-09-16
Oregon,OR,Baker,$5.003,2026-09-16
Oregon,OR,Benton,$4.930,2026-09-16
Oregon,OR,Clackamas,$5.105,2026-09-16
Oregon,OR,Clatsop,$5.243,2026-09-16
Oregon,OR,Columbia,$5.175,2026-09-16
Oregon,OR,Coos,$5.117,2026-09-16
Oregon,OR,Crook,$5.147,2026-09-16
Oregon,OR,Curry,$5.368,2026-09-16
Oregon,OR,Deschutes,$5.051,2026-09-16
Oregon,OR,Douglas,$5.121,2026-09-16
Oregon,OR,Gilliam,$5.049,2026-09-16
Oregon,OR,Grant,$5.204,2026-09-16
Oregon,OR,Harney,$5.196,2026-09-16
Oregon,OR,Hood River,$5.185,2026-09-16
Oregon,OR,Jackson,$5.169,2026-09-16
Oregon,OR,Jefferson,$5.039,2026-09-16
Oregon,OR,Josephine,$5.296,2026-09-16
Oregon,OR,Klamath,$5.039,2026-09-16
Oregon,OR,Lake,$5.095,2026-09-16
Oregon,OR,Lane,$5.131,2026-09-16
Oregon,OR,Lincoln,$4.961,2026-09-16
Oregon,OR,Linn,$5.008,2026-09-16
Oregon,OR,Malheur,$5.101,2026-09-16
Oregon,OR,Marion,$4.918,2026-09-16
Oregon,OR,Morrow,$4.920,2026-09-16
Oregon,OR,Multnomah,$5.180,2026-09-16
Oregon,OR,Polk,$4.930,2026-09-16
Oregon,OR,Sherman,$4.890,2026-09-16
Oregon,OR,Tillamook,$5.371,2026-09-16
Oregon,OR,Umatilla,$5.147,2026-09-16
Oregon,OR,Union,$5.265,2026-09-16
Oregon,OR,Wallowa,$5.361,2026-09-16
Oregon,OR,Wasco,$5.192,2026-09-16
Oregon,OR,Washington,$5.117,2026-09-16
Oregon,OR,Wheeler,,2026-09-16
Oregon,OR,Yamhill,$5.120,2026-09-16
Maryland,MD,Allegany,$4.240,2026-09-16
Maryland,MD,Anne Arundel,$4.188,2026-09-16
Maryland,MD,Baltimore City,$4.166,2026-09-16
Maryland,MD,Baltimore,$4.180,2026-09-16
Maryland,MD,Calvert,$4.179,2026-09-16
Maryland,MD,Cecil,$4.182,2026-09-16
Maryland,MD,Charles,$4.179,2026-09-16
Maryland,MD,Carroll,$4.138,2026-09-16
Maryland,MD,Caroline,$4.223,2026-09-16
Maryland,MD,Dorchester,$4.187,2026-09-16
Maryland,MD,Frederick,$4.188,2026-09-16
Maryland,MD,Garrett,$4.237,2026-09-16
Maryland,MD,Harford,$4.198,2026-09-16
Maryland,MD,Howard,$4.249,2026-09-16
Maryland,MD,Kent,$4.257,2026-09-16
Maryland,MD,Montgomery,$4.281,2026-09-16
Maryland,MD,Prince Georges,$4.201,2026-09-16
Maryland,MD,Queen Annes,$4.175,2026-09-16
Maryland,MD,Saint Marys,$4.167,2026-09-16
Maryland,MD,Somerset,$4.250,2026-09-16
Maryland,MD,Talbot,$4.224,2026-09-16
Maryland,MD,Washington,$4.166,2026-09-16
Maryland,MD,Wicomico,$4.196,2026-09-16
Maryland,MD,Worcester,$4.191,2026-09-16
Massachusetts,MA,Barnstable,$4.371,2026-09-16
Massachusetts,MA,Berkshire,$4.344,2026-09-16
Massachusetts,MA,Bristol,$4.263,2026-09-16
Massachusetts,MA,Dukes,$5.425,2026-09-16
Massachusetts,MA,Essex,$4.389,2026-09-16
Massachusetts,MA,Franklin,$4.339,2026-09-16
Massachusetts,MA,Hampden,$4.242,2026-09-16
Massachusetts,MA,Hampshire,$4.326,2026-09-16
Massachusetts,MA,Middlesex,$4.398,2026-09-16
Massachusetts,MA,Nantucket,$5.694,2026-09-16
Massachusetts,MA,Norfolk,$4.376,2026-09-16
Massachusetts,MA,Plymouth,$4.315,2026-09-16
Massachusetts,MA,Suffolk,$4.518,2026-09-16
Massachusetts,MA,Worcester,$4.362,2026-09-16
Michigan,MI,Alcona,$4.576,2026-09-16
Michigan,MI,Alger,$4.570,2026-09-16
Michigan,MI,Allegan,$4.554,2026-09-16
Michigan,MI,Alpena,$4.595,2026-09-16
Michigan,MI,Antrim,$4.567,2026-09-16
Michigan,MI,Arenac,$4.582,2026-09-16
Michigan,MI,Baraga,$4.409,2026-09-16
Michigan,MI,Barry,$4.588,2026-09-16
Michigan,MI,Bay,$4.575,2026-09-16
Michigan,MI,Benzie,$4.610,2026-09-16
Michigan,MI,Berrien,$4.490,2026-09-16
Michigan,MI,Branch,$4.569,2026-09-16
Michigan,MI,Calhoun,$4.548,2026-09-16
Michigan,MI,Cass,$4.457,2026-09-16
Michigan,MI,Charlevoix,$4.546,2026-09-16
Michigan,MI,Cheboygan,$4.583,2026-09-16
Michigan,MI,Chippewa,$4.603,2026-09-16
Michigan,MI,Clare,$4.496,2026-09-16
Michigan,MI,Clinton,$4.579,2026-09-16
Michigan,MI,Crawford,$4.588,2026-09-16
Michigan,MI,Delta,$4.624,2026-09-16
Michigan,MI,Dickinson,$4.543,2026-09-16
Michigan,MI,Eaton,$4.575,2026-09-16
Michigan,MI,Emmet,$4.596,2026-09-16
Michigan,MI,Genesee,$4.540,2026-09-16
Michigan,MI,Gladwin,$4.483,2026-09-16
Michigan,MI,Gogebic,$4.581,2026-09-16
Michigan,MI,Grand Traverse,$4.529,2026-09-16
Michigan,MI,Gratiot,$4.571,2026-09-16
Michigan,MI,Hillsdale,$4.496,2026-09-16
Michigan,MI,Houghton,$4.472,2026-09-16
Michigan,MI,Huron,$4.519,2026-09-16
Michigan,MI,Ingham,$4.583,2026-09-16
Michigan,MI,Ionia,$4.575,2026-09-16
Michigan,MI,Iosco,$4.586,2026-09-16
Michigan,MI,Iron,$4.468,2026-09-16
Michigan,MI,Isabella,$4.552,2026-09-16
Michigan,MI,Jackson,$4.561,2026-09-16
Michigan,MI,Kalamazoo,$4.560,2026-09-16
Michigan,MI,Kalkaska,$4.598,2026-09-16
Michigan,MI,Kent,$4.578,2026-09-16
Michigan,MI,Keweenaw,$4.399,2026-09-16
Michigan,MI,Lake,$4.362,2026-09-16
Michigan,MI,Lapeer,$4.535,2026-09-16
Michigan,MI,Leelanau,$4.612,2026-09-16
Michigan,MI,Lenawee,$4.550,2026-09-16
Michigan,MI,Livingston,$4.593,2026-09-16
Michigan,MI,Luce,$4.507,2026-09-16
Michigan,MI,Mackinac,$4.529,2026-09-16
Michigan,MI,Macomb,$4.531,2026-09-16
Michigan,MI,Manistee,$4.601,2026-09-16
Michigan,MI,Marquette,$4.615,2026-09-16
Michigan,MI,Mason,$4.597,2026-09-16
Michigan,MI,Mecosta,$4.460,2026-09-16
Michigan,MI,Menominee,$4.600,2026-09-16
Michigan,MI,Midland,$4.528,2026-09-16
Michigan,MI,Missaukee,$4.508,2026-09-16
Michigan,MI,Monroe,$4.547,2026-09-16
Michigan,MI,Montcalm,$4.524,2026-09-16
Michigan,MI,Montmorency,$4.391,2026-09-16
Michigan,MI,Muskegon,$4.571,2026-09-16
Michigan,MI,Newaygo,$4.577,2026-09-16
Michigan,MI,Oakland,$4.574,2026-09-16
Michigan,MI,Oceana,$4.575,2026-09-16
Michigan,MI,Ogemaw,$4.497,2026-09-16
Michigan,MI,Ontonagon,$4.529,2026-09-16
Michigan,MI,Osceola,$4.557,2026-09-16
Michigan,MI,Oscoda,$4.466,2026-09-16
Michigan,MI,Otsego,$4.591,2026-09-16
Michigan,MI,Ottawa,$4.575,2026-09-16
Michigan,MI,Presque Isle,$4.492,2026-09-16
Michigan,MI,Roscommon,$4.580,2026-09-16
Michigan,MI,Saginaw,$4.548,2026-09-16
Michigan,MI,Sanilac,$4.525,2026-09-16
Michigan,MI,Schoolcraft,$4.485,2026-09-16
Michigan,MI,Shiawassee,$4.556,2026-09-16
Michigan,MI,Saint Clair,$4.521,2026-09-16
Michigan,MI,Saint Joseph,$4.543,2026-09-16
Michigan,MI,Tuscola,$4.538,2026-09-16
Michigan,MI,Van Buren,$4.497,2026-09-16
Michigan,MI,Washtenaw,$4.577,2026-09-16
Michigan,MI,Wayne,$4.498,2026-09-16
Michigan,MI,Wexford,$4.520,2026-09-16
Minnesota,MN,Aitkin,$4.166,2026-09-16
Minnesota,MN,Anoka,$4.233,2026-09-16
Minnesota,MN,Becker,$4.238,2026-09-16
Minnesota,MN,Beltrami,$4.200,2026-09-16
Minnesota,MN,Benton,$4.189,2026-09-16
Minnesota,MN,Big Stone,$4.139,2026-09-16
Minnesota,MN,Blue Earth,$4.193,2026-09-16
Minnesota,MN,Brown,$4.215,2026-09-16
Minnesota,MN,Carlton,$4.132,2026-09-16
Minnesota,MN,Carver,$4.266,2026-09-16
Minnesota,MN,Cass,$4.149,2026-09-16
Minnesota,MN,Chippewa,$4.242,2026-09-16
Minnesota,MN,Chisago,$4.270,2026-09-16
Minnesota,MN,Clay,$4.025,2026-09-16
Minnesota,MN,Clearwater,$4.170,2026-09-16
Minnesota,MN,Cook,$4.399,2026-09-16
Minnesota,MN,Cottonwood,$4.299,2026-09-16
Minnesota,MN,Crow Wing,$4.194,2026-09-16
Minnesota,MN,Dakota,$4.282,2026-09-16
Minnesota,MN,Dodge,$4.299,2026-09-16
Minnesota,MN,Douglas,$4.133,2026-09-16
Minnesota,MN,Faribault,$4.240,2026-09-16
Minnesota,MN,Fillmore,$4.211,2026-09-16
Minnesota,MN,Freeborn,$4.203,2026-09-16
Minnesota,MN,Goodhue,$4.256,2026-09-16
Minnesota,MN,Grant,$4.099,2026-09-16
Minnesota,MN,Hennepin,$4.324,2026-09-16
Minnesota,MN,Houston,$4.216,2026-09-16
Minnesota,MN,Hubbard,$4.249,2026-09-16
Minnesota,MN,Isanti,$4.221,2026-09-16
Minnesota,MN,Itasca,$4.219,2026-09-16
Minnesota,MN,Jackson,$4.200,2026-09-16
Minnesota,MN,Kanabec,$4.218,2026-09-16
Minnesota,MN,Kandiyohi,$4.244,2026-09-16
Minnesota,MN,Kittson,$4.159,2026-09-16
Minnesota,MN,Koochiching,$4.177,2026-09-16
Minnesota,MN,Lac Qui Parle,$4.284,2026-09-16
Minnesota,MN,Lake,$4.300,2026-09-16
Minnesota,MN,Lake of the Woods,$4.219,2026-09-16
Minnesota,MN,Le Sueur,$4.234,2026-09-16
Minnesota,MN,Lincoln,$4.159,2026-09-16
Minnesota,MN,Lyon,$4.261,2026-09-16
Minnesota,MN,Mahnomen,$4.232,2026-09-16
Minnesota,MN,Marshall,$4.138,2026-09-16
Minnesota,MN,Martin,$4.144,2026-09-16
Minnesota,MN,McLeod,$4.207,2026-09-16
Minnesota,MN,Meeker,$4.215,2026-09-16
Minnesota,MN,Mille Lacs,$4.219,2026-09-16
Minnesota,MN,Morrison,$4.202,2026-09-16
Minnesota,MN,Mower,$4.122,2026-09-16
Minnesota,MN,Murray,$4.227,2026-09-16
Minnesota,MN,Nicollet,$4.209,2026-09-16
Minnesota,MN,Nobles,$4.199,2026-09-16
Minnesota,MN,Norman,$4.107,2026-09-16
Minnesota,MN,Olmsted,$4.295,2026-09-16
Minnesota,MN,Otter Tail,$4.201,2026-09-16
Minnesota,MN,Pennington,$4.199,2026-09-16
Minnesota,MN,Pine,$4.231,2026-09-16
Minnesota,MN,Pipestone,$4.132,2026-09-16
Minnesota,MN,Polk,$4.192,2026-09-16
Minnesota,MN,Pope,$4.156,2026-09-16
Minnesota,MN,Ramsey,$4.312,2026-09-16
Minnesota,MN,Red Lake,$4.191,2026-09-16
Minnesota,MN,Redwood,$4.233,2026-09-16
Minnesota,MN,Renville,$4.247,2026-09-16
Minnesota,MN,Rice,$4.240,2026-09-16
Minnesota,MN,Rock,$4.199,2026-09-16
Minnesota,MN,Roseau,$4.153,2026-09-16
Minnesota,MN,Scott,$4.256,2026-09-16
Minnesota,MN,Sherburne,$4.244,2026-09-16
Minnesota,MN,Sibley,$4.257,2026-09-16
Minnesota,MN,Saint Louis,$4.228,2026-09-16
Minnesota,MN,Stearns,$4.155,2026-09-16
Minnesota,MN,Steele,$4.189,2026-09-16
Minnesota,MN,Stevens,$4.223,2026-09-16
Minnesota,MN,Swift,$4.294,2026-09-16
Minnesota,MN,Todd,$4.203,2026-09-16
Minnesota,MN,Traverse,$4.166,2026-09-16
Minnesota,MN,Wabasha,$4.195,2026-09-16
Minnesota,MN,Wadena,$4.219,2026-09-16
Minnesota,MN,Waseca,$4.194,2026-09-16
Minnesota,MN,Washington,$4.263,2026-09-16
Minnesota,MN,Watonwan,$4.270,2026-09-16
Minnesota,MN,Wilkin,$4.024,2026-09-16
Minnesota,MN,Winona,$4.155,2026-09-16
Minnesota,MN,Wright,$4.252,2026-09-16
Minnesota,MN,Yellow Medicine,$4.282,2026-09-16
Mississippi,MS,Adams,$3.933,2026-09-16
Mississippi,MS,Alcorn,$3.785,2026-09-16
Mississippi,MS,Amite,$3.895,2026-09-16
Mississippi,MS,Attala,$3.978,2026-09-16
Mississippi,MS,Benton,$3.859,2026-09-16
Mississippi,MS,Bolivar,$3.897,2026-09-16
Mississippi,MS,Calhoun,$3.962,2026-09-16
Mississippi,MS,Carroll,$3.979,2026-09-16
Mississippi,MS,Chickasaw,$3.879,2026-09-16
Mississippi,MS,Choctaw,$3.871,2026-09-16
Mississippi,MS,Claiborne,$4.134,2026-09-16
Mississippi,MS,Clarke,$3.860,2026-09-16
Mississippi,MS,Clay,$3.918,2026-09-16
Mississippi,MS,Coahoma,$4.001,2026-09-16
Mississippi,MS,Copiah,$3.961,2026-09-16
Mississippi,MS,Covington,$3.851,2026-09-16
Mississippi,MS,De Soto,$3.916,2026-09-16
Mississippi,MS,Forrest,$3.798,2026-09-16
Mississippi,MS,Franklin,$3.962,2026-09-16
Mississippi,MS,George,$3.838,2026-09-16
Mississippi,MS,Greene,$3.879,2026-09-16
Mississippi,MS,Grenada,$3.904,2026-09-16
Mississippi,MS,Hancock,$3.873,2026-09-16
Mississippi,MS,Harrison,$3.850,2026-09-16
Mississippi,MS,Hinds,$3.911,2026-09-16
Mississippi,MS,Holmes,$3.924,2026-09-16
Mississippi,MS,Humphreys,$3.899,2026-09-16
Mississippi,MS,Issaquena,,2026-09-16
Mississippi,MS,Itawamba,$3.795,2026-09-16
Mississippi,MS,Jackson,$3.855,2026-09-16
Mississippi,MS,Jasper,$3.821,2026-09-16
Mississippi,MS,Jefferson,$4.252,2026-09-16
Mississippi,MS,Jefferson Davis,$3.855,2026-09-16
Mississippi,MS,Jones,$3.838,2026-09-16
Mississippi,MS,Kemper,$3.911,2026-09-16
Mississippi,MS,Lafayette,$4.080,2026-09-16
Mississippi,MS,Lamar,$3.826,2026-09-16
Mississippi,MS,Lauderdale,$3.914,2026-09-16
Mississippi,MS,Lawrence,$3.966,2026-09-16
Mississippi,MS,Leake,$3.840,2026-09-16
Mississippi,MS,Lee,$3.852,2026-09-16
Mississippi,MS,Leflore,$3.817,2026-09-16
Mississippi,MS,Lincoln,$3.983,2026-09-16
Mississippi,MS,Lowndes,$3.904,2026-09-16
Mississippi,MS,Madison,$3.915,2026-09-16
Mississippi,MS,Marion,$3.922,2026-09-16
Mississippi,MS,Marshall,$3.973,2026-09-16
Mississippi,MS,Monroe,$3.865,2026-09-16
Mississippi,MS,Montgomery,$3.877,2026-09-16
Mississippi,MS,Neshoba,$3.885,2026-09-16
Mississippi,MS,Newton,$3.943,2026-09-16
Mississippi,MS,Noxubee,$4.024,2026-09-16
Mississippi,MS,Oktibbeha,$3.882,2026-09-16
Mississippi,MS,Panola,$3.942,2026-09-16
Mississippi,MS,Pearl River,$3.903,2026-09-16
Mississippi,MS,Perry,$3.923,2026-09-16
Mississippi,MS,Pike,$3.925,2026-09-16
Mississippi,MS,Pontotoc,$3.920,2026-09-16
Mississippi,MS,Prentiss,$3.870,2026-09-16
Mississippi,MS,Quitman,$4.099,2026-09-16
Mississippi,MS,Rankin,$3.865,2026-09-16
Mississippi,MS,Scott,$3.912,2026-09-16
Mississippi,MS,Sharkey,$3.899,2026-09-16
Mississippi,MS,Simpson,$3.905,2026-09-16
Mississippi,MS,Smith,$3.885,2026-09-16
Mississippi,MS,Stone,$3.868,2026-09-16
Mississippi,MS,Sunflower,$3.862,2026-09-16
Mississippi,MS,Tallahatchie,$3.951,2026-09-16
Mississippi,MS,Tate,$3.972,2026-09-16
Mississippi,MS,Tippah,$3.876,2026-09-16
Mississippi,MS,Tishomingo,$3.893,2026-09-16
Mississippi,MS,Tunica,$4.014,2026-09-16
Mississippi,MS,Union,$3.861,2026-09-16
Mississippi,MS,Walthall,$3.992,2026-09-16
Mississippi,MS,Warren,$3.986,2026-09-16
Mississippi,MS,Washington,$3.902,2026-09-16
Mississippi,MS,Wayne,$3.881,2026-09-16
Mississippi,MS,Webster,$3.898,2026-09-16
Mississippi,MS,Wilkinson,$3.931,2026-09-16
Mississippi,MS,Winston,$3.895,2026-09-16
Mississippi,MS,Yalobusha,$3.943,2026-09-16
Mississippi,MS,Yazoo,$3.824,2026-09-16
Missouri,MO,Adair,$3.936,2026-09-16
Missouri,MO,Andrew,$3.992,2026-09-16
Missouri,MO,Atchison,$3.990,2026-09-16
Missouri,MO,Audrain,$3.918,2026-09-16
Missouri,MO,Barry,$3.980,2026-09-16
Missouri,MO,Barton,$3.943,2026-09-16
Missouri,MO,Bates,$4.025,2026-09-16
Missouri,MO,Benton,$4.019,2026-09-16
Missouri,MO,Bollinger,$4.011,2026-09-16
Missouri,MO,Boone,$4.083,2026-09-16
Missouri,MO,Buchanan,$3.975,2026-09-16
Missouri,MO,Butler,$3.941,2026-09-16
Missouri,MO,Caldwell,$3.982,2026-09-16
Missouri,MO,Callaway,$4.033,2026-09-16
Missouri,MO,Camden,$3.970,2026-09-16
Missouri,MO,Cape Girardeau,$4.002,2026-09-16
Missouri,MO,Carroll,$3.985,2026-09-16
Missouri,MO,Carter,$4.099,2026-09-16
Missouri,MO,Cass,$3.981,2026-09-16
Missouri,MO,Cedar,$4.032,2026-09-16
Missouri,MO,Chariton,$4.055,2026-09-16
Missouri,MO,Christian,$3.929,2026-09-16
Missouri,MO,Clark,$4.049,2026-09-16
Missouri,MO,Clay,$3.980,2026-09-16
Missouri,MO,Clinton,$4.021,2026-09-16
Missouri,MO,Cole,$4.094,2026-09-16
Missouri,MO,Cooper,$3.891,2026-09-16
Missouri,MO,Crawford,$4.008,2026-09-16
Missouri,MO,Dade,$4.016,2026-09-16
Missouri,MO,Dallas,$3.959,2026-09-16
Missouri,MO,Daviess,$3.949,2026-09-16
Missouri,MO,DeKalb,$3.999,2026-09-16
Missouri,MO,Dent,$4.100,2026-09-16
Missouri,MO,Douglas,$3.994,2026-09-16
Missouri,MO,Dunklin,$3.990,2026-09-16
Missouri,MO,Franklin,$3.959,2026-09-16
Missouri,MO,Gasconade,$3.974,2026-09-16
Missouri,MO,Gentry,$4.015,2026-09-16
Missouri,MO,Greene,$3.967,2026-09-16
Missouri,MO,Grundy,$3.999,2026-09-16
Missouri,MO,Harrison,$3.986,2026-09-16
Missouri,MO,Henry,$3.996,2026-09-16
Missouri,MO,Hickory,$4.025,2026-09-16
Missouri,MO,Holt,$4.011,2026-09-16
Missouri,MO,Howard,$4.023,2026-09-16
Missouri,MO,Howell,$3.988,2026-09-16
Missouri,MO,Iron,$4.070,2026-09-16
Missouri,MO,Jackson,$3.976,2026-09-16
Missouri,MO,Jasper,$3.932,2026-09-16
Missouri,MO,Jefferson,$3.887,2026-09-16
Missouri,MO,Johnson,$3.955,2026-09-16
Missouri,MO,Knox,$4.049,2026-09-16
Missouri,MO,Laclede,$3.969,2026-09-16
Missouri,MO,Lafayette,$3.962,2026-09-16
Missouri,MO,Lawrence,$3.995,2026-09-16
Missouri,MO,Lewis,$4.038,2026-09-16
Missouri,MO,Lincoln,$3.907,2026-09-16
Missouri,MO,Linn,$3.993,2026-09-16
Missouri,MO,Livingston,$3.956,2026-09-16
Missouri,MO,Macon,$4.047,2026-09-16
Missouri,MO,Madison,$3.825,2026-09-16
Missouri,MO,Maries,$4.082,2026-09-16
Missouri,MO,Marion,$3.946,2026-09-16
Missouri,MO,McDonald,$3.933,2026-09-16
Missouri,MO,Mercer,$3.962,2026-09-16
Missouri,MO,Miller,$4.071,2026-09-16
Missouri,MO,Mississippi,$3.990,2026-09-16
Missouri,MO,Moniteau,$4.060,2026-09-16
Missouri,MO,Monroe,$4.031,2026-09-16
Missouri,MO,Montgomery,$3.998,2026-09-16
Missouri,MO,Morgan,$4.027,2026-09-16
Missouri,MO,New Madrid,$4.006,2026-09-16
Missouri,MO,Newton,$3.961,2026-09-16
Missouri,MO,Nodaway,$4.044,2026-09-16
Missouri,MO,Oregon,$4.102,2026-09-16
Missouri,MO,Osage,$4.021,2026-09-16
Missouri,MO,Ozark,$4.099,2026-09-16
Missouri,MO,Pemiscot,$4.004,2026-09-16
Missouri,MO,Perry,$3.994,2026-09-16
Missouri,MO,Pettis,$3.949,2026-09-16
Missouri,MO,Phelps,$4.101,2026-09-16
Missouri,MO,Pike,$4.035,2026-09-16
Missouri,MO,Platte,$3.977,2026-09-16
Missouri,MO,Polk,$4.081,2026-09-16
Missouri,MO,Pulaski,$3.979,2026-09-16
Missouri,MO,Putnam,$3.949,2026-09-16
Missouri,MO,Ralls,$4.016,2026-09-16
Missouri,MO,Randolph,$4.025,2026-09-16
Missouri,MO,Ray,$3.984,2026-09-16
Missouri,MO,Reynolds,$4.069,2026-09-16
Missouri,MO,Ripley,$4.037,2026-09-16
Missouri,MO,Saline,$3.962,2026-09-16
Missouri,MO,Schuyler,$4.055,2026-09-16
Missouri,MO,Scotland,$4.066,2026-09-16
Missouri,MO,Scott,$4.042,2026-09-16
Missouri,MO,Shannon,$4.119,2026-09-16
Missouri,MO,Shelby,$4.103,2026-09-16
Missouri,MO,Saint Charles,$3.885,2026-09-16
Missouri,MO,Saint Clair,$4.042,2026-09-16
Missouri,MO,Saint Francois,$3.969,2026-09-16
Missouri,MO,Saint Louis,$3.923,2026-09-16
Missouri,MO,Saint Louis City,$3.950,2026-09-16
Missouri,MO,Sainte Genevieve,$3.942,2026-09-16
Missouri,MO,Stoddard,$4.019,2026-09-16
Missouri,MO,Stone,$3.997,2026-09-16
Missouri,MO,Sullivan,$3.984,2026-09-16
Missouri,MO,Taney,$4.082,2026-09-16
Missouri,MO,Texas,$4.088,2026-09-16
Missouri,MO,Vernon,$3.989,2026-09-16
Missouri,MO,Warren,$3.911,2026-09-16
Missouri,MO,Washington,$3.866,2026-09-16
Missouri,MO,Wayne,$4.074,2026-09-16
Missouri,MO,Webster,$3.968,2026-09-16
Missouri,MO,Worth,$4.129,2026-09-16
Missouri,MO,Wright,$4.007,2026-09-16
Pennsylvania,PA,Adams,$4.497,2026-09-16
Pennsylvania,PA,Allegheny,$4.548,2026-09-16
Pennsylvania,PA,Armstrong,$4.532,2026-09-16
Pennsylvania,PA,Beaver,$4.562,2026-09-16
Pennsylvania,PA,Bedford,$4.348,2026-09-16
Pennsylvania,PA,Berks,$4.511,2026-09-16
Pennsylvania,PA,Blair,$4.469,2026-09-16
Pennsylvania,PA,Bradford,$4.537,2026-09-16
Pennsylvania,PA,Bucks,$4.532,2026-09-16
Pennsylvania,PA,Butler,$4.565,2026-09-16
Pennsylvania,PA,Cambria,$4.500,2026-09-16
Pennsylvania,PA,Cameron,$4.511,2026-09-16
Pennsylvania,PA,Carbon,$4.351,2026-09-16
Pennsylvania,PA,Centre,$4.472,2026-09-16
Pennsylvania,PA,Chester,$4.532,2026-09-16
Pennsylvania,PA,Clarion,$4.449,2026-09-16
Pennsylvania,PA,Clearfield,$4.478,2026-09-16
Pennsylvania,PA,Clinton,$4.453,2026-09-16
Pennsylvania,PA,Columbia,$4.468,2026-09-16
Pennsylvania,PA,Crawford,$4.588,2026-09-16
Pennsylvania,PA,Cumberland,$4.442,2026-09-16
Pennsylvania,PA,Dauphin,$4.425,2026-09-16
Pennsylvania,PA,Delaware,$4.538,2026-09-16
Pennsylvania,PA,Elk,$4.458,2026-09-16
Pennsylvania,PA,Erie,$4.525,2026-09-16
Pennsylvania,PA,Fayette,$4.583,2026-09-16
Pennsylvania,PA,Forest,$4.537,2026-09-16
Pennsylvania,PA,Franklin,$4.232,2026-09-16
Pennsylvania,PA,Fulton,$4.269,2026-09-16
Pennsylvania,PA,Greene,$4.573,2026-09-16
Pennsylvania,PA,Huntingdon,$4.540,2026-09-16
Pennsylvania,PA,Indiana,$4.535,2026-09-16
Pennsylvania,PA,Jefferson,$4.449,2026-09-16
Pennsylvania,PA,Juniata,$4.411,2026-09-16
Pennsylvania,PA,Lackawanna,$4.433,2026-09-16
Pennsylvania,PA,Lancaster,$4.499,2026-09-16
Pennsylvania,PA,Lawrence,$4.505,2026-09-16
Pennsylvania,PA,Lebanon,$4.401,2026-09-16
Pennsylvania,PA,Lehigh,$4.421,2026-09-16
Pennsylvania,PA,Luzerne,$4.452,2026-09-16
Pennsylvania,PA,Lycoming,$4.516,2026-09-16
Pennsylvania,PA,McKean,$4.398,2026-09-16
Pennsylvania,PA,Mercer,$4.530,2026-09-16
Pennsylvania,PA,Mifflin,$4.587,2026-09-16
Pennsylvania,PA,Monroe,$4.454,2026-09-16
Pennsylvania,PA,Montgomery,$4.549,2026-09-16
Pennsylvania,PA,Montour,$4.432,2026-09-16
Pennsylvania,PA,Northampton,$4.394,2026-09-16
Pennsylvania,PA,Northumberland,$4.404,2026-09-16
Pennsylvania,PA,Perry,$4.466,2026-09-16
Pennsylvania,PA,Philadelphia,$4.571,2026-09-16
Pennsylvania,PA,Pike,$4.537,2026-09-16
Pennsylvania,PA,Potter,$4.528,2026-09-16
Pennsylvania,PA,Schuylkill,$4.402,2026-09-16
Pennsylvania,PA,Snyder,$4.385,2026-09-16
Pennsylvania,PA,Somerset,$4.541,2026-09-16
Pennsylvania,PA,Sullivan,$4.599,2026-09-16
Pennsylvania,PA,Susquehanna,$4.474,2026-09-16
Pennsylvania,PA,Tioga,$4.454,2026-09-16
Pennsylvania,PA,Union,$4.530,2026-09-16
Pennsylvania,PA,Venango,$4.559,2026-09-16
Pennsylvania,PA,Warren,$4.565,2026-09-16
Pennsylvania,PA,Washington,$4.569,2026-09-16
Pennsylvania,PA,Wayne,$4.418,2026-09-16
Pennsylvania,PA,Westmoreland,$4.533,2026-09-16
Pennsylvania,PA,Wyoming,$4.474,2026-09-16
Pennsylvania,PA,York,$4.478,2026-09-16
Rhode Island,RI,Bristol,$4.436,2026-09-16
Rhode Island,RI,Kent,$4.357,2026-09-16
Rhode Island,RI,Newport,$4.366,2026-09-16
Rhode Island,RI,Providence,$4.388,2026-09-16
Rhode Island,RI,Washington,$4.441,2026-09-16
South Carolina,SC,Abbeville,$4.182,2026-09-16
South Carolina,SC,Aiken,$4.118,2026-09-16
South Carolina,SC,Allendale,$3.999,2026-09-16
South Carolina,SC,Anderson,$4.088,2026-09-16
South Carolina,SC,Bamberg,$4.125,2026-09-16
South Carolina,SC,Barnwell,$4.085,2026-09-16
South Carolina,SC,Beaufort,$4.145,2026-09-16
South Carolina,SC,Berkeley,$4.140,2026-09-16
South Carolina,SC,Calhoun,$4.139,2026-09-16
South Carolina,SC,Charleston,$4.160,2026-09-16
South Carolina,SC,Cherokee,$4.026,2026-09-16
South Carolina,SC,Chester,$4.069,2026-09-16
South Carolina,SC,Chesterfield,$4.054,2026-09-16
South Carolina,SC,Clarendon,$4.048,2026-09-16
South Carolina,SC,Colleton,$4.004,2026-09-16
South Carolina,SC,Darlington,$4.087,2026-09-16
South Carolina,SC,Dillon,$3.940,2026-09-16
South Carolina,SC,Dorchester,$4.115,2026-09-16
South Carolina,SC,Edgefield,$4.080,2026-09-16
South Carolina,SC,Fairfield,$4.051,2026-09-16
South Carolina,SC,Florence,$3.984,2026-09-16
South Carolina,SC,Georgetown,$4.027,2026-09-16
South Carolina,SC,Greenville,$4.147,2026-09-16
South Carolina,SC,Greenwood,$4.137,2026-09-16
South Carolina,SC,Hampton,$4.036,2026-09-16
South Carolina,SC,Horry,$3.977,2026-09-16
South Carolina,SC,Jasper,$4.052,2026-09-16
South Carolina,SC,Kershaw,$4.095,2026-09-16
South Carolina,SC,Lancaster,$4.023,2026-09-16
South Carolina,SC,Laurens,$4.066,2026-09-16
South Carolina,SC,Lee,$4.150,2026-09-16
South Carolina,SC,Lexington,$4.109,2026-09-16
South Carolina,SC,Marion,$3.920,2026-09-16
South Carolina,SC,Marlboro,$3.984,2026-09-16
South Carolina,SC,McCormick,$4.022,2026-09-16
South Carolina,SC,Newberry,$4.094,2026-09-16
South Carolina,SC,Oconee,$4.144,2026-09-16
South Carolina,SC,Orangeburg,$4.096,2026-09-16
South Carolina,SC,Pickens,$4.037,2026-09-16
South Carolina,SC,Richland,$4.128,2026-09-16
South Carolina,SC,Saluda,$4.038,2026-09-16
South Carolina,SC,Spartanburg,$4.072,2026-09-16
South Carolina,SC,Sumter,$4.057,2026-09-16
South Carolina,SC,Union,$4.173,2026-09-16
South Carolina,SC,Williamsburg,$3.993,2026-09-16
South Carolina,SC,York,$4.100,2026-09-16
South Dakota,SD,Aurora,$4.352,2026-09-16
South Dakota,SD,Beadle,$4.144,2026-09-16
South Dakota,SD,Bennett,$4.394,2026-09-16
South Dakota,SD,Bon Homme,$4.187,2026-09-16
South Dakota,SD,Brookings,$4.066,2026-09-16
South Dakota,SD,Brown,$4.099,2026-09-16
South Dakota,SD,Brule,$4.332,2026-09-16
South Dakota,SD,Buffalo,$4.399,2026-09-16
South Dakota,SD,Butte,$4.283,2026-09-16
South Dakota,SD,Campbell,$4.049,2026-09-16
South Dakota,SD,Charles Mix,$4.146,2026-09-16
South Dakota,SD,Clark,$4.654,2026-09-16
South Dakota,SD,Clay,$4.059,2026-09-16
South Dakota,SD,Codington,$4.133,2026-09-16
South Dakota,SD,Corson,$4.299,2026-09-16
South Dakota,SD,Custer,$4.349,2026-09-16
South Dakota,SD,Davison,$4.223,2026-09-16
South Dakota,SD,Day,$4.199,2026-09-16
South Dakota,SD,Deuel,$4.449,2026-09-16
South Dakota,SD,Dewey,$4.849,2026-09-16
South Dakota,SD,Douglas,$3.999,2026-09-16
South Dakota,SD,Edmunds,$4.149,2026-09-16
South Dakota,SD,Fall River,$4.293,2026-09-16
South Dakota,SD,Faulk,$4.219,2026-09-16
South Dakota,SD,Grant,$4.099,2026-09-16
South Dakota,SD,Gregory,$4.376,2026-09-16
South Dakota,SD,Haakon,$4.319,2026-09-16
South Dakota,SD,Hamlin,$4.227,2026-09-16
South Dakota,SD,Hand,$4.349,2026-09-16
South Dakota,SD,Hanson,$4.164,2026-09-16
South Dakota,SD,Harding,$4.399,2026-09-16
South Dakota,SD,Hughes,$4.343,2026-09-16
South Dakota,SD,Hutchinson,$4.034,2026-09-16
South Dakota,SD,Hyde,$4.086,2026-09-16
South Dakota,SD,Jackson,$4.332,2026-09-16
South Dakota,SD,Jerauld,$4.049,2026-09-16
South Dakota,SD,Jones,$4.099,2026-09-16
South Dakota,SD,Kingsbury,$4.297,2026-09-16
South Dakota,SD,Lake,$3.989,2026-09-16
South Dakota,SD,Lawrence,$4.304,2026-09-16
South Dakota,SD,Lincoln,$4.034,2026-09-16
South Dakota,SD,Lyman,$4.522,2026-09-16
South Dakota,SD,Marshall,$4.399,2026-09-16
South Dakota,SD,McCook,$3.899,2026-09-16
South Dakota,SD,McPherson,,2026-09-16
South Dakota,SD,Meade,$4.446,2026-09-16
South Dakota,SD,Mellette,$4.109,2026-09-16
South Dakota,SD,Miner,$4.274,2026-09-16
South Dakota,SD,Minnehaha,$4.026,2026-09-16
South Dakota,SD,Moody,$4.316,2026-09-16
South Dakota,SD,Pennington,$4.310,2026-09-16
South Dakota,SD,Perkins,$4.249,2026-09-16
South Dakota,SD,Potter,$4.092,2026-09-16
South Dakota,SD,Roberts,$3.966,2026-09-16
South Dakota,SD,Sanborn,$4.564,2026-09-16
South Dakota,SD,Shannon,$4.394,2026-09-16
South Dakota,SD,Spink,$4.026,2026-09-16
South Dakota,SD,Stanley,$4.537,2026-09-16
South Dakota,SD,Sully,$4.429,2026-09-16
South Dakota,SD,Todd,$4.184,2026-09-16
South Dakota,SD,Tripp,$4.232,2026-09-16
South Dakota,SD,Turner,$4.007,2026-09-16
South Dakota,SD,Union,$4.058,2026-09-16
South Dakota,SD,Walworth,$4.242,2026-09-16
South Dakota,SD,Yankton,$4.117,2026-09-16
South Dakota,SD,Ziebach,$4.629,2026-09-16
Tennessee,TN,Anderson,$3.907,2026-09-16
Tennessee,TN,Bedford,$4.095,2026-09-16
Tennessee,TN,Benton,$3.922,2026-09-16
Tennessee,TN,Bledsoe,$4.017,2026-09-16
Tennessee,TN,Blount,$3.964,2026-09-16
Tennessee,TN,Bradley,$4.059,2026-09-16
Tennessee,TN,Campbell,$3.902,2026-09-16
Tennessee,TN,Cannon,$3.969,2026-09-16
Tennessee,TN,Carroll,$3.954,2026-09-16
Tennessee,TN,Carter,$3.957,2026-09-16
Tennessee,TN,Cheatham,$4.086,2026-09-16
Tennessee,TN,Chester,$3.992,2026-09-16
Tennessee,TN,Claiborne,$3.828,2026-09-16
Tennessee,TN,Clay,$4.039,2026-09-16
Tennessee,TN,Cocke,$3.946,2026-09-16
Tennessee,TN,Coffee,$4.087,2026-09-16
Tennessee,TN,Crockett,$4.131,2026-09-16
Tennessee,TN,Cumberland,$4.041,2026-09-16
Tennessee,TN,Davidson,$4.070,2026-09-16
Tennessee,TN,Decatur,$3.833,2026-09-16
Tennessee,TN,DeKalb,$3.987,2026-09-16
Tennessee,TN,Dickson,$3.913,2026-09-16
Tennessee,TN,Dyer,$3.866,2026-09-16
Tennessee,TN,Fayette,$3.976,2026-09-16
Tennessee,TN,Fentress,$3.885,2026-09-16
Tennessee,TN,Franklin,$3.910,2026-09-16
Tennessee,TN,Gibson,$3.983,2026-09-16
Tennessee,TN,Giles,$3.902,2026-09-16
Tennessee,TN,Grainger,$3.993,2026-09-16
Tennessee,TN,Greene,$3.828,2026-09-16
Tennessee,TN,Grundy,$3.999,2026-09-16
Tennessee,TN,Hamblen,$3.935,2026-09-16
Tennessee,TN,Hamilton,$4.055,2026-09-16
Tennessee,TN,Hancock,$3.999,2026-09-16
Tennessee,TN,Hardeman,$4.037,2026-09-16
Tennessee,TN,Hardin,$3.933,2026-09-16
Tennessee,TN,Hawkins,$3.881,2026-09-16
Tennessee,TN,Haywood,$4.090,2026-09-16
Tennessee,TN,Henderson,$3.855,2026-09-16
Tennessee,TN,Henry,$3.941,2026-09-16
Tennessee,TN,Hickman,$3.909,2026-09-16
Tennessee,TN,Houston,$4.049,2026-09-16
Tennessee,TN,Humphreys,$3.925,2026-09-16
Tennessee,TN,Jackson,$3.991,2026-09-16
Tennessee,TN,Jefferson,$3.962,2026-09-16
Tennessee,TN,Johnson,$4.030,2026-09-16
Tennessee,TN,Knox,$3.968,2026-09-16
Tennessee,TN,Lake,$3.899,2026-09-16
Tennessee,TN,Lauderdale,$4.026,2026-09-16
Tennessee,TN,Lawrence,$3.981,2026-09-16
Tennessee,TN,Lewis,$3.922,2026-09-16
Tennessee,TN,Lincoln,$4.076,2026-09-16
Tennessee,TN,Loudon,$3.991,2026-09-16
Tennessee,TN,Macon,$3.948,2026-09-16
Tennessee,TN,Madison,$4.015,2026-09-16
Tennessee,TN,Marion,$4.040,2026-09-16
Tennessee,TN,Marshall,$3.977,2026-09-16
Tennessee,TN,Maury,$4.000,2026-09-16
Tennessee,TN,McMinn,$4.022,2026-09-16
Tennessee,TN,McNairy,$3.942,2026-09-16
Tennessee,TN,Meigs,$3.999,2026-09-16
Tennessee,TN,Monroe,$3.958,2026-09-16
Tennessee,TN,Montgomery,$3.977,2026-09-16
Tennessee,TN,Moore,$4.199,2026-09-16
Tennessee,TN,Morgan,$3.897,2026-09-16
Tennessee,TN,Obion,$3.923,2026-09-16
Tennessee,TN,Overton,$4.055,2026-09-16
Tennessee,TN,Perry,$3.859,2026-09-16
Tennessee,TN,Pickett,$4.032,2026-09-16
Tennessee,TN,Polk,$4.041,2026-09-16
Tennessee,TN,Putnam,$3.990,2026-09-16
Tennessee,TN,Rhea,$3.813,2026-09-16
Tennessee,TN,Roane,$3.886,2026-09-16
Tennessee,TN,Robertson,$4.080,2026-09-16
Tennessee,TN,Rutherford,$4.061,2026-09-16
Tennessee,TN,Scott,$3.876,2026-09-16
Tennessee,TN,Sequatchie,$4.066,2026-09-16
Tennessee,TN,Sevier,$3.961,2026-09-16
Tennessee,TN,Shelby,$3.977,2026-09-16
Tennessee,TN,Smith,$4.037,2026-09-16
Tennessee,TN,Stewart,$4.073,2026-09-16
Tennessee,TN,Sullivan,$3.973,2026-09-16
Tennessee,TN,Sumner,$4.071,2026-09-16
Tennessee,TN,Tipton,$3.937,2026-09-16
Tennessee,TN,Trousdale,$4.049,2026-09-16
Tennessee,TN,Unicoi,$4.107,2026-09-16
Tennessee,TN,Union,$3.928,2026-09-16
Tennessee,TN,Van Buren,$3.999,2026-09-16
Tennessee,TN,Warren,$3.985,2026-09-16
Tennessee,TN,Washington,$4.045,2026-09-16
Tennessee,TN,Wayne,$3.885,2026-09-16
Tennessee,TN,Weakley,$3.896,2026-09-16
Tennessee,TN,White,$3.880,2026-09-16
Tennessee,TN,Williamson,$4.181,2026-09-16
Tennessee,TN,Wilson,$3.966,2026-09-16
Texas,TX,Anderson,$3.852,2026-09-16
Texas,TX,Andrews,$3.966,2026-09-16
Texas,TX,Angelina,$3.865,2026-09-16
Texas,TX,Aransas,$3.863,2026-09-16
Texas,TX,Archer,$3.812,2026-09-16
Texas,TX,Armstrong,$3.899,2026-09-16
Texas,TX,Atascosa,$3.933,2026-09-16
Texas,TX,Austin,$3.861,2026-09-16
Texas,TX,Bailey,$4.137,2026-09-16
Texas,TX,Bandera,$3.957,2026-09-16
Texas,TX,Bastrop,$3.946,2026-09-16
Texas,TX,Baylor,$4.099,2026-09-16
Texas,TX,Bee,$4.004,2026-09-16
Texas,TX,Bell,$3.899,2026-09-16
Texas,TX,Bexar,$3.935,2026-09-16
Texas,TX,Blanco,$3.976,2026-09-16
Texas,TX,Borden,,2026-09-16
Texas,TX,Bosque,$3.929,2026-09-16
Texas,TX,Bowie,$3.875,2026-09-16
Texas,TX,Brazoria,$3.821,2026-09-16
Texas,TX,Brazos,$3.868,2026-09-16
Texas,TX,Brewster,$4.567,2026-09-16
Texas,TX,Briscoe,$3.979,2026-09-16
Texas,TX,Brooks,$3.999,2026-09-16
Texas,TX,Brown,$3.763,2026-09-16
Texas,TX,Burleson,$3.880,2026-09-16
Texas,TX,Burnet,$3.860,2026-09-16
Texas,TX,Caldwell,$3.866,2026-09-16
Texas,TX,Calhoun,$3.964,2026-09-16
Texas,TX,Callahan,$3.874,2026-09-16
Texas,TX,Cameron,$3.936,2026-09-16
Texas,TX,Camp,$3.801,2026-09-16
Texas,TX,Carson,$3.904,2026-09-16
Texas,TX,Cass,$3.876,2026-09-16
Texas,TX,Castro,$4.099,2026-09-16
Texas,TX,Chambers,$3.842,2026-09-16
Texas,TX,Cherokee,$3.859,2026-09-16
Texas,TX,Childress,$3.876,2026-09-16
Texas,TX,Clay,$3.901,2026-09-16
Texas,TX,Cochran,$4.032,2026-09-16
Texas,TX,Coke,$4.199,2026-09-16
Texas,TX,Coleman,$3.930,2026-09-16
Texas,TX,Collin,$3.788,2026-09-16
Texas,TX,Collingsworth,$3.966,2026-09-16
Texas,TX,Colorado,$3.894,2026-09-16
Texas,TX,Comal,$3.948,2026-09-16
Texas,TX,Comanche,$3.788,2026-09-16
Texas,TX,Concho,$4.199,2026-09-16
Texas,TX,Cooke,$3.851,2026-09-16
Texas,TX,Coryell,$3.886,2026-09-16
Texas,TX,Cottle,$4.099,2026-09-16
Texas,TX,Crane,$4.199,2026-09-16
Texas,TX,Crockett,$4.201,2026-09-16
Texas,TX,Crosby,$4.179,2026-09-16
Texas,TX,Culberson,$4.240,2026-09-16
Texas,TX,Dallam,$3.899,2026-09-16
Texas,TX,Dallas,$3.849,2026-09-16
Texas,TX,Dawson,$4.175,2026-09-16
Texas,TX,Deaf Smith,$3.926,2026-09-16
Texas,TX,Delta,$3.966,2026-09-16
Texas,TX,Denton,$3.804,2026-09-16
Texas,TX,De Witt,$3.974,2026-09-16
Texas,TX,Dickens,$4.149,2026-09-16
Texas,TX,Dimmit,$4.014,2026-09-16
Texas,TX,Donley,$3.899,2026-09-16
Texas,TX,Duval,$4.018,2026-09-16
Texas,TX,Eastland,$3.820,2026-09-16
Texas,TX,Ector,$4.089,2026-09-16
Texas,TX,Edwards,$4.099,2026-09-16
Texas,TX,El Paso,$4.421,2026-09-16
Texas,TX,Ellis,$3.849,2026-09-16
Texas,TX,Erath,$3.795,2026-09-16
Texas,TX,Falls,$3.946,2026-09-16
Texas,TX,Fannin,$3.858,2026-09-16
Texas,TX,Fayette,$3.891,2026-09-16
Texas,TX,Fisher,$3.949,2026-09-16
Texas,TX,Floyd,$3.963,2026-09-16
Texas,TX,Foard,$3.899,2026-09-16
Texas,TX,Fort Bend,$3.788,2026-09-16
Texas,TX,Franklin,$3.842,2026-09-16
Texas,TX,Freestone,$3.846,2026-09-16
Texas,TX,Frio,$3.983,2026-09-16
Texas,TX,Gaines,$4.046,2026-09-16
Texas,TX,Galveston,$3.814,2026-09-16
Texas,TX,Garza,$4.199,2026-09-16
Texas,TX,Gillespie,$3.997,2026-09-16
Texas,TX,Glasscock,$4.052,2026-09-16
Texas,TX,Goliad,$3.999,2026-09-16
Texas,TX,Gonzales,$3.870,2026-09-16
Texas,TX,Gray,$3.915,2026-09-16
Texas,TX,Grayson,$3.751,2026-09-16
Texas,TX,Gregg,$3.861,2026-09-16
Texas,TX,Grimes,$3.905,2026-09-16
Texas,TX,Guadalupe,$3.877,2026-09-16
Texas,TX,Hale,$3.936,2026-09-16
Texas,TX,Hall,$3.906,2026-09-16
Texas,TX,Hamilton,$3.772,2026-09-16
Texas,TX,Hansford,$3.970,2026-09-16
Texas,TX,Hardeman,$3.878,2026-09-16
Texas,TX,Hardin,$3.799,2026-09-16
Texas,TX,Harris,$3.787,2026-09-16
Texas,TX,Harrison,$3.911,2026-09-16
Texas,TX,Hartley,$3.999,2026-09-16
Texas,TX,Haskell,$3.862,2026-09-16
Texas,TX,Hays,$3.913,2026-09-16
Texas,TX,Hemphill,$4.124,2026-09-16
Texas,TX,Henderson,$3.849,2026-09-16
Texas,TX,Hidalgo,$3.932,2026-09-16
Texas,TX,Hill,$3.842,2026-09-16
Texas,TX,Hockley,$4.070,2026-09-16
Texas,TX,Hood,$3.937,2026-09-16
Texas,TX,Hopkins,$3.940,2026-09-16
Texas,TX,Houston,$3.950,2026-09-16
Texas,TX,Howard,$3.918,2026-09-16
Texas,TX,Hudspeth,$4.549,2026-09-16
Texas,TX,Hunt,$3.847,2026-09-16
Texas,TX,Hutchinson,$3.866,2026-09-16
Texas,TX,Irion,$3.874,2026-09-16
Texas,TX,Jack,$3.913,2026-09-16
Texas,TX,Jackson,$3.993,2026-09-16
Texas,TX,Jasper,$3.860,2026-09-16
Texas,TX,Jeff Davis,$4.339,2026-09-16
Texas,TX,Jefferson,$3.828,2026-09-16
Texas,TX,Jim Hogg,$3.999,2026-09-16
Texas,TX,Jim Wells,$3.943,2026-09-16
Texas,TX,Johnson,$3.793,2026-09-16
Texas,TX,Jones,$3.853,2026-09-16
Texas,TX,Karnes,$3.962,2026-09-16
Texas,TX,Kaufman,$3.869,2026-09-16
Texas,TX,Kendall,$3.953,2026-09-16
Texas,TX,Kenedy,,2026-09-16
Texas,TX,Kent,,2026-09-16
Texas,TX,Kerr,$3.966,2026-09-16
Texas,TX,Kimble,$3.847,2026-09-16
Texas,TX,King,$4.099,2026-09-16
Texas,TX,Kinney,$3.999,2026-09-16
Texas,TX,Kleberg,$3.883,2026-09-16
Texas,TX,Knox,$4.099,2026-09-16
Texas,TX,La Salle,$3.973,2026-09-16
Texas,TX,Lamar,$3.893,2026-09-16
Texas,TX,Lamb,$4.148,2026-09-16
Texas,TX,Lampasas,$3.844,2026-09-16
Texas,TX,Lavaca,$3.938,2026-09-16
Texas,TX,Lee,$3.841,2026-09-16
Texas,TX,Leon,$3.954,2026-09-16
Texas,TX,Liberty,$3.802,2026-09-16
Texas,TX,Limestone,$3.901,2026-09-16
Texas,TX,Lipscomb,$3.899,2026-09-16
Texas,TX,Live Oak,$3.952,2026-09-16
Texas,TX,Llano,$3.900,2026-09-16
Texas,TX,Loving,$4.409,2026-09-16
Texas,TX,Lubbock,$4.008,2026-09-16
Texas,TX,Lynn,$4.051,2026-09-16
Texas,TX,Madison,$3.903,2026-09-16
Texas,TX,Marion,$3.799,2026-09-16
Texas,TX,Martin,$4.193,2026-09-16
Texas,TX,Mason,$4.017,2026-09-16
Texas,TX,Matagorda,$3.784,2026-09-16
Texas,TX,Maverick,$3.940,2026-09-16
Texas,TX,McCulloch,$4.156,2026-09-16
Texas,TX,McLennan,$3.916,2026-09-16
Texas,TX,McMullen,$3.999,2026-09-16
Texas,TX,Medina,$3.896,2026-09-16
Texas,TX,Menard,$4.099,2026-09-16
Texas,TX,Midland,$4.138,2026-09-16
Texas,TX,Milam,$3.844,2026-09-16
Texas,TX,Mills,$3.939,2026-09-16
Texas,TX,Mitchell,$3.806,2026-09-16
Texas,TX,Montague,$3.940,2026-09-16
Texas,TX,Montgomery,$3.798,2026-09-16
Texas,TX,Moore,$3.864,2026-09-16
Texas,TX,Morris,$3.962,2026-09-16
Texas,TX,Motley,$4.149,2026-09-16
Texas,TX,Nacogdoches,$3.861,2026-09-16
Texas,TX,Navarro,$3.900,2026-09-16
Texas,TX,Newton,$3.941,2026-09-16
Texas,TX,Nolan,$3.838,2026-09-16
Texas,TX,Nueces,$3.955,2026-09-16
Texas,TX,Ochiltree,$3.950,2026-09-16
Texas,TX,Oldham,$4.201,2026-09-16
Texas,TX,Orange,$3.783,2026-09-16
Texas,TX,Palo Pinto,$3.903,2026-09-16
Texas,TX,Panola,$3.860,2026-09-16
Texas,TX,Parker,$3.829,2026-09-16
Texas,TX,Parmer,$3.978,2026-09-16
Texas,TX,Pecos,$4.075,2026-09-16
Texas,TX,Polk,$3.828,2026-09-16
Texas,TX,Potter,$3.893,2026-09-16
Texas,TX,Presidio,$4.295,2026-09-16
Texas,TX,Rains,$3.829,2026-09-16
Texas,TX,Randall,$3.876,2026-09-16
Texas,TX,Reagan,$4.132,2026-09-16
Texas,TX,Real,$4.062,2026-09-16
Texas,TX,Red River,$3.975,2026-09-16
Texas,TX,Reeves,$4.039,2026-09-16
Texas,TX,Refugio,$4.002,2026-09-16
Texas,TX,Roberts,$4.049,2026-09-16
Texas,TX,Robertson,$3.845,2026-09-16
Texas,TX,Rockwall,$3.842,2026-09-16
Texas,TX,Runnels,$4.064,2026-09-16
Texas,TX,Rusk,$3.889,2026-09-16
Texas,TX,Sabine,$3.910,2026-09-16
Texas,TX,San Augustine,$3.962,2026-09-16
Texas,TX,San Jacinto,$3.775,2026-09-16
Texas,TX,San Patricio,$3.961,2026-09-16
Texas,TX,San Saba,$4.035,2026-09-16
Texas,TX,Schleicher,$4.199,2026-09-16
Texas,TX,Scurry,$3.809,2026-09-16
Texas,TX,Shackelford,$3.767,2026-09-16
Texas,TX,Shelby,$3.935,2026-09-16
Texas,TX,Sherman,$3.866,2026-09-16
Texas,TX,Smith,$3.804,2026-09-16
Texas,TX,Somervell,$3.885,2026-09-16
Texas,TX,Starr,$3.933,2026-09-16
Texas,TX,Stephens,$3.729,2026-09-16
Texas,TX,Sterling,$4.199,2026-09-16
Texas,TX,Stonewall,$4.199,2026-09-16
Texas,TX,Sutton,$4.124,2026-09-16
Texas,TX,Swisher,$3.957,2026-09-16
Texas,TX,Tarrant,$3.819,2026-09-16
Texas,TX,Taylor,$3.833,2026-09-16
Texas,TX,Terrell,$4.299,2026-09-16
Texas,TX,Terry,$4.061,2026-09-16
Texas,TX,Throckmorton,$4.074,2026-09-16
Texas,TX,Titus,$3.934,2026-09-16
Texas,TX,Tom Green,$4.119,2026-09-16
Texas,TX,Travis,$3.932,2026-09-16
Texas,TX,Trinity,$3.827,2026-09-16
Texas,TX,Tyler,$3.782,2026-09-16
Texas,TX,Upshur,$3.864,2026-09-16
Texas,TX,Upton,$4.119,2026-09-16
Texas,TX,Uvalde,$3.938,2026-09-16
Texas,TX,Val Verde,$3.938,2026-09-16
Texas,TX,Van Zandt,$3.860,2026-09-16
Texas,TX,Victoria,$3.951,2026-09-16
Texas,TX,Walker,$3.834,2026-09-16
Texas,TX,Waller,$3.865,2026-09-16
Texas,TX,Ward,$4.015,2026-09-16
Texas,TX,Washington,$3.867,2026-09-16
Texas,TX,Webb,$3.935,2026-09-16
Texas,TX,Wharton,$3.745,2026-09-16
Texas,TX,Wheeler,$3.899,2026-09-16
Texas,TX,Wichita,$3.843,2026-09-16
Texas,TX,Wilbarger,$3.809,2026-09-16
Texas,TX,Willacy,$3.864,2026-09-16
Texas,TX,Williamson,$3.927,2026-09-16
Texas,TX,Wilson,$3.926,2026-09-16
Texas,TX,Winkler,$3.937,2026-09-16
Texas,TX,Wise,$3.832,2026-09-16
Texas,TX,Wood,$3.885,2026-09-16
Texas,TX,Yoakum,$4.195,2026-09-16
Texas,TX,Young,$3.929,2026-09-16
Texas,TX,Zapata,$3.988,2026-09-16
Texas,TX,Zavala,$3.930,2026-09-16
Utah,UT,Beaver,$4.949,2026-09-16
Utah,UT,Box Elder,$4.795,2026-09-16
Utah,UT,Cache,$4.772,2026-09-16
Utah,UT,Carbon,$4.850,2026-09-16
Utah,UT,Daggett,$4.899,2026-09-16
Utah,UT,Davis,$4.794,2026-09-16
Utah,UT,Duchesne,$4.894,2026-09-16
Utah,UT,Emery,$4.917,2026-09-16
Utah,UT,Garfield,$4.871,2026-09-16
Utah,UT,Grand,$4.932,2026-09-16
Utah,UT,Iron,$4.881,2026-09-16
Utah,UT,Juab,$4.780,2026-09-16
Utah,UT,Kane,$4.938,2026-09-16
Utah,UT,Millard,$4.830,2026-09-16
Utah,UT,Morgan,$4.899,2026-09-16
Utah,UT,Piute,$4.929,2026-09-16
Utah,UT,Rich,$5.031,2026-09-16
Utah,UT,Salt Lake,$4.760,2026-09-16
Utah,UT,San Juan,$4.827,2026-09-16
Utah,UT,Sanpete,$4.885,2026-09-16
Utah,UT,Sevier,$4.887,2026-09-16
Utah,UT,Summit,$4.878,2026-09-16
Utah,UT,Tooele,$4.806,2026-09-16
Utah,UT,Uintah,$4.874,2026-09-16
Utah,UT,Utah,$4.772,2026-09-16
Utah,UT,Wasatch,$4.817,2026-09-16
Utah,UT,Washington,$4.898,2026-09-16
Utah,UT,Wayne,$5.141,2026-09-16
Utah,UT,Weber,$4.761,2026-09-16
Vermont,VT,Addison,$4.358,2026-09-16
Vermont,VT,Bennington,$4.275,2026-09-16
Vermont,VT,Caledonia,$4.338,2026-09-16
Vermont,VT,Chittenden,$4.489,2026-09-16
Vermont,VT,Essex,$4.499,2026-09-16
Vermont,VT,Franklin,$4.530,2026-09-16
Vermont,VT,Grand Isle,$4.545,2026-09-16
Vermont,VT,Lamoille,$4.479,2026-09-16
Vermont,VT,Orange,$4.379,2026-09-16
Vermont,VT,Orleans,$4.364,2026-09-16
Vermont,VT,Rutland,$4.355,2026-09-16
Vermont,VT,Washington,$4.463,2026-09-16
Vermont,VT,Windham,$4.359,2026-09-16
Vermont,VT,Windsor,$4.390,2026-09-16
Virginia,VA,Accomack,$4.218,2026-09-16
Virginia,VA,Albemarle,$4.193,2026-09-16
Virginia,VA,Alexandria City,$4.261,2026-09-16
Virginia,VA,Alleghany,$4.029,2026-09-16
Virginia,VA,Amelia,$4.158,2026-09-16
Virginia,VA,Amherst,$4.141,2026-09-16
Virginia,VA,Appomattox,$4.020,2026-09-16
Virginia,VA,Arlington,$4.184,2026-09-16
Virginia,VA,Augusta,$4.088,2026-09-16
Virginia,VA,Bath,$4.149,2026-09-16
Virginia,VA,Bedford,$4.110,2026-09-16
Virginia,VA,Bedford City,$4.025,2026-09-16
Virginia,VA,Bland,$4.051,2026-09-16
Virginia,VA,Botetourt,$4.165,2026-09-16
Virginia,VA,Bristol,$4.059,2026-09-16
Virginia,VA,Brunswick,$4.003,2026-09-16
Virginia,VA,Buchanan,$3.935,2026-09-16
Virginia,VA,Buckingham,$4.057,2026-09-16
Virginia,VA,Buena Vista City,$4.171,2026-09-16
Virginia,VA,Campbell,$4.094,2026-09-16
Virginia,VA,Caroline,$4.090,2026-09-16
Virginia,VA,Carroll,$4.082,2026-09-16
Virginia,VA,Charles City,$4.269,2026-09-16
Virginia,VA,Charlotte,$4.128,2026-09-16
Virginia,VA,Charlottesville City,$4.187,2026-09-16
Virginia,VA,Chesapeake City,$4.159,2026-09-16
Virginia,VA,Chesterfield,$4.162,2026-09-16
Virginia,VA,Clarke,$4.163,2026-09-16
Virginia,VA,Clifton Forge City,$4.115,2026-09-16
Virginia,VA,Colonial Heights City,$4.158,2026-09-16
Virginia,VA,Covington City,$4.141,2026-09-16
Virginia,VA,Craig,$4.172,2026-09-16
Virginia,VA,Culpeper,$4.125,2026-09-16
Virginia,VA,Cumberland,$4.089,2026-09-16
Virginia,VA,Danville City,$4.004,2026-09-16
Virginia,VA,Dickenson,$4.179,2026-09-16
Virginia,VA,Dinwiddie,$4.071,2026-09-16
Virginia,VA,Emporia City,$3.959,2026-09-16
Virginia,VA,Essex,$4.158,2026-09-16
Virginia,VA,Fairfax,$4.247,2026-09-16
Virginia,VA,Fairfax City,$4.197,2026-09-16
Virginia,VA,Falls Church City,$4.177,2026-09-16
Virginia,VA,Fauquier,$4.200,2026-09-16
Virginia,VA,Floyd,$4.194,2026-09-16
Virginia,VA,Fluvanna,$4.206,2026-09-16
Virginia,VA,Franklin,$4.051,2026-09-16
Virginia,VA,Franklin City,$4.193,2026-09-16
Virginia,VA,Frederick,$4.125,2026-09-16
Virginia,VA,Fredericksburg City,$4.141,2026-09-16
Virginia,VA,Galax City,$4.041,2026-09-16
Virginia,VA,Giles,$4.121,2026-09-16
Virginia,VA,Gloucester,$4.088,2026-09-16
Virginia,VA,Goochland,$4.167,2026-09-16
Virginia,VA,Grayson,$4.019,2026-09-16
Virginia,VA,Greene,$4.141,2026-09-16
Virginia,VA,Greensville,$4.004,2026-09-16
Virginia,VA,Halifax,$4.097,2026-09-16
Virginia,VA,Hampton City,$4.142,2026-09-16
Virginia,VA,Hanover,$4.154,2026-09-16
Virginia,VA,Harrisonburg City,$4.011,2026-09-16
Virginia,VA,Henrico,$4.143,2026-09-16
Virginia,VA,Henry,$4.109,2026-09-16
Virginia,VA,Highland,$4.199,2026-09-16
Virginia,VA,Hopewell City,$4.104,2026-09-16
Virginia,VA,Isle of Wight,$4.216,2026-09-16
Virginia,VA,James City,$4.165,2026-09-16
Virginia,VA,King and Queen,$4.055,2026-09-16
Virginia,VA,King George,$4.086,2026-09-16
Virginia,VA,King William,$4.115,2026-09-16
Virginia,VA,Lancaster,$4.199,2026-09-16
Virginia,VA,Lee,$4.029,2026-09-16
Virginia,VA,Lexington City,$4.204,2026-09-16
Virginia,VA,Loudoun,$4.201,2026-09-16
Virginia,VA,Louisa,$4.156,2026-09-16
Virginia,VA,Lunenburg,$4.023,2026-09-16
Virginia,VA,Lynchburg City,$4.117,2026-09-16
Virginia,VA,Madison,$4.193,2026-09-16
Virginia,VA,Manassas City,$4.197,2026-09-16
Virginia,VA,Manassas Park City,,2026-09-16
Virginia,VA,Martinsville City,$4.159,2026-09-16
Virginia,VA,Mathews,$4.191,2026-09-16
Virginia,VA,Mecklenburg,$3.990,2026-09-16
Virginia,VA,Middlesex,$4.096,2026-09-16
Virginia,VA,Montgomery,$4.172,2026-09-16
Virginia,VA,Nelson,$4.288,2026-09-16
Virginia,VA,New Kent,$4.171,2026-09-16
Virginia,VA,Newport News City,$4.158,2026-09-16
Virginia,VA,Norfolk City,$4.179,2026-09-16
Virginia,VA,Northampton,$4.247,2026-09-16
Virginia,VA,Northumberland,$4.192,2026-09-16
Virginia,VA,Norton City,$4.099,2026-09-16
Virginia,VA,Nottoway,$4.050,2026-09-16
Virginia,VA,Orange,$4.197,2026-09-16
Virginia,VA,Page,$4.218,2026-09-16
Virginia,VA,Patrick,$4.075,2026-09-16
Virginia,VA,Petersburg City,$4.073,2026-09-16
Virginia,VA,Pittsylvania,$4.167,2026-09-16
Virginia,VA,Poquoson City,$4.199,2026-09-16
Virginia,VA,Portsmouth City,$4.176,2026-09-16
Virginia,VA,Powhatan,$4.018,2026-09-16
Virginia,VA,Prince Edward,$4.077,2026-09-16
Virginia,VA,Prince George,$4.103,2026-09-16
Virginia,VA,Prince William,$4.202,2026-09-16
Virginia,VA,Pulaski,$4.034,2026-09-16
Virginia,VA,Radford City,$4.108,2026-09-16
Virginia,VA,Rappahannock,$4.149,2026-09-16
Virginia,VA,Richmond,$4.199,2026-09-16
Virginia,VA,Richmond City,$4.177,2026-09-16
Virginia,VA,Roanoke,$4.094,2026-09-16
Virginia,VA,Roanoke City,$4.036,2026-09-16
Virginia,VA,Rockbridge,$4.161,2026-09-16
Virginia,VA,Rockingham,$4.111,2026-09-16
Virginia,VA,Russell,$4.200,2026-09-16
Virginia,VA,Salem,$4.094,2026-09-16
Virginia,VA,Scott,$4.082,2026-09-16
Virginia,VA,Shenandoah,$4.186,2026-09-16
Virginia,VA,Smyth,$4.099,2026-09-16
Virginia,VA,Southampton,$4.136,2026-09-16
Virginia,VA,Spotsylvania,$4.144,2026-09-16
Virginia,VA,Stafford,$4.159,2026-09-16
Virginia,VA,Staunton City,$4.121,2026-09-16
Virginia,VA,Suffolk City,$4.182,2026-09-16
Virginia,VA,Surry,$4.232,2026-09-16
Virginia,VA,Sussex,$4.156,2026-09-16
Virginia,VA,Tazewell,$4.161,2026-09-16
Virginia,VA,Virginia Beach City,$4.170,2026-09-16
Virginia,VA,Warren,$4.071,2026-09-16
Virginia,VA,Washington,$4.135,2026-09-16
Virginia,VA,Waynesboro City,$4.114,2026-09-16
Virginia,VA,Westmoreland,$4.173,2026-09-16
Virginia,VA,Williamsburg City,,2026-09-16
Virginia,VA,Winchester City,$4.153,2026-09-16
Virginia,VA,Wise,$4.114,2026-09-16
Virginia,VA,Wythe,$4.054,2026-09-16
Virginia,VA,York,$4.185,2026-09-16
Washington,WA,Adams,$5.434,2026-09-16
Washington,WA,Asotin,$5.199,2026-09-16
Washington,WA,Benton,$5.425,2026-09-16
Washington,WA,Chelan,$5.556,2026-09-16
Washington,WA,Clallam,$5.754,2026-09-16
Washington,WA,Clark,$5.453,2026-09-16
Washington,WA,Columbia,$5.574,2026-09-16
Washington,WA,Cowlitz,$5.514,2026-09-16
Washington,WA,Douglas,$5.477,2026-09-16
Washington,WA,Ferry,$5.463,2026-09-16
Washington,WA,Franklin,$5.368,2026-09-16
Washington,WA,Garfield,$5.599,2026-09-16
Washington,WA,Grant,$5.479,2026-09-16
Washington,WA,Grays Harbor,$5.733,2026-09-16
Washington,WA,Island,$5.502,2026-09-16
Washington,WA,Jefferson,$5.942,2026-09-16
Washington,WA,King,$5.798,2026-09-16
Washington,WA,Kitsap,$5.647,2026-09-16
Washington,WA,Kittitas,$5.478,2026-09-16
Washington,WA,Klickitat,$5.684,2026-09-16
Washington,WA,Lewis,$5.588,2026-09-16
Washington,WA,Lincoln,$5.445,2026-09-16
Washington,WA,Mason,$5.617,2026-09-16
Washington,WA,Okanogan,$5.497,2026-09-16
Washington,WA,Pacific,$5.955,2026-09-16
Washington,WA,Pend Oreille,$5.452,2026-09-16
Washington,WA,Pierce,$5.615,2026-09-16
Washington,WA,San Juan,$6.389,2026-09-16
Washington,WA,Skagit,$5.354,2026-09-16
Washington,WA,Skamania,$5.799,2026-09-16
Washington,WA,Snohomish,$5.594,2026-09-16
Washington,WA,Spokane,$5.346,2026-09-16
Washington,WA,Stevens,$5.409,2026-09-16
Washington,WA,Thurston,$5.508,2026-09-16
Washington,WA,Wahkiakum,$5.999,2026-09-16
Washington,WA,Walla Walla,$5.569,2026-09-16
Washington,WA,Whatcom,$5.403,2026-09-16
Washington,WA,Whitman,$5.510,2026-09-16
Washington,WA,Yakima,$5.389,2026-09-16
West Virginia,WV,Barbour,$3.969,2026-09-16
West Virginia,WV,Berkeley,$4.131,2026-09-16
West Virginia,WV,Boone,$4.026,2026-09-16
West Virginia,WV,Braxton,$3.946,2026-09-16
West Virginia,WV,Brooke,$4.039,2026-09-16
West Virginia,WV,Cabell,$4.156,2026-09-16
West Virginia,WV,Calhoun,$4.132,2026-09-16
West Virginia,WV,Clay,$4.002,2026-09-16
West Virginia,WV,Doddridge,$4.142,2026-09-16
West Virginia,WV,Fayette,$4.162,2026-09-16
West Virginia,WV,Gilmer,$3.994,2026-09-16
West Virginia,WV,Grant,$4.209,2026-09-16
West Virginia,WV,Greenbrier,$3.917,2026-09-16
West Virginia,WV,Hampshire,$4.223,2026-09-16
West Virginia,WV,Hancock,$4.029,2026-09-16
West Virginia,WV,Hardy,$4.199,2026-09-16
West Virginia,WV,Harrison,$4.194,2026-09-16
West Virginia,WV,Jackson,$4.122,2026-09-16
West Virginia,WV,Jefferson,$4.197,2026-09-16
West Virginia,WV,Kanawha,$4.186,2026-09-16
West Virginia,WV,Lewis,$4.037,2026-09-16
West Virginia,WV,Lincoln,$4.199,2026-09-16
West Virginia,WV,Logan,$4.191,2026-09-16
West Virginia,WV,Marion,$4.127,2026-09-16
West Virginia,WV,Marshall,$3.912,2026-09-16
West Virginia,WV,Mason,$4.145,2026-09-16
West Virginia,WV,McDowell,$4.089,2026-09-16
West Virginia,WV,Mercer,$4.142,2026-09-16
West Virginia,WV,Mineral,$4.099,2026-09-16
West Virginia,WV,Mingo,$4.152,2026-09-16
West Virginia,WV,Monongalia,$4.149,2026-09-16
West Virginia,WV,Monroe,$3.852,2026-09-16
West Virginia,WV,Morgan,$4.166,2026-09-16
West Virginia,WV,Nicholas,$4.173,2026-09-16
West Virginia,WV,Ohio,$4.125,2026-09-16
West Virginia,WV,Pendleton,$4.225,2026-09-16
West Virginia,WV,Pleasants,$3.992,2026-09-16
West Virginia,WV,Pocahontas,$4.087,2026-09-16
West Virginia,WV,Preston,$4.173,2026-09-16
West Virginia,WV,Putnam,$4.201,2026-09-16
West Virginia,WV,Raleigh,$4.193,2026-09-16
West Virginia,WV,Randolph,$3.942,2026-09-16
West Virginia,WV,Ritchie,$4.149,2026-09-16
West Virginia,WV,Roane,$4.119,2026-09-16
West Virginia,WV,Summers,$4.062,2026-09-16
West Virginia,WV,Taylor,$4.167,2026-09-16
West Virginia,WV,Tucker,$4.174,2026-09-16
West Virginia,WV,Tyler,$4.189,2026-09-16
West Virginia,WV,Upshur,$4.241,2026-09-16
West Virginia,WV,Wayne,$4.175,2026-09-16
West Virginia,WV,Webster,$4.149,2026-09-16
West Virginia,WV,Wetzel,$4.137,2026-09-16
West Virginia,WV,Wirt,$4.199,2026-09-16
West Virginia,WV,Wood,$4.180,2026-09-16
West Virginia,WV,Wyoming,$4.059,2026-09-16
Wisconsin,WI,Adams,$4.331,2026-09-16
Wisconsin,WI,Ashland,$4.215,2026-09-16
Wisconsin,WI,Barron,$4.250,2026-09-16
Wisconsin,WI,Bayfield,$4.295,2026-09-16
Wisconsin,WI,Brown,$4.171,2026-09-16
Wisconsin,WI,Buffalo,$4.135,2026-09-16
Wisconsin,WI,Burnett,$4.142,2026-09-16
Wisconsin,WI,Calumet,$4.216,2026-09-16
Wisconsin,WI,Chippewa,$4.175,2026-09-16
Wisconsin,WI,Clark,$4.161,2026-09-16
Wisconsin,WI,Columbia,$4.060,2026-09-16
Wisconsin,WI,Crawford,$4.111,2026-09-16
Wisconsin,WI,Dane,$4.038,2026-09-16
Wisconsin,WI,Dodge,$4.091,2026-09-16
Wisconsin,WI,Door,$4.176,2026-09-16
Wisconsin,WI,Douglas,$4.262,2026-09-16
Wisconsin,WI,Dunn,$4.219,2026-09-16
Wisconsin,WI,Eau Claire,$4.185,2026-09-16
Wisconsin,WI,Florence,$4.292,2026-09-16
Wisconsin,WI,Fond du Lac,$4.005,2026-09-16
Wisconsin,WI,Forest,$4.238,2026-09-16
Wisconsin,WI,Grant,$4.111,2026-09-16
Wisconsin,WI,Green,$4.163,2026-09-16
Wisconsin,WI,Green Lake,$4.163,2026-09-16
Wisconsin,WI,Iowa,$4.096,2026-09-16
Wisconsin,WI,Iron,$4.219,2026-09-16
Wisconsin,WI,Jackson,$4.215,2026-09-16
Wisconsin,WI,Jefferson,$4.090,2026-09-16
Wisconsin,WI,Juneau,$4.033,2026-09-16
Wisconsin,WI,Kenosha,$3.966,2026-09-16
Wisconsin,WI,Kewaunee,$4.176,2026-09-16
Wisconsin,WI,La Crosse,$4.174,2026-09-16
Wisconsin,WI,Lafayette,$4.114,2026-09-16
Wisconsin,WI,Langlade,$4.204,2026-09-16
Wisconsin,WI,Lincoln,$4.090,2026-09-16
Wisconsin,WI,Manitowoc,$4.114,2026-09-16
Wisconsin,WI,Marathon,$4.157,2026-09-16
Wisconsin,WI,Marinette,$4.172,2026-09-16
Wisconsin,WI,Marquette,$4.188,2026-09-16
Wisconsin,WI,Menominee,$3.944,2026-09-16
Wisconsin,WI,Milwaukee,$4.042,2026-09-16
Wisconsin,WI,Monroe,$4.189,2026-09-16
Wisconsin,WI,Oconto,$4.261,2026-09-16
Wisconsin,WI,Oneida,$4.251,2026-09-16
Wisconsin,WI,Outagamie,$4.040,2026-09-16
Wisconsin,WI,Ozaukee,$4.105,2026-09-16
Wisconsin,WI,Pepin,$4.163,2026-09-16
Wisconsin,WI,Pierce,$4.182,2026-09-16
Wisconsin,WI,Polk,$4.136,2026-09-16
Wisconsin,WI,Portage,$4.252,2026-09-16
Wisconsin,WI,Price,$4.217,2026-09-16
Wisconsin,WI,Racine,$4.002,2026-09-16
Wisconsin,WI,Richland,$3.965,2026-09-16
Wisconsin,WI,Rock,$4.153,2026-09-16
Wisconsin,WI,Rusk,$4.192,2026-09-16
Wisconsin,WI,Sauk,$4.059,2026-09-16
Wisconsin,WI,Sawyer,$4.273,2026-09-16
Wisconsin,WI,Shawano,$4.123,2026-09-16
Wisconsin,WI,Sheboygan,$4.050,2026-09-16
Wisconsin,WI,Saint Croix,$4.214,2026-09-16
Wisconsin,WI,Taylor,$4.154,2026-09-16
Wisconsin,WI,Trempealeau,$4.147,2026-09-16
Wisconsin,WI,Vernon,$4.179,2026-09-16
Wisconsin,WI,Vilas,$4.306,2026-09-16
Wisconsin,WI,Walworth,$4.080,2026-09-16
Wisconsin,WI,Washburn,$4.244,2026-09-16
Wisconsin,WI,Washington,$4.064,2026-09-16
Wisconsin,WI,Waukesha,$4.005,2026-09-16
Wisconsin,WI,Waupaca,$4.215,2026-09-16
Wisconsin,WI,Waushara,$4.282,2026-09-16
Wisconsin,WI,Winnebago,$4.041,2026-09-16
Wisconsin,WI,Wood,$4.172,2026-09-16
Wyoming,WY,Albany,$4.367,2026-09-16
Wyoming,WY,Big Horn,$4.430,2026-09-16
Wyoming,WY,Campbell,$4.253,2026-09-16
Wyoming,WY,Carbon,$4.428,2026-09-16
Wyoming,WY,Converse,$4.264,2026-09-16
Wyoming,WY,Crook,$4.268,2026-09-16
Wyoming,WY,Fremont,$4.592,2026-09-16
Wyoming,WY,Goshen,$4.199,2026-09-16
Wyoming,WY,Hot Springs,$4.592,2026-09-16
Wyoming,WY,Johnson,$4.676,2026-09-16
Wyoming,WY,Laramie,$4.264,2026-09-16
Wyoming,WY,Lincoln,$4.789,2026-09-16
Wyoming,WY,Natrona,$4.217,2026-09-16
Wyoming,WY,Niobrara,$4.292,2026-09-16
Wyoming,WY,Park,$4.819,2026-09-16
Wyoming,WY,Platte,$4.781,2026-09-16
Wyoming,WY,Sheridan,$4.459,2026-09-16
Wyoming,WY,Sublette,$4.622,2026-09-16
Wyoming,WY,Sweetwater,$4.463,2026-09-16
Wyoming,WY,Teton,$5.006,2026-09-16
Wyoming,WY,Uinta,$4.768,2026-09-16
Wyoming,WY,Washakie,$4.399,2026-09-16
Wyoming,WY,Weston,$4.399,2026-09-16
